a_id,b_id,pair_strategy,pair_score,is_true_pair,is_same_group,a_group_id,b_group_id
0,4582,propensity_weighted,0.9943374883523449,0,0,35,33
1,571,propensity_weighted,0.9953072715087676,0,1,33,33
2,2251,propensity_weighted,0.995930205317983,0,0,28,45
3,548,propensity_weighted,0.9930749629540037,0,1,25,25
4,3636,propensity_weighted,0.9957687481094496,0,1,43,43
5,1901,propensity_weighted,0.9949934033719203,0,0,40,43
6,3644,propensity_weighted,0.9925457185651734,0,0,35,27
7,375,propensity_weighted,0.9951738268951844,0,0,15,13
8,2339,propensity_weighted,0.9952656001121338,0,0,20,39
9,4804,propensity_weighted,0.9954958668625885,0,0,27,29
10,4603,propensity_weighted,0.9952635475180337,0,1,3,3
11,2525,propensity_weighted,0.99615519893329,0,0,2,11
12,406,propensity_weighted,0.995279353825329,0,0,35,33
13,1430,propensity_weighted,0.9956005885406405,0,1,36,36
14,2066,propensity_weighted,0.9953677510149723,0,0,19,36
15,2212,propensity_weighted,0.9944966209563487,0,0,25,6
16,16,propensity_weighted,0.9934763779997602,1,1,5,5
17,17,propensity_weighted,0.9949186745591019,1,1,46,46
18,1633,propensity_weighted,0.9964981492382352,0,0,18,27
19,4732,propensity_weighted,0.99560694038416,0,0,44,47
20,2900,propensity_weighted,0.9957124266394727,0,0,15,16
21,3162,propensity_weighted,0.9941623090617401,0,1,0,0
22,981,propensity_weighted,0.9962441751524671,0,0,46,47
23,4317,propensity_weighted,0.9903040703431687,0,0,42,26
24,4188,propensity_weighted,0.9962522200672601,0,0,10,25
25,1678,propensity_weighted,0.9953284748816739,0,0,28,45
26,4561,propensity_weighted,0.9949254699035465,0,0,25,32
27,3739,propensity_weighted,0.996616185706089,0,0,5,49
28,4831,propensity_weighted,0.9951579918177241,0,0,23,44
29,4241,propensity_weighted,0.9963715543158224,0,0,10,4
30,1839,propensity_weighted,0.9958873608206724,0,0,30,27
31,31,propensity_weighted,0.9926738745187988,1,1,45,45
32,2837,propensity_weighted,0.9961806131685919,0,0,14,26
33,4276,propensity_weighted,0.9960595892089336,0,0,3,1
34,4855,propensity_weighted,0.9959329963513941,0,0,39,30
35,1745,propensity_weighted,0.9957881243650641,0,0,31,17
36,3600,propensity_weighted,0.9953148880853601,0,0,32,0
37,1845,propensity_weighted,0.9960363642654035,0,0,46,21
38,38,propensity_weighted,0.9944507689289117,1,1,10,10
39,3351,propensity_weighted,0.9956887069135842,0,0,45,44
40,40,propensity_weighted,0.9951008930299177,1,1,23,23
41,1246,propensity_weighted,0.996249736415524,0,0,10,9
42,42,propensity_weighted,0.9920267078157144,1,1,48,48
43,3369,propensity_weighted,0.9941602011143702,0,0,17,10
44,170,propensity_weighted,0.995594874678495,0,0,41,20
45,60,propensity_weighted,0.9958788080894572,0,0,23,20
46,4074,propensity_weighted,0.9950906320861774,0,0,43,30
47,1053,propensity_weighted,0.9963555394132602,0,0,37,18
48,946,propensity_weighted,0.9941387250482686,0,0,6,20
49,928,propensity_weighted,0.9940809897737433,0,0,13,14
50,3107,propensity_weighted,0.9930260666813238,0,0,7,15
51,51,propensity_weighted,0.9961077624337209,1,1,1,1
52,4700,propensity_weighted,0.9936412605836139,0,0,26,42
53,710,propensity_weighted,0.995721733270723,0,1,0,0
54,2258,propensity_weighted,0.9963569341828229,0,0,32,48
55,2253,propensity_weighted,0.9960100188711427,0,0,13,0
56,2399,propensity_weighted,0.9962328190959393,0,0,22,29
57,3328,propensity_weighted,0.9952995302113723,0,1,17,17
58,14,propensity_weighted,0.9955791403925338,0,0,30,19
59,1016,propensity_weighted,0.9934009799603721,0,0,5,29
60,4982,propensity_weighted,0.9961284546309294,0,0,20,32
61,3292,propensity_weighted,0.996168685815884,0,0,28,34
62,2925,propensity_weighted,0.9959396967657197,0,0,32,0
63,3970,propensity_weighted,0.9905916715520768,0,1,5,5
64,1892,propensity_weighted,0.992188978876555,0,0,27,37
65,1101,propensity_weighted,0.9953574760323343,0,0,6,0
66,843,propensity_weighted,0.996234997283974,0,0,33,47
67,3272,propensity_weighted,0.9948224829353941,0,0,35,30
68,2927,propensity_weighted,0.9957018639730669,0,0,8,24
69,3475,propensity_weighted,0.9959733439594614,0,0,22,29
70,453,propensity_weighted,0.9947513882275778,0,0,15,13
71,3702,propensity_weighted,0.9747193391686586,0,0,35,41
72,1801,propensity_weighted,0.9937406358753021,0,0,31,20
73,3932,propensity_weighted,0.989147748736502,0,0,10,19
74,1777,propensity_weighted,0.9946549067043174,0,0,33,6
75,1141,propensity_weighted,0.9952230401292977,0,0,36,41
76,2376,propensity_weighted,0.9947584112969627,0,0,47,43
77,3796,propensity_weighted,0.9960593394848624,0,0,10,22
78,3585,propensity_weighted,0.995757761350461,0,0,2,35
79,1938,propensity_weighted,0.9957762522702149,0,0,28,41
80,3346,propensity_weighted,0.9958679598049165,0,0,44,38
81,2570,propensity_weighted,0.9960608924978215,0,0,20,3
82,3794,propensity_weighted,0.9959103536006808,0,1,9,9
83,1597,propensity_weighted,0.9963633182637696,0,0,1,2
84,396,propensity_weighted,0.9952081698754975,0,0,15,27
85,4294,propensity_weighted,0.9951313072426776,0,0,3,4
86,3407,propensity_weighted,0.9948196317865413,0,1,39,39
87,2217,propensity_weighted,0.9962820230938616,0,0,31,22
88,473,propensity_weighted,0.9948504448167763,0,0,42,43
89,1506,propensity_weighted,0.9959113761875716,0,0,24,32
90,1153,propensity_weighted,0.9950742633167864,0,0,48,36
91,803,propensity_weighted,0.9953260655874583,0,0,20,19
92,2247,propensity_weighted,0.995691551377541,0,0,34,36
93,93,propensity_weighted,0.9905466748089431,1,1,45,45
94,4648,propensity_weighted,0.9954635141258145,0,1,47,47
95,3713,propensity_weighted,0.9949451058934656,0,0,38,30
96,4662,propensity_weighted,0.9946820266489765,0,1,11,11
97,554,propensity_weighted,0.9964190316076098,0,0,39,37
98,1980,propensity_weighted,0.9958198702323263,0,0,47,37
99,3336,propensity_weighted,0.9958796746203048,0,0,22,25
100,4864,propensity_weighted,0.9964027649366427,0,1,45,45
101,2040,propensity_weighted,0.9952961022022152,0,0,6,15
102,3927,propensity_weighted,0.9961400094778544,0,0,47,41
103,3469,propensity_weighted,0.9942791873905349,0,0,0,42
104,3663,propensity_weighted,0.9961437159324695,0,0,30,36
105,1198,propensity_weighted,0.9961822424987605,0,0,21,14
106,3475,propensity_weighted,0.9954861842292863,0,1,29,29
107,3092,propensity_weighted,0.9952911005512292,0,1,2,2
108,3670,propensity_weighted,0.9961914048529968,0,1,10,10
109,3891,propensity_weighted,0.9962435595577522,0,0,38,24
110,110,propensity_weighted,0.9905332248704264,1,1,46,46
111,2205,propensity_weighted,0.995967961114832,0,0,38,2
112,4969,propensity_weighted,0.996220741580959,0,0,29,5
113,458,propensity_weighted,0.9947788975525488,0,0,26,17
114,4281,propensity_weighted,0.9947549019815703,0,0,30,34
115,3076,propensity_weighted,0.9949585478996273,0,0,38,30
116,4251,propensity_weighted,0.9956906334397262,0,0,38,47
117,3525,propensity_weighted,0.9937734743621539,0,0,34,49
118,1539,propensity_weighted,0.9963272748371086,0,0,1,13
119,4053,propensity_weighted,0.9963955270986666,0,0,36,38
120,4490,propensity_weighted,0.9956191534791612,0,0,0,4
121,935,propensity_weighted,0.9945072059529911,0,0,34,28
122,122,propensity_weighted,0.9962478592723782,1,1,45,45
123,2982,propensity_weighted,0.9937897506505693,0,0,29,40
124,1274,propensity_weighted,0.9949439806238765,0,0,1,6
125,2534,propensity_weighted,0.9960810089986786,0,0,44,36
126,3945,propensity_weighted,0.9948968334766967,0,1,20,20
127,3758,propensity_weighted,0.9954825291443907,0,0,8,24
128,2206,propensity_weighted,0.9963684285623939,0,1,29,29
129,2677,propensity_weighted,0.995370344512237,0,0,34,35
130,4278,propensity_weighted,0.9938907762459098,0,0,6,1
131,3726,propensity_weighted,0.9949560080747923,0,0,1,16
132,3004,propensity_weighted,0.9929059982311812,0,0,49,46
133,2885,propensity_weighted,0.994913687178047,0,1,12,12
134,2335,propensity_weighted,0.9957412053261938,0,0,45,47
135,135,propensity_weighted,0.9868754988139561,1,1,8,8
136,1379,propensity_weighted,0.9963738229160194,0,0,40,37
137,1372,propensity_weighted,0.9960700067427467,0,0,22,39
138,1737,propensity_weighted,0.9957897245797693,0,0,39,10
139,3070,propensity_weighted,0.9944756139353651,0,0,41,47
140,3274,propensity_weighted,0.9959479045547411,0,0,31,41
141,1224,propensity_weighted,0.9954903309662079,0,0,46,44
142,4283,propensity_weighted,0.9940953125582297,0,0,10,13
143,651,propensity_weighted,0.9945631348605676,0,0,21,18
144,1893,propensity_weighted,0.9953921081391789,0,1,9,9
145,1450,propensity_weighted,0.9952896283253612,0,0,37,48
146,3777,propensity_weighted,0.9955824749516239,0,0,43,42
147,4662,propensity_weighted,0.9929273835530724,0,1,11,11
148,1447,propensity_weighted,0.9954695560463767,0,0,49,38
149,2376,propensity_weighted,0.9965418616754197,0,0,30,43
150,2197,propensity_weighted,0.9955312736959936,0,0,33,24
151,4538,propensity_weighted,0.9964112779386896,0,1,1,1
152,4709,propensity_weighted,0.9950121779715632,0,0,34,27
153,3427,propensity_weighted,0.9958699356748522,0,0,17,7
154,2583,propensity_weighted,0.9949333640522636,0,0,14,7
155,2694,propensity_weighted,0.995729695813188,0,0,43,39
156,199,propensity_weighted,0.9935152951911637,0,0,6,0
157,2779,propensity_weighted,0.9954496779940967,0,0,31,38
158,2041,propensity_weighted,0.9956423485940401,0,0,23,30
159,1162,propensity_weighted,0.9962700378163585,0,1,16,16
160,179,propensity_weighted,0.996222913829198,0,1,16,16
161,4846,propensity_weighted,0.9958446515553216,0,0,16,23
162,3355,propensity_weighted,0.9957195168493606,0,1,8,8
163,793,propensity_weighted,0.995236506695887,0,0,13,5
164,4091,propensity_weighted,0.9953156700464099,0,0,48,44
165,4217,propensity_weighted,0.9965035807620345,0,1,32,32
166,3818,propensity_weighted,0.9949426486712378,0,0,10,11
167,3856,propensity_weighted,0.996541288695286,0,1,36,36
168,4657,propensity_weighted,0.9963397105539535,0,0,32,10
169,351,propensity_weighted,0.995061711807659,0,0,19,20
170,4863,propensity_weighted,0.9964287705859085,0,0,20,2
171,2686,propensity_weighted,0.9960889469103872,0,0,23,38
172,1641,propensity_weighted,0.9963072032940545,0,0,27,18
173,2548,propensity_weighted,0.9943961955479355,0,0,22,25
174,4555,propensity_weighted,0.994813870910335,0,0,48,25
175,95,propensity_weighted,0.9939451370684552,0,0,34,38
176,762,propensity_weighted,0.9914606379011851,0,0,28,8
177,177,propensity_weighted,0.9943724051252685,1,1,2,2
178,2733,propensity_weighted,0.996473377511477,0,0,7,21
179,4326,propensity_weighted,0.9953451026371332,0,0,16,0
180,4452,propensity_weighted,0.9955627080498715,0,0,0,4
181,3757,propensity_weighted,0.9930783666202605,0,0,48,24
182,1828,propensity_weighted,0.9950228673220546,0,1,0,0
183,183,propensity_weighted,0.9946774920448087,1,1,6,6
184,630,propensity_weighted,0.99501421646479,0,0,31,41
185,326,propensity_weighted,0.9957052186746661,0,0,49,43
186,165,propensity_weighted,0.9965061964020494,0,1,32,32
187,568,propensity_weighted,0.9961114080494838,0,0,49,44
188,2264,propensity_weighted,0.9940840609700669,0,0,47,40
189,3654,propensity_weighted,0.9955486546956607,0,0,24,3
190,3142,propensity_weighted,0.9559193093702465,0,1,46,46
191,3602,propensity_weighted,0.9956509979452912,0,1,44,44
192,2122,propensity_weighted,0.9951569027082556,0,0,31,32
193,2387,propensity_weighted,0.9960761563017567,0,0,7,5
194,3737,propensity_weighted,0.9961380071673719,0,0,14,3
195,2195,propensity_weighted,0.9963486031945371,0,0,29,22
196,627,propensity_weighted,0.9957798958857212,0,0,44,33
197,2768,propensity_weighted,0.9959024128391454,0,0,45,28
198,4381,propensity_weighted,0.9960488687954052,0,0,3,12
199,1964,propensity_weighted,0.9961821697401739,0,0,0,19
200,2814,propensity_weighted,0.9960627253467909,0,0,13,6
201,3084,propensity_weighted,0.995874853095325,0,0,39,37
202,3080,propensity_weighted,0.9942760759111007,0,0,4,0
203,2497,propensity_weighted,0.9955273552388699,0,1,3,3
204,3882,propensity_weighted,0.9953946634806405,0,0,25,8
205,1605,propensity_weighted,0.9954903504261517,0,0,45,47
206,4220,propensity_weighted,0.9924583924693157,0,0,49,46
207,3475,propensity_weighted,0.9961574453138209,0,0,5,29
208,1406,propensity_weighted,0.9962051757875183,0,0,38,33
209,3040,propensity_weighted,0.9939995337629702,0,0,45,42
210,1229,propensity_weighted,0.9958583111410145,0,0,16,37
211,1197,propensity_weighted,0.9950408690133471,0,1,27,27
212,4638,propensity_weighted,0.995270851830319,0,0,36,2
213,362,propensity_weighted,0.9962507666625828,0,0,39,16
214,214,propensity_weighted,0.9917590577524917,1,1,8,8
215,4964,propensity_weighted,0.9938432416423306,0,0,46,36
216,364,propensity_weighted,0.9966416274271606,0,0,4,13
217,1287,propensity_weighted,0.9959624793308708,0,0,24,23
218,3134,propensity_weighted,0.9960423415808942,0,0,39,31
219,3898,propensity_weighted,0.9953731520375073,0,0,19,2
220,379,propensity_weighted,0.9933620384754559,0,0,35,13
221,3509,propensity_weighted,0.9922488392369202,0,0,31,32
222,1506,propensity_weighted,0.9965266247366645,0,0,3,32
223,3335,propensity_weighted,0.9946098070763278,0,0,7,22
224,4549,propensity_weighted,0.996039868962499,0,0,19,15
225,1445,propensity_weighted,0.9962070536989186,0,0,45,33
226,3874,propensity_weighted,0.9953361271501999,0,0,48,27
227,2093,propensity_weighted,0.9953406809682667,0,0,44,1
228,2722,propensity_weighted,0.9939141967028335,0,0,17,37
229,3395,propensity_weighted,0.9936339235476266,0,0,19,27
230,1770,propensity_weighted,0.9961606749445463,0,0,30,28
231,1090,propensity_weighted,0.9955740373951198,0,0,34,36
232,2569,propensity_weighted,0.9963256023113345,0,0,10,12
233,3215,propensity_weighted,0.9959591130960687,0,0,5,4
234,3840,propensity_weighted,0.9961588597068805,0,0,27,37
235,1552,propensity_weighted,0.9961967098834592,0,0,11,2
236,4629,propensity_weighted,0.9955349330766627,0,0,30,17
237,237,propensity_weighted,0.9947940728889355,1,1,37,37
238,238,propensity_weighted,0.9876309394388357,1,1,48,48
239,1458,propensity_weighted,0.993854207717451,0,0,48,49
240,3634,propensity_weighted,0.9957149601818259,0,0,15,16
241,2475,propensity_weighted,0.9363715734933042,0,0,4,1
242,1652,propensity_weighted,0.9961824174136712,0,0,33,23
243,4369,propensity_weighted,0.9961118654900177,0,0,18,16
244,1557,propensity_weighted,0.9944784030208306,0,0,39,31
245,245,propensity_weighted,0.9956735427239529,1,1,11,11
246,49,propensity_weighted,0.9953485126553421,0,0,22,13
247,2340,propensity_weighted,0.9964407645304003,0,0,15,19
248,3220,propensity_weighted,0.9944791019946342,0,1,29,29
249,1277,propensity_weighted,0.9954654904655539,0,0,48,49
250,2272,propensity_weighted,0.9951541361295078,0,0,7,22
251,251,propensity_weighted,0.9950623233944471,1,1,31,31
252,2319,propensity_weighted,0.9953092936654008,0,0,30,39
253,2109,propensity_weighted,0.9951808021368459,0,0,43,38
254,2284,propensity_weighted,0.9954758324381842,0,0,37,17
255,281,propensity_weighted,0.9959190737716835,0,0,31,41
256,2298,propensity_weighted,0.9854796919758129,0,1,43,43
257,2658,propensity_weighted,0.9954779439358695,0,1,39,39
258,1138,propensity_weighted,0.9957329743065196,0,0,10,18
259,259,propensity_weighted,0.9950246930998792,1,1,19,19
260,1559,propensity_weighted,0.9941303501112321,0,1,38,38
261,2816,propensity_weighted,0.9965146001729616,0,0,41,47
262,449,propensity_weighted,0.9953576038983561,0,0,16,3
263,2413,propensity_weighted,0.9949318254180511,0,0,49,42
264,1363,propensity_weighted,0.9921945688801445,0,0,38,45
265,2803,propensity_weighted,0.9938441557256005,0,0,7,24
266,2060,propensity_weighted,0.9954069022776838,0,0,39,16
267,267,propensity_weighted,0.996647863152193,1,1,30,30
268,2458,propensity_weighted,0.9940886445787261,0,0,2,17
269,3959,propensity_weighted,0.9954300985530271,0,0,29,13
270,3847,propensity_weighted,0.9953216223121899,0,1,11,11
271,4706,propensity_weighted,0.9955113212616005,0,0,35,16
272,3090,propensity_weighted,0.996263124205215,0,0,17,18
273,447,propensity_weighted,0.9881430114227719,0,1,37,37
274,274,propensity_weighted,0.9953563402489068,1,1,45,45
275,2622,propensity_weighted,0.9927501116607828,0,0,36,43
276,4903,propensity_weighted,0.9956296837228057,0,0,4,14
277,2908,propensity_weighted,0.9903304848398057,0,0,14,8
278,3456,propensity_weighted,0.9935156863987665,0,0,17,8
279,2782,propensity_weighted,0.9960791783315796,0,0,45,47
280,4256,propensity_weighted,0.9920841909447958,0,0,3,8
281,184,propensity_weighted,0.9891159360950852,0,0,41,31
282,4894,propensity_weighted,0.9926422295111539,0,0,29,14
283,1252,propensity_weighted,0.9879372395447338,0,1,49,49
284,402,propensity_weighted,0.9962150280930739,0,1,8,8
285,1769,propensity_weighted,0.9930703685528832,0,0,17,31
286,286,propensity_weighted,0.9958203608575195,1,1,9,9
287,152,propensity_weighted,0.9963740868184505,0,0,27,34
288,1367,propensity_weighted,0.9961634969837124,0,0,33,41
289,1479,propensity_weighted,0.9958479147104924,0,0,27,21
290,2060,propensity_weighted,0.9958820967745474,0,0,24,16
291,291,propensity_weighted,0.9916734085643699,1,1,46,46
292,1688,propensity_weighted,0.9964669326301187,0,0,7,17
293,4916,propensity_weighted,0.9962339943765047,0,1,11,11
294,4955,propensity_weighted,0.9961532111682752,0,0,16,13
295,295,propensity_weighted,0.9951977606403342,1,1,15,15
296,2168,propensity_weighted,0.995554376964979,0,0,29,43
297,2163,propensity_weighted,0.9966029831211504,0,0,24,20
298,3090,propensity_weighted,0.9954873191633095,0,0,17,18
299,299,propensity_weighted,0.9939286353114648,1,1,12,12
300,4200,propensity_weighted,0.9947017835074521,0,0,3,9
301,3908,propensity_weighted,0.9957442302458908,0,1,47,47
302,3153,propensity_weighted,0.9941140107415964,0,0,35,28
303,303,propensity_weighted,0.9924337279733401,1,1,47,47
304,302,propensity_weighted,0.9946654001643545,0,0,34,35
305,3967,propensity_weighted,0.9945311737809336,0,0,8,28
306,2806,propensity_weighted,0.9895517619337534,0,1,6,6
307,389,propensity_weighted,0.9950574380936784,0,0,40,21
308,1347,propensity_weighted,0.9961812589351111,0,1,18,18
309,124,propensity_weighted,0.9961808842340356,0,0,6,1
310,4651,propensity_weighted,0.9932818385962585,0,0,2,3
311,2311,propensity_weighted,0.9958798772435046,0,0,31,32
312,312,propensity_weighted,0.9945389250653086,1,1,31,31
313,777,propensity_weighted,0.9917654554269274,0,0,14,2
314,314,propensity_weighted,0.9957629823422405,1,1,11,11
315,2701,propensity_weighted,0.9958675749840433,0,1,21,21
316,2489,propensity_weighted,0.994857548436454,0,0,43,35
317,2887,propensity_weighted,0.9942249962199589,0,0,7,21
318,3309,propensity_weighted,0.9945811079341256,0,0,42,49
319,111,propensity_weighted,0.9953954234593227,0,0,23,38
320,1024,propensity_weighted,0.9959224673468593,0,0,23,3
321,1902,propensity_weighted,0.996005326649889,0,0,15,20
322,4338,propensity_weighted,0.9957473761585593,0,0,40,42
323,11,propensity_weighted,0.9946709647947138,0,0,1,2
324,4429,propensity_weighted,0.9950884225819444,0,0,19,47
325,4404,propensity_weighted,0.9942780351036216,0,0,5,8
326,4578,propensity_weighted,0.9962328136250345,0,0,43,49
327,3903,propensity_weighted,0.9934494612097855,0,0,34,47
328,974,propensity_weighted,0.9963479652318852,0,0,24,43
329,147,propensity_weighted,0.9805905103698033,0,1,11,11
330,2066,propensity_weighted,0.9956552621353877,0,0,35,36
331,3463,propensity_weighted,0.9942556238952686,0,0,47,45
332,2755,propensity_weighted,0.9954515111535545,0,0,15,39
333,3832,propensity_weighted,0.995720996932535,0,0,24,19
334,1472,propensity_weighted,0.9935737864080987,0,1,12,12
335,4494,propensity_weighted,0.9947547610203707,0,0,0,13
336,720,propensity_weighted,0.9953586133512095,0,0,21,46
337,4621,propensity_weighted,0.9954095388560241,0,0,23,2
338,483,propensity_weighted,0.9950956787830095,0,0,29,22
339,1921,propensity_weighted,0.9961605343227401,0,0,6,9
340,4809,propensity_weighted,0.9949829413809088,0,0,47,37
341,3730,propensity_weighted,0.9948833300079588,0,0,41,44
342,4625,propensity_weighted,0.9932730392928157,0,0,11,6
343,2206,propensity_weighted,0.9953466221935636,0,0,4,29
344,2693,propensity_weighted,0.9956049187251188,0,0,25,40
345,4964,propensity_weighted,0.9953558274396431,0,0,19,36
346,260,propensity_weighted,0.9950192645302592,0,0,26,38
347,4414,propensity_weighted,0.996222281849975,0,0,30,22
348,438,propensity_weighted,0.9947951219872243,0,0,35,40
349,1225,propensity_weighted,0.9957406212402217,0,1,46,46
350,4106,propensity_weighted,0.9954909451706114,0,0,32,10
351,351,propensity_weighted,0.9911328561341269,1,1,20,20
352,2777,propensity_weighted,0.9945260840849437,0,0,3,30
353,205,propensity_weighted,0.9962229613050319,0,0,44,45
354,2336,propensity_weighted,0.9958635525880787,0,0,17,31
355,355,propensity_weighted,0.9904979316888277,1,1,19,19
356,143,propensity_weighted,0.9961750962899364,0,0,18,21
357,454,propensity_weighted,0.996004540576974,0,0,7,23
358,3158,propensity_weighted,0.9952522050722575,0,0,24,33
359,4451,propensity_weighted,0.9956397723561514,0,0,10,0
360,360,propensity_weighted,0.9950753346148808,1,1,17,17
361,1366,propensity_weighted,0.9929126032780184,0,0,11,36
362,1591,propensity_weighted,0.9953935573430531,0,0,16,39
363,2794,propensity_weighted,0.9928194248327595,0,0,1,14
364,2513,propensity_weighted,0.9965874848522285,0,0,13,4
365,1546,propensity_weighted,0.9957287330696756,0,0,38,40
366,3285,propensity_weighted,0.9959491192729998,0,0,40,33
367,4404,propensity_weighted,0.9951194945669101,0,0,5,8
368,3634,propensity_weighted,0.9959866667485024,0,0,24,16
369,4867,propensity_weighted,0.9940289140428455,0,1,0,0
370,3845,propensity_weighted,0.9952946824061545,0,0,33,47
371,2974,propensity_weighted,0.9961278619687582,0,0,18,16
372,3994,propensity_weighted,0.9958098573647092,0,0,27,13
373,4594,propensity_weighted,0.996006664589895,0,0,18,15
374,1303,propensity_weighted,0.9911628936330991,0,0,19,32
375,4375,propensity_weighted,0.9958617798076459,0,0,13,21
376,92,propensity_weighted,0.9957785032351774,0,0,36,34
377,3023,propensity_weighted,0.9950331259079719,0,0,45,49
378,3415,propensity_weighted,0.995465586868528,0,0,3,35
379,877,propensity_weighted,0.9960539964640036,0,0,13,21
380,4206,propensity_weighted,0.9959381557415979,0,0,34,26
381,2175,propensity_weighted,0.996265450666611,0,0,41,45
382,1225,propensity_weighted,0.9939510304281258,0,0,29,46
383,1653,propensity_weighted,0.9953342470330069,0,1,33,33
384,256,propensity_weighted,0.9953805017762959,0,0,48,43
385,4629,propensity_weighted,0.9952302168412797,0,0,10,17
386,3718,propensity_weighted,0.9960264487631081,0,1,26,26
387,555,propensity_weighted,0.9953063644544308,0,0,20,32
388,1778,propensity_weighted,0.9937801254590766,0,0,34,30
389,307,propensity_weighted,0.9962545891043523,0,0,21,40
390,3016,propensity_weighted,0.9958454022715792,0,0,13,19
391,1977,propensity_weighted,0.9943049706911166,0,0,27,7
392,392,propensity_weighted,0.9943663278675662,1,1,32,32
393,877,propensity_weighted,0.9935237180170291,0,0,29,21
394,3943,propensity_weighted,0.9917701944880508,0,0,33,26
395,3349,propensity_weighted,0.9948128146723786,0,0,33,24
396,4263,propensity_weighted,0.9952926258493106,0,1,27,27
397,4538,propensity_weighted,0.9962091214697,0,0,19,1
398,4299,propensity_weighted,0.9942246503300035,0,0,36,26
399,2607,propensity_weighted,0.9946817027639854,0,0,16,11
400,2414,propensity_weighted,0.9953903498695468,0,0,10,6
401,3994,propensity_weighted,0.9962082288823261,0,0,27,13
402,402,propensity_weighted,0.9955708082856841,1,1,8,8
403,4221,propensity_weighted,0.9943212897028388,0,0,34,26
404,4916,propensity_weighted,0.9941588756370487,0,1,11,11
405,3721,propensity_weighted,0.9939672453488287,0,0,46,48
406,4547,propensity_weighted,0.9925369287779283,0,0,33,28
407,591,propensity_weighted,0.9930079555034317,0,0,48,39
408,1259,propensity_weighted,0.980239285249408,0,0,20,46
409,768,propensity_weighted,0.9939882737537106,0,1,41,41
410,410,propensity_weighted,0.9942174255990021,1,1,5,5
411,320,propensity_weighted,0.9954630091908687,0,0,9,23
412,2261,propensity_weighted,0.9935142462722697,0,1,12,12
413,2362,propensity_weighted,0.9957047232588637,0,0,28,45
414,2513,propensity_weighted,0.9958684728308671,0,1,4,4
415,1511,propensity_weighted,0.9902211864943999,0,0,14,34
416,2291,propensity_weighted,0.9940014522993522,0,0,49,45
417,417,propensity_weighted,0.9964818156405953,1,1,4,4
418,592,propensity_weighted,0.9964277339464748,0,0,15,16
419,4964,propensity_weighted,0.9959627528583515,0,0,46,36
420,4988,propensity_weighted,0.9938529260569395,0,0,19,37
421,1913,propensity_weighted,0.9958232294206355,0,0,44,23
422,1643,propensity_weighted,0.9954411531992332,0,1,43,43
423,2200,propensity_weighted,0.9953049119822244,0,1,29,29
424,2393,propensity_weighted,0.9947128245924715,0,1,0,0
425,3709,propensity_weighted,0.9928369680844801,0,0,33,44
426,1275,propensity_weighted,0.9949127236061253,0,1,2,2
427,427,propensity_weighted,0.9963335256216665,1,1,26,26
428,1364,propensity_weighted,0.9943304626445891,0,0,48,39
429,1108,propensity_weighted,0.994327857069194,0,0,12,25
430,2491,propensity_weighted,0.9946464265734032,0,0,11,41
431,3317,propensity_weighted,0.9950052311574137,0,0,36,19
432,1047,propensity_weighted,0.9956305641107575,0,0,6,15
433,4953,propensity_weighted,0.994662682435685,0,1,8,8
434,2639,propensity_weighted,0.9961189520147097,0,0,45,44
435,1837,propensity_weighted,0.9954254806161058,0,0,18,39
436,1320,propensity_weighted,0.9932815425010337,0,0,22,32
437,4972,propensity_weighted,0.9957064800901207,0,0,19,15
438,4826,propensity_weighted,0.9952636035355262,0,1,40,40
439,162,propensity_weighted,0.9957596073822195,0,0,9,8
440,4903,propensity_weighted,0.9955629776882498,0,0,18,14
441,441,propensity_weighted,0.9817676339612844,1,1,2,2
442,938,propensity_weighted,0.9964693033832799,0,0,24,20
443,3104,propensity_weighted,0.9954120921704437,0,0,29,46
444,4333,propensity_weighted,0.9954450890831846,0,0,10,4
445,357,propensity_weighted,0.9946108313798881,0,0,17,7
446,4852,propensity_weighted,0.994471440941275,0,0,39,40
447,2589,propensity_weighted,0.9909979130496831,0,1,37,37
448,510,propensity_weighted,0.9948486224714145,0,0,33,48
449,2461,propensity_weighted,0.9959771189921789,0,0,3,4
450,4814,propensity_weighted,0.9960013826824852,0,0,4,1
451,451,propensity_weighted,0.9667901592392405,1,1,3,3
452,1519,propensity_weighted,0.9960433200983525,0,0,24,8
453,1693,propensity_weighted,0.9955130126320982,0,0,13,43
454,1132,propensity_weighted,0.9947869006422032,0,0,23,25
455,3332,propensity_weighted,0.9945251590760295,0,0,6,13
456,1850,propensity_weighted,0.995484091950465,0,0,48,44
457,352,propensity_weighted,0.996005416816507,0,0,12,3
458,4838,propensity_weighted,0.9947260183884672,0,0,17,31
459,1830,propensity_weighted,0.9964733834162266,0,0,19,36
460,2211,propensity_weighted,0.9964984554180221,0,0,43,29
461,3768,propensity_weighted,0.9926159789320685,0,0,31,33
462,4385,propensity_weighted,0.9954000891760315,0,0,49,47
463,2109,propensity_weighted,0.9948991420494401,0,0,43,38
464,391,propensity_weighted,0.9939044218054373,0,0,36,27
465,569,propensity_weighted,0.9953633191616078,0,0,30,43
466,3230,propensity_weighted,0.9956963888298056,0,0,27,36
467,2135,propensity_weighted,0.9921548547842213,0,1,42,42
468,2182,propensity_weighted,0.9949904169018975,0,0,36,22
469,4830,propensity_weighted,0.9959856284898574,0,0,33,45
470,765,propensity_weighted,0.9949620807002826,0,0,29,43
471,3384,propensity_weighted,0.995452199098349,0,0,30,22
472,1039,propensity_weighted,0.9960989108184016,0,0,22,17
473,1609,propensity_weighted,0.9940732694167063,0,0,43,46
474,3701,propensity_weighted,0.995904551450083,0,0,14,20
475,3564,propensity_weighted,0.9946470668495342,0,0,16,0
476,665,propensity_weighted,0.9963935956978729,0,0,16,15
477,3941,propensity_weighted,0.9946590063682129,0,0,14,4
478,3729,propensity_weighted,0.9961058270014607,0,0,45,38
479,2544,propensity_weighted,0.9963245920277757,0,0,20,35
480,480,propensity_weighted,0.9944680529077032,1,1,31,31
481,779,propensity_weighted,0.99629120110721,0,0,16,29
482,4525,propensity_weighted,0.9960203779778486,0,0,12,3
483,765,propensity_weighted,0.9957254684008058,0,0,22,43
484,4911,propensity_weighted,0.990982902738267,0,0,13,32
485,2219,propensity_weighted,0.9960528503759474,0,0,16,22
486,4808,propensity_weighted,0.9922758531856585,0,0,25,27
487,3506,propensity_weighted,0.9918103100838045,0,1,10,10
488,485,propensity_weighted,0.9958654096184283,0,0,15,16
489,3071,propensity_weighted,0.9947715791085006,0,0,17,20
490,282,propensity_weighted,0.9964749822202672,0,0,26,29
491,491,propensity_weighted,0.9941068486808136,1,1,22,22
492,4365,propensity_weighted,0.9910623343471554,0,0,0,4
493,2276,propensity_weighted,0.9952542539262085,0,1,11,11
494,2163,propensity_weighted,0.9962052439163107,0,0,33,20
495,4846,propensity_weighted,0.9949056047060477,0,0,35,23
496,3729,propensity_weighted,0.995426082699042,0,0,45,38
497,3002,propensity_weighted,0.99574279225412,0,0,43,44
498,4093,propensity_weighted,0.99605441834914,0,0,39,46
499,1168,propensity_weighted,0.9965433513230212,0,0,8,22
500,2412,propensity_weighted,0.9958182845059885,0,0,30,35
501,1984,propensity_weighted,0.9958184160143294,0,0,6,30
502,3630,propensity_weighted,0.9921964324805118,0,0,5,26
503,52,propensity_weighted,0.9943236619847777,0,1,26,26
504,164,propensity_weighted,0.9952110303324991,0,0,44,48
505,3685,propensity_weighted,0.9958006759378705,0,1,47,47
506,2678,propensity_weighted,0.9963412745885106,0,0,39,29
507,3874,propensity_weighted,0.996274204432623,0,1,27,27
508,3105,propensity_weighted,0.9954853682590414,0,0,28,10
509,322,propensity_weighted,0.9955876868948266,0,0,49,40
510,1362,propensity_weighted,0.9911404702597817,0,0,48,24
511,4194,propensity_weighted,0.9944715839172563,0,0,20,0
512,4022,propensity_weighted,0.9962309182313769,0,0,32,17
513,3417,propensity_weighted,0.9947570054059665,0,0,49,44
514,514,propensity_weighted,0.9960130160307247,1,1,14,14
515,2976,propensity_weighted,0.9963902256679373,0,0,23,2
516,2283,propensity_weighted,0.9899747370854928,0,1,8,8
517,352,propensity_weighted,0.9949811883531142,0,0,12,3
518,518,propensity_weighted,0.9960452953616316,1,1,6,6
519,4280,propensity_weighted,0.9955538815087197,0,0,41,38
520,2881,propensity_weighted,0.9936501068682578,0,1,3,3
521,3990,propensity_weighted,0.9949524434068885,0,1,20,20
522,3610,propensity_weighted,0.995757423844016,0,1,15,15
523,2820,propensity_weighted,0.9965807339662185,0,1,9,9
524,3177,propensity_weighted,0.9930154611643394,0,0,15,5
525,4938,propensity_weighted,0.9951802695487161,0,1,15,15
526,4059,propensity_weighted,0.9949554829126729,0,1,31,31
527,1828,propensity_weighted,0.9965948340388541,0,1,0,0
528,1325,propensity_weighted,0.9958804624351357,0,0,33,24
529,3217,propensity_weighted,0.9951273515332577,0,0,24,9
530,971,propensity_weighted,0.9952769365141882,0,0,8,48
531,2797,propensity_weighted,0.9931493135144477,0,0,7,2
532,1468,propensity_weighted,0.9959424547434571,0,1,41,41
533,4333,propensity_weighted,0.9951423243799322,0,0,10,4
534,1855,propensity_weighted,0.9947217161962987,0,0,3,21
535,1411,propensity_weighted,0.9950848484332223,0,1,37,37
536,3074,propensity_weighted,0.9840770463646157,0,0,46,19
537,537,propensity_weighted,0.9955134771290227,1,1,8,8
538,1886,propensity_weighted,0.9938115611859301,0,0,27,7
539,1535,propensity_weighted,0.9960900855550471,0,0,29,22
540,4313,propensity_weighted,0.9963053895865994,0,0,21,23
541,2639,propensity_weighted,0.9957831176963176,0,0,45,44
542,3513,propensity_weighted,0.995648123777318,0,0,23,9
543,544,propensity_weighted,0.9953529097384167,0,0,22,48
544,436,propensity_weighted,0.9930215488410805,0,0,48,22
545,4754,propensity_weighted,0.9956415772221484,0,0,34,7
546,1497,propensity_weighted,0.9953179653271645,0,0,40,15
547,3171,propensity_weighted,0.9963065787606423,0,0,42,29
548,552,propensity_weighted,0.9958910064721351,0,1,25,25
549,3435,propensity_weighted,0.9910971470310661,0,0,33,18
550,2099,propensity_weighted,0.995252084978442,0,0,46,21
551,4464,propensity_weighted,0.9963097104014417,0,0,31,26
552,548,propensity_weighted,0.9958188953656129,0,1,25,25
553,553,propensity_weighted,0.9955568075615052,1,1,26,26
554,4373,propensity_weighted,0.9954627365548101,0,1,37,37
555,34,propensity_weighted,0.9946770120053925,0,0,32,39
556,1653,propensity_weighted,0.9965060004252475,0,0,24,33
557,233,propensity_weighted,0.994738216570428,0,0,12,5
558,558,propensity_weighted,0.9949178703421216,1,1,38,38
559,2117,propensity_weighted,0.9940698016314428,0,0,40,48
560,4088,propensity_weighted,0.9960759618905112,0,0,33,31
561,1262,propensity_weighted,0.9963245824566811,0,0,2,1
562,4399,propensity_weighted,0.9951937029952733,0,1,4,4
563,3385,propensity_weighted,0.9955122417864132,0,0,43,39
564,52,propensity_weighted,0.9930608977596785,0,0,23,26
565,554,propensity_weighted,0.996484389986163,0,0,40,37
566,3837,propensity_weighted,0.9958427880728055,0,0,39,36
567,2788,propensity_weighted,0.9946789273619141,0,0,45,28
568,3420,propensity_weighted,0.995678186980363,0,1,44,44
569,1696,propensity_weighted,0.9946837866250449,0,0,43,38
570,3300,propensity_weighted,0.9960046782393883,0,1,18,18
571,10,propensity_weighted,0.9951488687106915,0,0,33,3
572,3253,propensity_weighted,0.9955806060733813,0,0,39,21
573,4022,propensity_weighted,0.993281728326888,0,1,17,17
574,2883,propensity_weighted,0.9933326024676047,0,0,47,41
575,803,propensity_weighted,0.9955019236164727,0,0,20,19
576,2520,propensity_weighted,0.9955369737655247,0,0,36,14
577,1061,propensity_weighted,0.9960998052659946,0,0,29,48
578,1889,propensity_weighted,0.9950251266715266,0,0,46,43
579,2310,propensity_weighted,0.9958841928771693,0,0,17,43
580,2075,propensity_weighted,0.9962849566455954,0,0,44,38
581,4528,propensity_weighted,0.9952901016667501,0,0,38,47
582,2440,propensity_weighted,0.9959089571347373,0,0,23,2
583,4783,propensity_weighted,0.9957322652396676,0,1,11,11
584,3476,propensity_weighted,0.9950308919316492,0,0,37,39
585,2405,propensity_weighted,0.9907849351253737,0,1,4,4
586,1560,propensity_weighted,0.9959167829328127,0,0,2,11
587,1822,propensity_weighted,0.986578525262895,0,0,8,26
588,588,propensity_weighted,0.9949580235211245,1,1,10,10
589,589,propensity_weighted,0.9907126474526353,1,1,4,4
590,4181,propensity_weighted,0.9954204869572698,0,0,49,42
591,1365,propensity_weighted,0.9955855305053929,0,1,39,39
592,950,propensity_weighted,0.9960449973318114,0,1,16,16
593,151,propensity_weighted,0.9953097044008158,0,1,1,1
594,3075,propensity_weighted,0.995695685154245,0,0,21,26
595,4251,propensity_weighted,0.9917685855573646,0,0,49,47
596,4604,propensity_weighted,0.9963298058188248,0,1,2,2
597,728,propensity_weighted,0.9961091871349456,0,0,39,48
598,3209,propensity_weighted,0.994990483330879,0,0,28,35
599,491,propensity_weighted,0.9954396964413634,0,0,26,22
600,600,propensity_weighted,0.993154523595022,1,1,37,37
601,3907,propensity_weighted,0.9959878068867473,0,1,3,3
602,1732,propensity_weighted,0.9955036139522526,0,0,13,4
603,1346,propensity_weighted,0.9863743976203607,0,0,38,6
604,354,propensity_weighted,0.9956367314004275,0,0,41,17
605,3973,propensity_weighted,0.9954159359083329,0,0,9,38
606,3849,propensity_weighted,0.9956548453844792,0,0,41,36
607,2407,propensity_weighted,0.99600009482213,0,0,22,31
608,150,propensity_weighted,0.9955794166316071,0,0,49,33
609,3673,propensity_weighted,0.9964167337852832,0,0,33,48
610,1782,propensity_weighted,0.9920036165493136,0,1,42,42
611,4221,propensity_weighted,0.9942257226609327,0,0,22,26
612,3997,propensity_weighted,0.9928014064911587,0,0,18,5
613,4678,propensity_weighted,0.9947348156330234,0,0,48,32
614,566,propensity_weighted,0.9959484508443269,0,0,46,39
615,1109,propensity_weighted,0.9965870878378412,0,0,9,23
616,616,propensity_weighted,0.9960714371857015,1,1,49,49
617,1255,propensity_weighted,0.9958801512372519,0,0,24,9
618,2554,propensity_weighted,0.9962081031641413,0,0,0,32
619,4437,propensity_weighted,0.9938043492874223,0,0,11,20
620,3386,propensity_weighted,0.9928294863847541,0,1,1,1
621,3752,propensity_weighted,0.9955186123096503,0,0,1,2
622,4324,propensity_weighted,0.9964338935293108,0,0,36,47
623,623,propensity_weighted,0.9954777339192042,1,1,23,23
624,4083,propensity_weighted,0.9943131758281982,0,0,4,13
625,4025,propensity_weighted,0.9956698208973072,0,0,22,4
626,4051,propensity_weighted,0.9952837075268821,0,0,3,23
627,326,propensity_weighted,0.9953561878720901,0,0,33,43
628,3309,propensity_weighted,0.9961216423523884,0,1,49,49
629,122,propensity_weighted,0.9953298698192289,0,0,38,45
630,4094,propensity_weighted,0.9958702921146841,0,0,41,32
631,1308,propensity_weighted,0.9917161826905113,0,0,18,39
632,644,propensity_weighted,0.9946536791970532,0,0,23,17
633,1716,propensity_weighted,0.9961819244297802,0,0,25,37
634,634,propensity_weighted,0.9932785414115018,1,1,1,1
635,635,propensity_weighted,0.9929975743969083,1,1,23,23
636,778,propensity_weighted,0.9955350519474593,0,0,7,14
637,4838,propensity_weighted,0.9939183487247462,0,0,7,31
638,4281,propensity_weighted,0.9944564084161819,0,0,30,34
639,3700,propensity_weighted,0.995931806788377,0,0,28,18
640,618,propensity_weighted,0.9950796749745182,0,0,1,0
641,3122,propensity_weighted,0.9948399522631577,0,0,46,1
642,642,propensity_weighted,0.9955490610044808,1,1,44,44
643,1803,propensity_weighted,0.9959479273389154,0,0,41,47
644,3445,propensity_weighted,0.9958382122581799,0,0,17,34
645,3249,propensity_weighted,0.9953169078107419,0,0,17,31
646,3425,propensity_weighted,0.9953460047560732,0,0,7,14
647,3401,propensity_weighted,0.9960100057003523,0,0,9,3
648,515,propensity_weighted,0.995228988303719,0,0,2,23
649,3548,propensity_weighted,0.9958977170750816,0,0,44,24
650,3751,propensity_weighted,0.9932603132371786,0,0,49,44
651,4416,propensity_weighted,0.9964889991918772,0,0,18,16
652,3901,propensity_weighted,0.9917505562337726,0,0,32,42
653,2122,propensity_weighted,0.9890186621118868,0,0,31,32
654,551,propensity_weighted,0.9937167770906206,0,0,7,31
655,1376,propensity_weighted,0.9942477944099659,0,0,37,17
656,1510,propensity_weighted,0.9918981766092356,0,0,43,21
657,2773,propensity_weighted,0.9948578173920667,0,0,16,30
658,376,propensity_weighted,0.9962498789025167,0,0,34,36
659,2129,propensity_weighted,0.9927463366778944,0,0,11,6
660,3017,propensity_weighted,0.9953610446611927,0,0,36,30
661,4451,propensity_weighted,0.9966142748128752,0,0,10,0
662,4240,propensity_weighted,0.995907240374326,0,0,22,19
663,1059,propensity_weighted,0.9763870347826835,0,1,1,1
664,2360,propensity_weighted,0.9960025449607803,0,0,21,15
665,4903,propensity_weighted,0.9955560494814416,0,0,15,14
666,1034,propensity_weighted,0.9955831798866983,0,1,2,2
667,3220,propensity_weighted,0.9963878604852383,0,0,12,29
668,2654,propensity_weighted,0.9955246492083188,0,0,48,24
669,2239,propensity_weighted,0.9956434519776114,0,0,22,32
670,455,propensity_weighted,0.9958881892256161,0,0,1,6
671,4354,propensity_weighted,0.9962333348090688,0,0,14,27
672,103,propensity_weighted,0.9879556177058546,0,0,31,0
673,3707,propensity_weighted,0.9949190001324589,0,0,20,16
674,2928,propensity_weighted,0.9923621152106256,0,0,22,14
675,4083,propensity_weighted,0.9961129589802732,0,0,4,13
676,4582,propensity_weighted,0.9956606571363332,0,0,28,33
677,830,propensity_weighted,0.9954354649890588,0,0,10,15
678,2486,propensity_weighted,0.9961468226524742,0,0,43,14
679,341,propensity_weighted,0.9941502943621695,0,0,11,41
680,2440,propensity_weighted,0.9945944868659358,0,0,11,2
681,3608,propensity_weighted,0.9961400180476251,0,0,30,44
682,2707,propensity_weighted,0.9949406866253314,0,0,13,21
683,834,propensity_weighted,0.9919966235638684,0,0,32,46
684,684,propensity_weighted,0.9947781352676084,1,1,25,25
685,332,propensity_weighted,0.9961830483555764,0,0,29,15
686,3216,propensity_weighted,0.9885636018449179,0,0,32,48
687,3430,propensity_weighted,0.9956956537573214,0,0,10,0
688,4535,propensity_weighted,0.9933375405189595,0,0,35,3
689,3083,propensity_weighted,0.996092452438975,0,0,35,38
690,4507,propensity_weighted,0.9872009752839898,0,1,12,12
691,4297,propensity_weighted,0.9960406792539572,0,0,42,47
692,692,propensity_weighted,0.9932644134283274,1,1,12,12
693,4717,propensity_weighted,0.9935956661438708,0,0,32,25
694,4494,propensity_weighted,0.9951610119854455,0,1,13,13
695,4269,propensity_weighted,0.9944947519566159,0,0,25,24
696,34,propensity_weighted,0.9960800965343216,0,0,22,39
697,697,propensity_weighted,0.9945984566529757,1,1,1,1
698,2426,propensity_weighted,0.9956110804010864,0,0,30,11
699,4717,propensity_weighted,0.9942388989525281,0,0,35,25
700,2382,propensity_weighted,0.9947856549531896,0,1,10,10
701,173,propensity_weighted,0.9946141357563526,0,0,10,22
702,1712,propensity_weighted,0.9950984743232686,0,0,10,33
703,1647,propensity_weighted,0.9956898070810439,0,1,24,24
704,704,propensity_weighted,0.9932195014066723,1,1,21,21
705,782,propensity_weighted,0.9963699413827403,0,0,26,7
706,821,propensity_weighted,0.9875619921002716,0,0,14,5
707,4763,propensity_weighted,0.9962565053882506,0,0,9,6
708,246,propensity_weighted,0.9955414500921972,0,1,22,22
709,4292,propensity_weighted,0.9964311411515396,0,0,33,24
710,4657,propensity_weighted,0.9959038949208346,0,0,0,10
711,390,propensity_weighted,0.9954469021671494,0,0,49,13
712,3769,propensity_weighted,0.9961068084648367,0,0,32,42
713,2349,propensity_weighted,0.9942461762582481,0,1,48,48
714,2885,propensity_weighted,0.9960413660287207,0,1,12,12
715,67,propensity_weighted,0.9948440446919958,0,0,36,35
716,1778,propensity_weighted,0.9959421687558295,0,0,47,30
717,2368,propensity_weighted,0.9961560955955814,0,0,25,21
718,718,propensity_weighted,0.9955740888379564,1,1,9,9
719,2090,propensity_weighted,0.9963747922292462,0,0,42,43
720,70,propensity_weighted,0.99456591494716,0,0,46,15
721,2251,propensity_weighted,0.9953411626040982,0,1,45,45
722,722,propensity_weighted,0.9926961139536665,1,1,11,11
723,513,propensity_weighted,0.9956783053461185,0,0,42,49
724,4053,propensity_weighted,0.9959942326298307,0,1,38,38
725,3192,propensity_weighted,0.9958948600598428,0,1,24,24
726,4241,propensity_weighted,0.9957134597323859,0,0,15,4
727,755,propensity_weighted,0.9958700222104884,0,0,47,45
728,728,propensity_weighted,0.9953541384243557,1,1,48,48
729,1845,propensity_weighted,0.9954811462142025,0,0,39,21
730,1943,propensity_weighted,0.9958770793881433,0,0,35,39
731,33,propensity_weighted,0.9956843450053706,0,1,3,3
732,3541,propensity_weighted,0.9953285678646369,0,0,44,30
733,733,propensity_weighted,0.9934701405103052,1,1,14,14
734,734,propensity_weighted,0.9952019268457404,1,1,13,13
735,2803,propensity_weighted,0.9936763978869186,0,0,0,24
736,2591,propensity_weighted,0.9957203473959297,0,0,19,47
737,1286,propensity_weighted,0.9959858282820644,0,0,47,43
738,1022,propensity_weighted,0.996170600405043,0,0,2,9
739,2726,propensity_weighted,0.9939202997575372,0,0,20,27
740,314,propensity_weighted,0.9919478816837404,0,0,41,11
741,3415,propensity_weighted,0.9947395268376156,0,0,7,35
742,1834,propensity_weighted,0.9965710339042709,0,0,21,29
743,4420,propensity_weighted,0.9937038359629067,0,0,28,36
744,1529,propensity_weighted,0.9963550201320863,0,1,13,13
745,2439,propensity_weighted,0.9966052921584185,0,0,36,47
746,1409,propensity_weighted,0.9951163231931301,0,0,8,23
747,713,propensity_weighted,0.995215960575957,0,1,48,48
748,1083,propensity_weighted,0.9959245905858345,0,0,39,21
749,3522,propensity_weighted,0.9954571638902198,0,1,4,4
750,3467,propensity_weighted,0.9949648414906966,0,0,47,49
751,751,propensity_weighted,0.994163079194084,1,1,3,3
752,1091,propensity_weighted,0.9954325237608519,0,0,27,31
753,2258,propensity_weighted,0.9964600285589723,0,1,48,48
754,4059,propensity_weighted,0.9921181026894293,0,0,17,31
755,4958,propensity_weighted,0.9961808336270788,0,0,45,44
756,3068,propensity_weighted,0.9952615257320279,0,0,3,8
757,4528,propensity_weighted,0.9959104016674327,0,0,28,47
758,1369,propensity_weighted,0.9931747341866721,0,0,20,1
759,3739,propensity_weighted,0.9962825504963098,0,0,26,49
760,760,propensity_weighted,0.9965931326686603,1,1,40,40
761,4813,propensity_weighted,0.9959037127774332,0,0,30,26
762,2646,propensity_weighted,0.9945245257627227,0,0,8,3
763,763,propensity_weighted,0.9953089237438888,1,1,45,45
764,1630,propensity_weighted,0.9940429220376269,0,1,21,21
765,2374,propensity_weighted,0.9963352492587433,0,0,43,46
766,915,propensity_weighted,0.9948634982905697,0,0,16,4
767,906,propensity_weighted,0.9920330128139975,0,1,39,39
768,1173,propensity_weighted,0.9957409070967367,0,0,41,47
769,3323,propensity_weighted,0.9954299965993583,0,0,25,40
770,2404,propensity_weighted,0.9950365023683554,0,0,19,46
771,310,propensity_weighted,0.993890441597031,0,0,3,2
772,2375,propensity_weighted,0.9938348749714336,0,0,12,3
773,372,propensity_weighted,0.9957322855642514,0,0,15,27
774,4154,propensity_weighted,0.9961840205225424,0,0,17,36
775,4294,propensity_weighted,0.9956750314950474,0,0,27,4
776,137,propensity_weighted,0.9946322839325303,0,0,27,22
777,2216,propensity_weighted,0.9945414517165263,0,0,2,36
778,27,propensity_weighted,0.9948578196107436,0,0,14,5
779,994,propensity_weighted,0.9951373681287697,0,0,29,14
780,4408,propensity_weighted,0.9945373372178001,0,1,47,47
781,1669,propensity_weighted,0.9961191643788303,0,0,13,6
782,705,propensity_weighted,0.9959094409083018,0,0,7,26
783,3446,propensity_weighted,0.9956450539832193,0,0,47,39
784,3458,propensity_weighted,0.9956865876890533,0,1,6,6
785,1918,propensity_weighted,0.9958819989121819,0,0,27,21
786,1477,propensity_weighted,0.9950402070278976,0,0,2,9
787,787,propensity_weighted,0.9909633536547354,1,1,2,2
788,684,propensity_weighted,0.9958871874790484,0,0,22,25
789,789,propensity_weighted,0.996325655194702,1,1,46,46
790,3946,propensity_weighted,0.9935971351100584,0,0,12,8
791,2384,propensity_weighted,0.9954322142572907,0,0,32,31
792,1891,propensity_weighted,0.9953613698502516,0,0,23,25
793,612,propensity_weighted,0.9942453476440959,0,0,5,18
794,794,propensity_weighted,0.9955353026826623,1,1,2,2
795,2288,propensity_weighted,0.9959456249371339,0,1,43,43
796,2009,propensity_weighted,0.9960761325701112,0,1,20,20
797,4255,propensity_weighted,0.996137514190192,0,0,42,21
798,3510,propensity_weighted,0.9867423185138172,0,0,7,3
799,1910,propensity_weighted,0.9949862621793248,0,0,25,5
800,3155,propensity_weighted,0.9950119362761742,0,0,15,22
801,77,propensity_weighted,0.9922794638180973,0,0,4,10
802,121,propensity_weighted,0.9954326731106488,0,0,33,34
803,4195,propensity_weighted,0.995321098976608,0,0,19,31
804,948,propensity_weighted,0.9956724419960298,0,0,46,23
805,131,propensity_weighted,0.9957458964123685,0,0,15,1
806,2921,propensity_weighted,0.9958062661175204,0,0,13,19
807,1938,propensity_weighted,0.9956209858367773,0,0,36,41
808,3280,propensity_weighted,0.9950328175169596,0,0,8,9
809,3503,propensity_weighted,0.9953560288016177,0,0,27,33
810,3385,propensity_weighted,0.9949175637970386,0,0,43,39
811,4846,propensity_weighted,0.9946127988634598,0,0,28,23
812,2036,propensity_weighted,0.9957735452583818,0,0,13,10
813,3818,propensity_weighted,0.9953563645705931,0,0,27,11
814,615,propensity_weighted,0.9955920897219835,0,0,2,9
815,3379,propensity_weighted,0.9753656216715989,0,1,32,32
816,2992,propensity_weighted,0.9963741855329897,0,0,8,5
817,847,propensity_weighted,0.9953293041321645,0,0,33,9
818,1441,propensity_weighted,0.9929106386072217,0,0,8,25
819,4294,propensity_weighted,0.9956023935802932,0,0,18,4
820,4990,propensity_weighted,0.9954991025676561,0,0,29,21
821,4413,propensity_weighted,0.9933699538891532,0,0,5,8
822,4090,propensity_weighted,0.9921646484037018,0,1,8,8
823,2276,propensity_weighted,0.9926507163538391,0,0,2,11
824,1272,propensity_weighted,0.9955946068073214,0,1,0,0
825,1172,propensity_weighted,0.9944162397956289,0,1,46,46
826,126,propensity_weighted,0.9962611538815829,0,0,4,20
827,2951,propensity_weighted,0.9957398173684877,0,0,2,9
828,1921,propensity_weighted,0.9949821744641247,0,0,6,9
829,2167,propensity_weighted,0.994373558485008,0,0,25,28
830,364,propensity_weighted,0.9959444690423593,0,0,15,13
831,1385,propensity_weighted,0.9944797895785233,0,0,7,14
832,1708,propensity_weighted,0.9954799887536111,0,0,24,33
833,3147,propensity_weighted,0.9944914487130391,0,0,21,15
834,1295,propensity_weighted,0.9960817024698697,0,0,46,32
835,110,propensity_weighted,0.9926064562465847,0,1,46,46
836,717,propensity_weighted,0.9958057218292318,0,0,18,25
837,692,propensity_weighted,0.9946150217742442,0,1,12,12
838,1988,propensity_weighted,0.9960314566240265,0,0,9,1
839,3163,propensity_weighted,0.9920235324836473,0,1,49,49
840,4285,propensity_weighted,0.993292333458437,0,0,23,28
841,4355,propensity_weighted,0.9962091223999203,0,0,35,17
842,842,propensity_weighted,0.9958879349574373,1,1,40,40
843,72,propensity_weighted,0.9952799759724587,0,0,47,31
844,4136,propensity_weighted,0.994824050638691,0,0,21,22
845,260,propensity_weighted,0.9963014605183017,0,0,44,38
846,846,propensity_weighted,0.9944857448981332,1,1,9,9
847,897,propensity_weighted,0.9963996821682879,0,1,9,9
848,3758,propensity_weighted,0.9960154840826936,0,0,10,24
849,2979,propensity_weighted,0.9959556488174376,0,1,18,18
850,367,propensity_weighted,0.995832396123763,0,0,14,5
851,1220,propensity_weighted,0.9955013426019746,0,0,18,15
852,1401,propensity_weighted,0.9956248496933446,0,0,27,29
853,1083,propensity_weighted,0.9961940844875854,0,0,43,21
854,2386,propensity_weighted,0.9959563636758862,0,0,13,21
855,2927,propensity_weighted,0.9937398400301508,0,0,8,24
856,3517,propensity_weighted,0.9951212889262675,0,0,17,22
857,4109,propensity_weighted,0.9957575362849891,0,0,35,17
858,4647,propensity_weighted,0.9902819163996575,0,1,8,8
859,4900,propensity_weighted,0.9962987281016419,0,0,15,29
860,2836,propensity_weighted,0.9947282653149356,0,0,37,47
861,861,propensity_weighted,0.9956583601320699,1,1,0,0
862,4221,propensity_weighted,0.9962099695938943,0,0,34,26
863,205,propensity_weighted,0.9950629903042597,0,0,41,45
864,4664,propensity_weighted,0.9960835427232123,0,0,15,27
865,2616,propensity_weighted,0.9950683540294173,0,0,25,28
866,726,propensity_weighted,0.9956790038469154,0,0,10,15
867,105,propensity_weighted,0.9942412993971776,0,0,29,21
868,3268,propensity_weighted,0.9952955300788114,0,0,12,10
869,3526,propensity_weighted,0.9962618651687158,0,0,26,4
870,2759,propensity_weighted,0.9964153982651445,0,0,44,41
871,4658,propensity_weighted,0.9953113542868792,0,1,3,3
872,4389,propensity_weighted,0.9951946977265216,0,1,6,6
873,873,propensity_weighted,0.9808496451683807,1,1,46,46
874,3686,propensity_weighted,0.9958519680710473,0,0,29,42
875,3446,propensity_weighted,0.9960153928263392,0,0,40,39
876,3990,propensity_weighted,0.9956911594959004,0,0,18,20
877,877,propensity_weighted,0.994690060042168,1,1,21,21
878,3890,propensity_weighted,0.9952111017897842,0,0,40,15
879,3836,propensity_weighted,0.9924357669527691,0,0,40,38
880,2810,propensity_weighted,0.9960144757799914,0,0,20,9
881,422,propensity_weighted,0.9953927445343921,0,0,21,43
882,1278,propensity_weighted,0.9953653426217195,0,0,22,18
883,2604,propensity_weighted,0.9945320911710026,0,1,48,48
884,1316,propensity_weighted,0.9951671512516642,0,0,38,43
885,4765,propensity_weighted,0.9963346151107448,0,0,34,47
886,2102,propensity_weighted,0.9956873474194121,0,0,44,49
887,4667,propensity_weighted,0.9961384435805005,0,0,30,37
888,961,propensity_weighted,0.9942799445649478,0,0,38,47
889,1098,propensity_weighted,0.9960670762368816,0,1,31,31
890,1000,propensity_weighted,0.9925153912138498,0,0,42,11
891,1007,propensity_weighted,0.9962887787316487,0,0,41,23
892,1543,propensity_weighted,0.9953748432295945,0,1,20,20
893,2389,propensity_weighted,0.995395151886795,0,0,19,18
894,4097,propensity_weighted,0.9955587166929915,0,1,1,1
895,1896,propensity_weighted,0.9964296412860877,0,0,7,5
896,1652,propensity_weighted,0.9958403105904193,0,0,36,23
897,4067,propensity_weighted,0.9946057303487502,0,0,9,28
898,1794,propensity_weighted,0.9958286901627265,0,0,19,29
899,3621,propensity_weighted,0.9963552230854947,0,0,20,19
900,126,propensity_weighted,0.9959615885384285,0,1,20,20
901,4950,propensity_weighted,0.995616099546446,0,0,41,31
902,4386,propensity_weighted,0.9937398586603362,0,0,10,1
903,2796,propensity_weighted,0.9963930651750961,0,0,20,19
904,3604,propensity_weighted,0.9959085154133468,0,0,2,24
905,1369,propensity_weighted,0.9939454337264219,0,0,12,1
906,303,propensity_weighted,0.9925347475020998,0,0,39,47
907,4486,propensity_weighted,0.9938094774198534,0,0,13,1
908,2400,propensity_weighted,0.9951963358759787,0,0,23,45
909,1762,propensity_weighted,0.9962040271119836,0,1,10,10
910,1932,propensity_weighted,0.9926300673462868,0,0,35,49
911,3920,propensity_weighted,0.9959443580796058,0,0,20,6
912,2215,propensity_weighted,0.9948192618363327,0,0,18,24
913,3942,propensity_weighted,0.992025897800045,0,0,49,44
914,4700,propensity_weighted,0.9957063429409767,0,0,49,42
915,2218,propensity_weighted,0.9946553839342146,0,0,4,18
916,2952,propensity_weighted,0.9959558596950773,0,0,36,45
917,3752,propensity_weighted,0.9962602837572129,0,0,8,2
918,4870,propensity_weighted,0.99616164339775,0,0,29,16
919,3241,propensity_weighted,0.9921606524687412,0,0,35,9
920,3584,propensity_weighted,0.9952417475668287,0,0,15,19
921,4812,propensity_weighted,0.9962692813284482,0,0,0,31
922,2745,propensity_weighted,0.9961634003406858,0,0,31,46
923,1205,propensity_weighted,0.9960858550435117,0,0,26,28
924,4703,propensity_weighted,0.9961990633714525,0,0,47,36
925,4452,propensity_weighted,0.9949324496463778,0,1,4,4
926,4714,propensity_weighted,0.9963632955945522,0,0,28,26
927,2025,propensity_weighted,0.994910179344937,0,0,28,17
928,3615,propensity_weighted,0.9947314272324814,0,0,14,5
929,4083,propensity_weighted,0.9955767170600054,0,0,21,13
930,4715,propensity_weighted,0.9947591770119355,0,0,30,22
931,4681,propensity_weighted,0.9915421678725564,0,1,4,4
932,105,propensity_weighted,0.9953892768560555,0,0,14,21
933,1371,propensity_weighted,0.9934495333867014,0,1,32,32
934,934,propensity_weighted,0.9962266830191332,1,1,15,15
935,4765,propensity_weighted,0.9941352163251111,0,0,28,47
936,936,propensity_weighted,0.9951563816533232,1,1,46,46
937,539,propensity_weighted,0.9956081420052247,0,0,48,29
938,2452,propensity_weighted,0.9964435184293319,0,0,20,44
939,939,propensity_weighted,0.9917869431617639,1,1,45,45
940,1839,propensity_weighted,0.9954106329253961,0,0,36,27
941,4736,propensity_weighted,0.9963739981567526,0,0,26,35
942,4704,propensity_weighted,0.9950882999020454,0,0,21,43
943,868,propensity_weighted,0.9948859962975073,0,0,18,12
944,4229,propensity_weighted,0.9947396564328316,0,0,22,25
945,945,propensity_weighted,0.9742060567166345,1,1,1,1
946,1052,propensity_weighted,0.9939311408807439,0,0,20,6
947,4051,propensity_weighted,0.9956380240669225,0,0,1,23
948,1017,propensity_weighted,0.9954872624390554,0,0,23,32
949,2738,propensity_weighted,0.9957378265868929,0,0,11,2
950,920,propensity_weighted,0.9942283068717422,0,0,16,15
951,4738,propensity_weighted,0.994854227029971,0,0,18,0
952,952,propensity_weighted,0.9958300536389343,1,1,22,22
953,3150,propensity_weighted,0.994929749756655,0,0,45,42
954,255,propensity_weighted,0.9936368359280231,0,0,41,31
955,3812,propensity_weighted,0.9953441755578137,0,0,2,6
956,3608,propensity_weighted,0.9963098367862279,0,0,45,44
957,3712,propensity_weighted,0.9946123519874129,0,0,7,29
958,1547,propensity_weighted,0.9950255518609766,0,0,16,1
959,958,propensity_weighted,0.996151629885692,0,0,1,16
960,960,propensity_weighted,0.9950273033743442,1,1,14,14
961,4272,propensity_weighted,0.9941365433575918,0,1,47,47
962,3822,propensity_weighted,0.9949760724090722,0,0,16,19
963,875,propensity_weighted,0.9956563737759155,0,0,37,40
964,455,propensity_weighted,0.9954152658019229,0,1,6,6
965,3562,propensity_weighted,0.996124215759244,0,1,36,36
966,3656,propensity_weighted,0.9964949862166146,0,0,30,18
967,1218,propensity_weighted,0.9956078567405261,0,0,44,43
968,1103,propensity_weighted,0.9956445690787644,0,1,18,18
969,416,propensity_weighted,0.9947743393145666,0,0,45,49
970,3799,propensity_weighted,0.9960763340663853,0,1,46,46
971,684,propensity_weighted,0.9947170787109167,0,0,48,25
972,2262,propensity_weighted,0.9956574853726105,0,0,16,18
973,1042,propensity_weighted,0.9954601888806347,0,0,28,3
974,2629,propensity_weighted,0.9954679982388843,0,0,43,48
975,4757,propensity_weighted,0.9960223845700414,0,0,34,17
976,976,propensity_weighted,0.9945097242196324,1,1,12,12
977,3701,propensity_weighted,0.993935725639154,0,0,36,20
978,1386,propensity_weighted,0.9949497087382183,0,0,22,12
979,979,propensity_weighted,0.992398831647866,1,1,48,48
980,1213,propensity_weighted,0.9957938411174573,0,0,7,14
981,3533,propensity_weighted,0.9941466004514354,0,0,47,48
982,2665,propensity_weighted,0.9953948733428581,0,0,47,45
983,2695,propensity_weighted,0.9938276402630412,0,0,16,4
984,2531,propensity_weighted,0.9943670924250884,0,0,30,42
985,930,propensity_weighted,0.9949366694463484,0,0,34,30
986,4658,propensity_weighted,0.9948452253918891,0,1,3,3
987,987,propensity_weighted,0.9936784603478341,1,1,35,35
988,2010,propensity_weighted,0.994830497855426,0,0,43,33
989,925,propensity_weighted,0.9959291026644759,0,0,0,4
990,1235,propensity_weighted,0.9938488260833745,0,0,26,28
991,1500,propensity_weighted,0.994789575393673,0,0,25,23
992,3535,propensity_weighted,0.9956114974282549,0,0,14,26
993,1118,propensity_weighted,0.992136370376975,0,1,5,5
994,2687,propensity_weighted,0.9925689943403379,0,1,14,14
995,4321,propensity_weighted,0.9951125165107878,0,1,8,8
996,996,propensity_weighted,0.9954195044777174,1,1,26,26
997,1175,propensity_weighted,0.9957205750988306,0,0,28,30
998,3214,propensity_weighted,0.9960965345732686,0,0,28,34
999,4025,propensity_weighted,0.9958107385855747,0,0,37,4
1000,2899,propensity_weighted,0.994473362889355,0,0,11,44
1001,243,propensity_weighted,0.9960251248252237,0,0,1,18
1002,1002,propensity_weighted,0.9948199827798633,1,1,46,46
1003,4537,propensity_weighted,0.9953319474906507,0,0,44,6
1004,4618,propensity_weighted,0.9962990655459092,0,1,32,32
1005,171,propensity_weighted,0.9963170799460354,0,0,9,23
1006,1016,propensity_weighted,0.9944456252807578,0,0,13,29
1007,666,propensity_weighted,0.9940928606178571,0,0,23,2
1008,4018,propensity_weighted,0.9951801412726541,0,0,28,23
1009,3775,propensity_weighted,0.9957569325174341,0,0,4,37
1010,1819,propensity_weighted,0.9958597909361584,0,0,16,6
1011,438,propensity_weighted,0.9949432259842624,0,0,27,40
1012,4423,propensity_weighted,0.9948649652098862,0,1,26,26
1013,2387,propensity_weighted,0.995690596824618,0,1,5,5
1014,138,propensity_weighted,0.9955922210545657,0,0,22,39
1015,2332,propensity_weighted,0.9932456988324864,0,0,34,38
1016,1006,propensity_weighted,0.9965234698263609,0,0,29,13
1017,2408,propensity_weighted,0.994186674987892,0,0,32,36
1018,2646,propensity_weighted,0.9964137572777364,0,0,35,3
1019,3062,propensity_weighted,0.9940702892703293,0,0,10,13
1020,4768,propensity_weighted,0.9951599485347626,0,0,14,47
1021,4158,propensity_weighted,0.9960839649426118,0,0,26,8
1022,1583,propensity_weighted,0.99631224161546,0,0,9,2
1023,2172,propensity_weighted,0.9897393762135972,0,0,38,34
1024,1024,propensity_weighted,0.9965531459561477,1,1,3,3
1025,4819,propensity_weighted,0.9944828482365726,0,1,42,42
1026,1040,propensity_weighted,0.9929873694762583,0,0,12,40
1027,2825,propensity_weighted,0.9959070616220383,0,0,43,42
1028,1028,propensity_weighted,0.9877127221337174,1,1,0,0
1029,3518,propensity_weighted,0.9957439517569949,0,0,21,7
1030,2718,propensity_weighted,0.9962829483703624,0,1,22,22
1031,2787,propensity_weighted,0.9944265884863457,0,0,33,26
1032,2612,propensity_weighted,0.9952544070326084,0,0,38,2
1033,2804,propensity_weighted,0.9933420554538205,0,0,28,26
1034,1034,propensity_weighted,0.9956493214009271,1,1,2,2
1035,1677,propensity_weighted,0.99553947122418,0,0,34,26
1036,4819,propensity_weighted,0.9946310605271591,0,0,22,42
1037,4845,propensity_weighted,0.9956708084848038,0,0,26,21
1038,3640,propensity_weighted,0.9813598020659192,0,0,14,12
1039,4855,propensity_weighted,0.9961252998283531,0,0,17,30
1040,2961,propensity_weighted,0.9950569484843751,0,0,40,18
1041,2470,propensity_weighted,0.9952208853158748,0,0,13,4
1042,2947,propensity_weighted,0.996414962315699,0,0,3,2
1043,3534,propensity_weighted,0.9964994919554198,0,0,33,40
1044,3874,propensity_weighted,0.994735357127044,0,0,46,27
1045,3428,propensity_weighted,0.9911056787542591,0,1,5,5
1046,104,propensity_weighted,0.9950604031821331,0,0,7,30
1047,3016,propensity_weighted,0.9956193750934392,0,0,15,19
1048,809,propensity_weighted,0.9962994655192339,0,0,39,27
1049,4323,propensity_weighted,0.9961030696875383,0,0,34,26
1050,4682,propensity_weighted,0.9949061073654433,0,1,25,25
1051,81,propensity_weighted,0.9939624838631482,0,0,2,20
1052,3829,propensity_weighted,0.9959232537795274,0,0,6,24
1053,1437,propensity_weighted,0.9949473233746942,0,0,18,20
1054,4991,propensity_weighted,0.9959322304373099,0,0,17,25
1055,621,propensity_weighted,0.9953145803190749,0,0,2,1
1056,2696,propensity_weighted,0.9952536874784788,0,0,49,42
1057,746,propensity_weighted,0.9923606320014086,0,1,8,8
1058,83,propensity_weighted,0.9955017266664818,0,0,6,1
1059,4208,propensity_weighted,0.9887314708026658,0,1,1,1
1060,3506,propensity_weighted,0.9924148152465457,0,0,32,10
1061,4069,propensity_weighted,0.9943136988392234,0,0,48,46
1062,2054,propensity_weighted,0.9961125950168103,0,0,6,11
1063,4707,propensity_weighted,0.9955991189501769,0,0,23,44
1064,3621,propensity_weighted,0.9947890394269845,0,0,25,19
1065,2788,propensity_weighted,0.9959612913550387,0,0,35,28
1066,1618,propensity_weighted,0.9944362938918481,0,1,14,14
1067,179,propensity_weighted,0.9960801186542663,0,0,27,16
1068,366,propensity_weighted,0.9953515114526448,0,0,48,40
1069,3436,propensity_weighted,0.9929945252335507,0,0,40,48
1070,3793,propensity_weighted,0.9953905674030261,0,0,37,16
1071,4001,propensity_weighted,0.9942088398655149,0,0,1,11
1072,38,propensity_weighted,0.9962090054918026,0,0,6,10
1073,4265,propensity_weighted,0.9958917255849546,0,0,37,35
1074,4723,propensity_weighted,0.9950000136790168,0,1,45,45
1075,1790,propensity_weighted,0.9961560705806646,0,0,33,38
1076,4942,propensity_weighted,0.9949720643374282,0,0,27,35
1077,2071,propensity_weighted,0.9906038006781386,0,1,20,20
1078,2080,propensity_weighted,0.9954520701668518,0,0,33,9
1079,1135,propensity_weighted,0.9943343717027496,0,0,6,0
1080,850,propensity_weighted,0.9947623545279914,0,0,31,14
1081,2131,propensity_weighted,0.9964691719582539,0,0,29,21
1082,926,propensity_weighted,0.9957413253600547,0,0,41,28
1083,2809,propensity_weighted,0.9957417385544739,0,0,21,27
1084,3290,propensity_weighted,0.9958094266753728,0,1,31,31
1085,2314,propensity_weighted,0.996319020074073,0,0,36,43
1086,3726,propensity_weighted,0.9961227011549683,0,0,27,16
1087,1653,propensity_weighted,0.9964732064461528,0,0,43,33
1088,3489,propensity_weighted,0.9964912057331562,0,0,45,40
1089,3566,propensity_weighted,0.9944563346588675,0,1,48,48
1090,3017,propensity_weighted,0.9954140583336983,0,0,36,30
1091,1491,propensity_weighted,0.9956081904649291,0,0,31,27
1092,2318,propensity_weighted,0.9953545975329962,0,0,18,5
1093,2467,propensity_weighted,0.9962305778096245,0,0,14,21
1094,560,propensity_weighted,0.9951868898241135,0,0,6,33
1095,2678,propensity_weighted,0.9961698502788453,0,0,43,29
1096,3719,propensity_weighted,0.9931645565742862,0,1,6,6
1097,1097,propensity_weighted,0.9953608616881016,1,1,37,37
1098,2759,propensity_weighted,0.9952642762771575,0,0,31,41
1099,1778,propensity_weighted,0.9950468885361776,0,0,22,30
1100,4403,propensity_weighted,0.9956381668630911,0,0,4,24
1101,4439,propensity_weighted,0.9956335902696477,0,0,0,10
1102,2522,propensity_weighted,0.9958733787744057,0,1,15,15
1103,851,propensity_weighted,0.9957586026767596,0,1,18,18
1104,3520,propensity_weighted,0.9944469874041431,0,0,43,40
1105,3062,propensity_weighted,0.9960296398155111,0,1,13,13
1106,527,propensity_weighted,0.9921244180383554,0,1,0,0
1107,3973,propensity_weighted,0.996437923677776,0,0,15,38
1108,4808,propensity_weighted,0.9945943301002454,0,0,25,27
1109,4633,propensity_weighted,0.9961463952189856,0,0,23,10
1110,2814,propensity_weighted,0.9959489099740675,0,0,9,6
1111,347,propensity_weighted,0.9953175598022345,0,0,37,30
1112,1618,propensity_weighted,0.9942106080335257,0,0,11,14
1113,3648,propensity_weighted,0.9941159359797346,0,0,12,34
1114,431,propensity_weighted,0.9950678888450006,0,0,27,36
1115,3370,propensity_weighted,0.9942447790899086,0,0,22,15
1116,4941,propensity_weighted,0.9956655835488578,0,0,1,6
1117,2332,propensity_weighted,0.995517328332491,0,0,28,38
1118,993,propensity_weighted,0.9866454886491813,0,1,5,5
1119,1150,propensity_weighted,0.9946614928044799,0,0,24,9
1120,4420,propensity_weighted,0.9941745109195861,0,0,47,36
1121,4729,propensity_weighted,0.9960006538572419,0,0,3,40
1122,3706,propensity_weighted,0.9950017559669,0,0,7,5
1123,3143,propensity_weighted,0.9957471198785728,0,0,23,9
1124,2882,propensity_weighted,0.9931263419390739,0,0,29,46
1125,3420,propensity_weighted,0.9956195393071834,0,1,44,44
1126,1520,propensity_weighted,0.9944950243975458,0,0,40,12
1127,1741,propensity_weighted,0.9839424285779744,0,1,11,11
1128,1128,propensity_weighted,0.9950731274506014,1,1,36,36
1129,1129,propensity_weighted,0.9961072063571916,1,1,12,12
1130,3501,propensity_weighted,0.9960449626890042,0,0,9,33
1131,1270,propensity_weighted,0.996325203386883,0,0,0,4
1132,1507,propensity_weighted,0.9945589171584779,0,0,25,17
1133,1312,propensity_weighted,0.9925327199911331,0,0,32,48
1134,4009,propensity_weighted,0.9957228405368035,0,0,21,29
1135,1219,propensity_weighted,0.9952901028826623,0,0,0,6
1136,1136,propensity_weighted,0.9954934508569779,1,1,7,7
1137,714,propensity_weighted,0.9942625104206592,0,1,12,12
1138,476,propensity_weighted,0.9948828182391142,0,0,18,16
1139,2334,propensity_weighted,0.9952886040252045,0,0,24,20
1140,2951,propensity_weighted,0.9951245509659299,0,0,10,9
1141,916,propensity_weighted,0.9958773601769504,0,0,41,36
1142,1142,propensity_weighted,0.9947594092543744,1,1,34,34
1143,2673,propensity_weighted,0.9952183904802568,0,0,44,19
1144,4004,propensity_weighted,0.9947440125831364,0,0,33,17
1145,861,propensity_weighted,0.9951067543198804,0,0,4,0
1146,3971,propensity_weighted,0.9957644993893452,0,1,28,28
1147,2430,propensity_weighted,0.9949093230156787,0,1,47,47
1148,1558,propensity_weighted,0.9931177834220365,0,0,31,11
1149,37,propensity_weighted,0.9955628284548802,0,0,43,46
1150,707,propensity_weighted,0.9961309402738936,0,1,9,9
1151,4762,propensity_weighted,0.9956749038673325,0,1,45,45
1152,3680,propensity_weighted,0.9962425584037854,0,0,19,31
1153,4280,propensity_weighted,0.996249783419283,0,0,36,38
1154,2840,propensity_weighted,0.9957306674993084,0,0,9,33
1155,3747,propensity_weighted,0.9947453533808299,0,0,46,19
1156,1156,propensity_weighted,0.9928654125035605,1,1,8,8
1157,2450,propensity_weighted,0.9961600188775835,0,1,20,20
1158,3083,propensity_weighted,0.9943750717518014,0,0,14,38
1159,3049,propensity_weighted,0.9945518047874088,0,1,12,12
1160,1555,propensity_weighted,0.9951494867123318,0,0,36,15
1161,4574,propensity_weighted,0.996369793695981,0,0,35,37
1162,1703,propensity_weighted,0.9957504912752904,0,0,16,15
1163,4399,propensity_weighted,0.9947017038508973,0,0,32,4
1164,2489,propensity_weighted,0.9955088346678923,0,0,21,35
1165,2570,propensity_weighted,0.9958222774160383,0,0,23,3
1166,4212,propensity_weighted,0.996345572855557,0,0,49,43
1167,2070,propensity_weighted,0.99653992211983,0,0,18,38
1168,1578,propensity_weighted,0.9954789383844541,0,0,22,28
1169,322,propensity_weighted,0.9956008595516178,0,0,38,40
1170,4790,propensity_weighted,0.9964619365378213,0,0,4,13
1171,427,propensity_weighted,0.9955904646187889,0,0,30,26
1172,3374,propensity_weighted,0.9823502270410399,0,0,46,45
1173,4310,propensity_weighted,0.9959275991135197,0,0,47,41
1174,3669,propensity_weighted,0.9902152189931522,0,0,4,22
1175,802,propensity_weighted,0.9938836802207329,0,0,30,33
1176,2239,propensity_weighted,0.9951925008228991,0,0,5,32
1177,4777,propensity_weighted,0.9958154041261184,0,1,46,46
1178,4436,propensity_weighted,0.9927758783007504,0,0,45,24
1179,2627,propensity_weighted,0.9894624940389417,0,1,40,40
1180,2307,propensity_weighted,0.9963405763334005,0,1,41,41
1181,1487,propensity_weighted,0.9947773258564867,0,0,32,39
1182,498,propensity_weighted,0.9922526619752974,0,0,46,39
1183,4628,propensity_weighted,0.9958899515962975,0,0,26,22
1184,3806,propensity_weighted,0.9962743590837723,0,0,15,22
1185,3140,propensity_weighted,0.9930927457441289,0,0,18,24
1186,3898,propensity_weighted,0.9954517458349696,0,0,24,2
1187,3666,propensity_weighted,0.996091985174763,0,1,30,30
1188,796,propensity_weighted,0.9947150919283414,0,0,37,20
1189,2107,propensity_weighted,0.9951173733979574,0,1,48,48
1190,2456,propensity_weighted,0.9962699422394886,0,1,6,6
1191,1857,propensity_weighted,0.9940909845858295,0,0,13,23
1192,3000,propensity_weighted,0.9950737147540507,0,0,21,27
1193,1193,propensity_weighted,0.9958545319261797,1,1,35,35
1194,436,propensity_weighted,0.9952238965698802,0,0,49,22
1195,194,propensity_weighted,0.9959801644513075,0,0,15,14
1196,3088,propensity_weighted,0.9945088292461045,0,0,27,21
1197,1671,propensity_weighted,0.9955267130349335,0,1,27,27
1198,3082,propensity_weighted,0.9962216604300291,0,0,14,21
1199,1617,propensity_weighted,0.9957988423791414,0,0,7,30
1200,2322,propensity_weighted,0.9944974473163017,0,1,12,12
1201,983,propensity_weighted,0.9959013664059998,0,0,18,16
1202,1252,propensity_weighted,0.9847133607400164,0,0,43,49
1203,1995,propensity_weighted,0.9961941243141543,0,1,16,16
1204,1086,propensity_weighted,0.9961864633785186,0,0,19,27
1205,4257,propensity_weighted,0.996035304090577,0,0,28,35
1206,954,propensity_weighted,0.9955912392223298,0,0,17,41
1207,3682,propensity_weighted,0.9965692806150758,0,0,14,2
1208,2136,propensity_weighted,0.9963275450279379,0,0,36,14
1209,4294,propensity_weighted,0.9960009761437753,0,0,18,4
1210,1210,propensity_weighted,0.9932320429974619,1,1,14,14
1211,4432,propensity_weighted,0.9923184798726965,0,1,32,32
1212,1170,propensity_weighted,0.9961169613976145,0,0,15,4
1213,1555,propensity_weighted,0.995373164556266,0,0,14,15
1214,4781,propensity_weighted,0.9947019343080195,0,0,25,35
1215,3925,propensity_weighted,0.9955451255441532,0,0,3,8
1216,967,propensity_weighted,0.9943830137398519,0,1,44,44
1217,4803,propensity_weighted,0.994764401130799,0,0,13,34
1218,4759,propensity_weighted,0.994273291573855,0,0,43,42
1219,1846,propensity_weighted,0.9955589305214698,0,0,6,24
1220,194,propensity_weighted,0.9962677039318717,0,0,15,14
1221,4899,propensity_weighted,0.9960426602904685,0,0,26,20
1222,2612,propensity_weighted,0.9961787046656473,0,0,23,2
1223,524,propensity_weighted,0.992834575894592,0,0,7,15
1224,1224,propensity_weighted,0.9955371768501011,1,1,44,44
1225,3360,propensity_weighted,0.9960079707327153,0,1,46,46
1226,4781,propensity_weighted,0.9956655112494518,0,0,23,35
1227,4783,propensity_weighted,0.995108298280494,0,0,36,11
1228,4535,propensity_weighted,0.9941318132530306,0,1,3,3
1229,555,propensity_weighted,0.993615673267274,0,0,37,32
1230,1594,propensity_weighted,0.9923759075034541,0,0,42,49
1231,544,propensity_weighted,0.9956463899559245,0,0,22,48
1232,3283,propensity_weighted,0.9954587310792716,0,0,19,4
1233,2698,propensity_weighted,0.9958144161124828,0,1,14,14
1234,742,propensity_weighted,0.9953842957510676,0,0,49,21
1235,1235,propensity_weighted,0.9867899698617258,1,1,28,28
1236,2049,propensity_weighted,0.986210864755552,0,0,36,41
1237,4413,propensity_weighted,0.9947345780500831,0,0,17,8
1238,1701,propensity_weighted,0.9956828631902418,0,0,29,22
1239,3387,propensity_weighted,0.9955101908525542,0,0,5,3
1240,444,propensity_weighted,0.9940333101363014,0,1,10,10
1241,4897,propensity_weighted,0.9947976531766665,0,0,26,21
1242,4648,propensity_weighted,0.9947512025739151,0,0,36,47
1243,1485,propensity_weighted,0.9963138768639774,0,0,45,28
1244,1501,propensity_weighted,0.9930178840276376,0,0,26,5
1245,4432,propensity_weighted,0.9928075601747218,0,1,32,32
1246,2897,propensity_weighted,0.9954399473873073,0,1,9,9
1247,4805,propensity_weighted,0.9954855798674189,0,0,39,35
1248,3745,propensity_weighted,0.996182689099215,0,0,28,3
1249,2919,propensity_weighted,0.996296589034278,0,0,2,9
1250,1892,propensity_weighted,0.9963138281818784,0,0,30,37
1251,3264,propensity_weighted,0.9954020721638612,0,0,34,35
1252,2972,propensity_weighted,0.984079627824788,0,1,49,49
1253,2657,propensity_weighted,0.9954103891742946,0,0,8,25
1254,2882,propensity_weighted,0.9949645319314573,0,0,31,46
1255,1255,propensity_weighted,0.9945863982611971,1,1,9,9
1256,1256,propensity_weighted,0.9868584145712974,1,1,46,46
1257,3544,propensity_weighted,0.9958752959266448,0,0,31,40
1258,1258,propensity_weighted,0.9938055927052574,1,1,31,31
1259,1259,propensity_weighted,0.9958242177471173,1,1,46,46
1260,4661,propensity_weighted,0.9951671005185858,0,1,12,12
1261,1059,propensity_weighted,0.9876011368891321,0,1,1,1
1262,4735,propensity_weighted,0.9940542322247342,0,0,1,46
1263,1600,propensity_weighted,0.994506108062382,0,0,35,45
1264,4968,propensity_weighted,0.9957290452298406,0,0,29,27
1265,4987,propensity_weighted,0.995766631694537,0,0,24,33
1266,342,propensity_weighted,0.9955827328238503,0,1,11,11
1267,480,propensity_weighted,0.996031339547753,0,0,15,31
1268,82,propensity_weighted,0.9962100718580484,0,0,24,9
1269,4614,propensity_weighted,0.995911921397247,0,0,33,45
1270,1498,propensity_weighted,0.9949919803158811,0,0,4,0
1271,3135,propensity_weighted,0.9955396394953624,0,0,14,12
1272,4439,propensity_weighted,0.9965612197810501,0,0,0,10
1273,4423,propensity_weighted,0.9959634152153103,0,0,42,26
1274,4386,propensity_weighted,0.9962993236365661,0,0,6,1
1275,4771,propensity_weighted,0.9960873977122496,0,1,2,2
1276,1553,propensity_weighted,0.9964073988228885,0,0,34,42
1277,132,propensity_weighted,0.9935122311459523,0,1,49,49
1278,854,propensity_weighted,0.9956006067802576,0,0,18,13
1279,2805,propensity_weighted,0.9941984838783454,0,0,42,44
1280,3755,propensity_weighted,0.9958529749818691,0,0,43,35
1281,4037,propensity_weighted,0.9945690666278194,0,0,41,47
1282,1282,propensity_weighted,0.9965074470461338,1,1,20,20
1283,1902,propensity_weighted,0.995233299060098,0,0,32,20
1284,3995,propensity_weighted,0.99538355497486,0,0,6,10
1285,1285,propensity_weighted,0.9955997372103532,1,1,37,37
1286,4259,propensity_weighted,0.9961399400396588,0,0,43,45
1287,4603,propensity_weighted,0.9960128750421197,0,0,23,3
1288,1991,propensity_weighted,0.9950678221383182,0,1,39,39
1289,4230,propensity_weighted,0.9945823701227106,0,1,42,42
1290,1940,propensity_weighted,0.9960652130558889,0,0,8,30
1291,3288,propensity_weighted,0.9962409890035064,0,0,26,41
1292,124,propensity_weighted,0.9948458620442047,0,1,1,1
1293,4188,propensity_weighted,0.9965773300141728,0,0,5,25
1294,4909,propensity_weighted,0.9949681050944359,0,1,37,37
1295,3688,propensity_weighted,0.9946904621431021,0,1,32,32
1296,976,propensity_weighted,0.9961299535162941,0,0,23,12
1297,3217,propensity_weighted,0.9963926724743153,0,0,13,9
1298,2464,propensity_weighted,0.9948384999355162,0,0,29,21
1299,1669,propensity_weighted,0.9961111233498614,0,1,6,6
1300,326,propensity_weighted,0.9958611821424268,0,0,38,43
1301,1301,propensity_weighted,0.9765045095863398,1,1,34,34
1302,1716,propensity_weighted,0.99565272541885,0,0,12,37
1303,613,propensity_weighted,0.9953171244762196,0,0,32,48
1304,1924,propensity_weighted,0.9942017949912691,0,0,40,34
1305,4505,propensity_weighted,0.9944711221017886,0,1,12,12
1306,1283,propensity_weighted,0.996424765715341,0,0,13,32
1307,1307,propensity_weighted,0.9952655846885101,1,1,25,25
1308,4826,propensity_weighted,0.9941591303650524,0,0,39,40
1309,581,propensity_weighted,0.996192302710966,0,0,28,38
1310,2602,propensity_weighted,0.9944740327359123,0,0,33,23
1311,4097,propensity_weighted,0.9924906618839732,0,0,15,1
1312,1133,propensity_weighted,0.9955973500398285,0,0,48,32
1313,2245,propensity_weighted,0.9953599857663611,0,0,5,22
1314,3761,propensity_weighted,0.9939081358684944,0,1,48,48
1315,1797,propensity_weighted,0.99254780299993,0,0,35,14
1316,5,propensity_weighted,0.9955380199088101,0,0,43,40
1317,1731,propensity_weighted,0.9964682857495655,0,0,28,23
1318,170,propensity_weighted,0.9953616818082959,0,0,2,20
1319,129,propensity_weighted,0.9947681951019736,0,0,14,34
1320,2697,propensity_weighted,0.9946675799731917,0,0,32,48
1321,18,propensity_weighted,0.9959480922237418,0,0,21,18
1322,3008,propensity_weighted,0.9946500001922399,0,0,10,22
1323,1668,propensity_weighted,0.9955441463788224,0,1,22,22
1324,4600,propensity_weighted,0.9930523346716,0,0,32,31
1325,3989,propensity_weighted,0.9944850127505304,0,1,24,24
1326,1326,propensity_weighted,0.9956519319232388,1,1,11,11
1327,98,propensity_weighted,0.9922615239280256,0,0,37,47
1328,1072,propensity_weighted,0.993647399690736,0,0,2,6
1329,195,propensity_weighted,0.9966396660833895,0,0,14,29
1330,701,propensity_weighted,0.9960871807181804,0,0,22,10
1331,775,propensity_weighted,0.9955998036070246,0,0,16,27
1332,1208,propensity_weighted,0.9961327822222528,0,0,45,36
1333,2142,propensity_weighted,0.9907248189266856,0,0,11,13
1334,4233,propensity_weighted,0.9516686635976133,0,0,10,2
1335,862,propensity_weighted,0.9957954550774243,0,0,40,34
1336,915,propensity_weighted,0.995767415391108,0,0,16,4
1337,2673,propensity_weighted,0.9941102083764004,0,0,46,19
1338,4091,propensity_weighted,0.9953669160856231,0,0,33,44
1339,1234,propensity_weighted,0.9950652871387543,0,0,43,49
1340,2441,propensity_weighted,0.9951760079076128,0,0,25,24
1341,2316,propensity_weighted,0.9905558590804783,0,0,0,9
1342,4764,propensity_weighted,0.9961828783061095,0,0,9,23
1343,603,propensity_weighted,0.9902109993301011,0,0,6,38
1344,4207,propensity_weighted,0.9960693918228273,0,0,15,13
1345,4071,propensity_weighted,0.9949182102750844,0,0,48,40
1346,1185,propensity_weighted,0.9952531148752116,0,0,6,18
1347,893,propensity_weighted,0.9957131419152213,0,0,18,19
1348,521,propensity_weighted,0.9949596880488594,0,1,20,20
1349,2791,propensity_weighted,0.996220916507899,0,0,37,18
1350,4200,propensity_weighted,0.9952475626217465,0,0,18,9
1351,2965,propensity_weighted,0.9951944436481482,0,0,32,19
1352,665,propensity_weighted,0.9959963523264889,0,0,20,15
1353,2777,propensity_weighted,0.994898642688364,0,0,40,30
1354,2563,propensity_weighted,0.9944226881794731,0,0,31,10
1355,1099,propensity_weighted,0.9943896325818109,0,0,31,22
1356,4824,propensity_weighted,0.9953636084327868,0,0,4,30
1357,1357,propensity_weighted,0.9963822382775184,1,1,5,5
1358,2443,propensity_weighted,0.9951736688570698,0,0,40,26
1359,3926,propensity_weighted,0.9963802649580146,0,0,13,27
1360,1360,propensity_weighted,0.995293563347803,1,1,25,25
1361,2219,propensity_weighted,0.9960055779649042,0,0,13,22
1362,164,propensity_weighted,0.9936782809548321,0,0,24,48
1363,763,propensity_weighted,0.9776944022366642,0,1,45,45
1364,224,propensity_weighted,0.9941539108522282,0,0,39,19
1365,3880,propensity_weighted,0.993465603568392,0,0,39,48
1366,4858,propensity_weighted,0.9958237916194356,0,0,36,31
1367,2426,propensity_weighted,0.9942978936990576,0,0,41,11
1368,1744,propensity_weighted,0.99529618901347,0,0,48,32
1369,2329,propensity_weighted,0.9954446329168043,0,0,1,4
1370,2129,propensity_weighted,0.9961098917162456,0,0,11,6
1371,653,propensity_weighted,0.9891003504231907,0,0,32,31
1372,1840,propensity_weighted,0.9954104998082013,0,1,39,39
1373,1984,propensity_weighted,0.9959838784447972,0,0,17,30
1374,1374,propensity_weighted,0.9955017446305447,1,1,39,39
1375,4629,propensity_weighted,0.9947996904507629,0,0,18,17
1376,555,propensity_weighted,0.9947372809252617,0,0,17,32
1377,4082,propensity_weighted,0.996184712890052,0,0,25,35
1378,1921,propensity_weighted,0.9952592381689987,0,0,6,9
1379,3775,propensity_weighted,0.9956886359269008,0,1,37,37
1380,1431,propensity_weighted,0.9894280008723981,0,1,11,11
1381,1979,propensity_weighted,0.9965260960905866,0,0,27,18
1382,167,propensity_weighted,0.9948690787207934,0,0,47,36
1383,3475,propensity_weighted,0.9962450728497203,0,1,29,29
1384,2071,propensity_weighted,0.9911452892282182,0,0,15,20
1385,4596,propensity_weighted,0.9963601343354981,0,0,14,29
1386,1655,propensity_weighted,0.995427831961276,0,0,12,25
1387,277,propensity_weighted,0.9938810627281807,0,0,38,14
1388,3186,propensity_weighted,0.9952979619316911,0,0,15,16
1389,3517,propensity_weighted,0.9942653120509808,0,0,7,22
1390,1390,propensity_weighted,0.9927600095354356,1,1,32,32
1391,4379,propensity_weighted,0.9901199382557352,0,0,46,47
1392,1723,propensity_weighted,0.9939642718723837,0,1,38,38
1393,3478,propensity_weighted,0.9949625102766321,0,0,33,18
1394,1394,propensity_weighted,0.9939565651234766,1,1,32,32
1395,775,propensity_weighted,0.9963353785730514,0,0,13,27
1396,1650,propensity_weighted,0.99587335418337,0,0,2,1
1397,2693,propensity_weighted,0.9932841863343637,0,1,40,40
1398,2326,propensity_weighted,0.9964441966238812,0,0,31,11
1399,3815,propensity_weighted,0.9955191950461129,0,0,28,23
1400,1400,propensity_weighted,0.996280774728915,1,1,49,49
1401,4136,propensity_weighted,0.9955567020525796,0,0,29,22
1402,4550,propensity_weighted,0.9952398841039405,0,0,36,14
1403,276,propensity_weighted,0.9958825505704259,0,0,20,4
1404,62,propensity_weighted,0.9953853973233081,0,1,32,32
1405,2836,propensity_weighted,0.9957977787909037,0,0,46,47
1406,3289,propensity_weighted,0.9962343927445281,0,0,33,49
1407,2548,propensity_weighted,0.9958635150404661,0,0,12,25
1408,3692,propensity_weighted,0.9958406819338156,0,0,34,42
1409,2626,propensity_weighted,0.996193355865843,0,0,23,24
1410,629,propensity_weighted,0.9952069782112377,0,0,44,38
1411,3175,propensity_weighted,0.9959588507004182,0,0,37,20
1412,2103,propensity_weighted,0.9949622886300161,0,0,12,22
1413,977,propensity_weighted,0.9952459120747729,0,0,30,36
1414,3068,propensity_weighted,0.9951472871491347,0,0,3,8
1415,1415,propensity_weighted,0.9917303982535164,1,1,8,8
1416,3796,propensity_weighted,0.9952795266754073,0,1,22,22
1417,2785,propensity_weighted,0.9927783479627343,0,0,44,36
1418,493,propensity_weighted,0.9950270930359325,0,0,2,11
1419,1025,propensity_weighted,0.9952834409231069,0,0,26,42
1420,4838,propensity_weighted,0.9946089374293045,0,0,17,31
1421,4181,propensity_weighted,0.9952586238672159,0,0,29,42
1422,3884,propensity_weighted,0.9940410988586066,0,0,36,39
1423,1423,propensity_weighted,0.9961543534400323,1,1,45,45
1424,4603,propensity_weighted,0.9961688370330453,0,0,13,3
1425,759,propensity_weighted,0.9950322064704525,0,1,26,26
1426,4147,propensity_weighted,0.9946323148025059,0,0,36,41
1427,4229,propensity_weighted,0.9939855298579253,0,0,19,25
1428,4884,propensity_weighted,0.9956175267483759,0,0,21,43
1429,2045,propensity_weighted,0.9940215931762142,0,0,47,41
1430,4486,propensity_weighted,0.9926383678996024,0,0,36,1
1431,1926,propensity_weighted,0.9946582573226795,0,1,11,11
1432,3687,propensity_weighted,0.9962378843719364,0,0,10,4
1433,34,propensity_weighted,0.9958636787876723,0,0,10,39
1434,1090,propensity_weighted,0.9951858290769444,0,0,27,36
1435,106,propensity_weighted,0.9957113953211547,0,1,29,29
1436,4841,propensity_weighted,0.9953750047432798,0,1,7,7
1437,1356,propensity_weighted,0.9950672244729863,0,0,20,4
1438,2870,propensity_weighted,0.9961071773152183,0,0,21,14
1439,1523,propensity_weighted,0.9949318029538529,0,0,33,9
1440,4211,propensity_weighted,0.9941043394721276,0,0,35,18
1441,3182,propensity_weighted,0.9963572705896057,0,1,25,25
1442,937,propensity_weighted,0.9953666540135042,0,0,4,48
1443,1867,propensity_weighted,0.996279326461635,0,0,5,8
1444,71,propensity_weighted,0.9949197592674333,0,0,34,35
1445,721,propensity_weighted,0.9946412164283096,0,0,33,45
1446,2087,propensity_weighted,0.9937218546936923,0,0,21,19
1447,1567,propensity_weighted,0.9961983171234072,0,0,38,49
1448,961,propensity_weighted,0.9937893958006216,0,1,47,47
1449,3437,propensity_weighted,0.99164987512742,0,0,5,26
1450,3775,propensity_weighted,0.995753717402423,0,0,48,37
1451,4416,propensity_weighted,0.9954518478367324,0,0,20,16
1452,3434,propensity_weighted,0.9954149849795818,0,0,45,38
1453,1453,propensity_weighted,0.99658775600475,1,1,24,24
1454,510,propensity_weighted,0.9958920254590515,0,1,48,48
1455,3507,propensity_weighted,0.9960794739639616,0,0,48,24
1456,4288,propensity_weighted,0.9947828714239055,0,0,6,25
1457,722,propensity_weighted,0.993660978617054,0,0,31,11
1458,1458,propensity_weighted,0.9945623379106683,1,1,49,49
1459,2077,propensity_weighted,0.9936775183073953,0,0,41,49
1460,3616,propensity_weighted,0.9950972179415817,0,0,15,31
1461,2078,propensity_weighted,0.9940588215417939,0,0,25,10
1462,1462,propensity_weighted,0.9959946123325466,1,1,28,28
1463,1385,propensity_weighted,0.9945984681356662,0,1,14,14
1464,626,propensity_weighted,0.9964488673746413,0,0,28,3
1465,4485,propensity_weighted,0.9964065629665864,0,0,43,29
1466,1466,propensity_weighted,0.9917663447983185,1,1,5,5
1467,1976,propensity_weighted,0.996269197423699,0,0,6,33
1468,3069,propensity_weighted,0.9962060344303351,0,0,41,31
1469,2136,propensity_weighted,0.9953732384884626,0,0,45,14
1470,1470,propensity_weighted,0.9913963281527766,1,1,14,14
1471,2373,propensity_weighted,0.9950036431705496,0,0,7,13
1472,2322,propensity_weighted,0.9946888220452962,0,1,12,12
1473,3444,propensity_weighted,0.9941752293473137,0,0,0,5
1474,3973,propensity_weighted,0.9945377669923545,0,1,38,38
1475,2670,propensity_weighted,0.9957930427229176,0,0,23,28
1476,1197,propensity_weighted,0.9953373597603005,0,0,14,27
1477,838,propensity_weighted,0.9962718778069195,0,1,9,9
1478,4085,propensity_weighted,0.9957875598207578,0,0,23,43
1479,1479,propensity_weighted,0.9959392039700345,1,1,21,21
1480,369,propensity_weighted,0.9946136030181937,0,1,0,0
1481,3919,propensity_weighted,0.9946528100089126,0,0,37,30
1482,3719,propensity_weighted,0.9949698707685865,0,1,6,6
1483,95,propensity_weighted,0.9935873536906854,0,0,40,38
1484,487,propensity_weighted,0.9952948085950118,0,1,10,10
1485,1117,propensity_weighted,0.9953777877517682,0,1,28,28
1486,4135,propensity_weighted,0.9962003905527722,0,0,40,24
1487,1980,propensity_weighted,0.9944205890892509,0,0,39,37
1488,1193,propensity_weighted,0.9945457256197383,0,0,30,35
1489,804,propensity_weighted,0.9952391839468839,0,0,41,46
1490,4056,propensity_weighted,0.9949936566853567,0,0,8,23
1491,2755,propensity_weighted,0.9959173166534983,0,0,27,39
1492,3110,propensity_weighted,0.9956237069846873,0,0,7,34
1493,4109,propensity_weighted,0.9952841016891322,0,0,12,17
1494,1494,propensity_weighted,0.9959225867960042,1,1,42,42
1495,688,propensity_weighted,0.9873083681601716,0,0,3,35
1496,4010,propensity_weighted,0.9951961840988491,0,0,15,1
1497,2900,propensity_weighted,0.9959880202047486,0,0,15,16
1498,989,propensity_weighted,0.9959707685708387,0,1,0,0
1499,2979,propensity_weighted,0.9965534079959514,0,0,16,18
1500,4411,propensity_weighted,0.9965658131330489,0,1,23,23
1501,1501,propensity_weighted,0.994963770695991,1,1,5,5
1502,1087,propensity_weighted,0.9959639889544298,0,0,33,43
1503,1839,propensity_weighted,0.9949785295706854,0,0,30,27
1504,4873,propensity_weighted,0.995700197135455,0,0,49,43
1505,2666,propensity_weighted,0.9953361935393639,0,0,18,16
1506,4284,propensity_weighted,0.995546133282983,0,0,32,6
1507,2657,propensity_weighted,0.9941099889259037,0,0,17,25
1508,4007,propensity_weighted,0.9956370679967245,0,1,20,20
1509,291,propensity_weighted,0.9959645773022108,0,0,47,46
1510,4896,propensity_weighted,0.9965198424437726,0,0,21,39
1511,3808,propensity_weighted,0.9953526578160213,0,0,34,42
1512,242,propensity_weighted,0.9960216234693031,0,0,47,33
1513,249,propensity_weighted,0.9960337179779241,0,0,42,48
1514,1420,propensity_weighted,0.9954881589492449,0,0,14,17
1515,3189,propensity_weighted,0.9943690118661525,0,1,25,25
1516,2569,propensity_weighted,0.9936455250042562,0,0,22,12
1517,4665,propensity_weighted,0.9950776146127431,0,0,29,32
1518,2634,propensity_weighted,0.9957706408850527,0,0,1,7
1519,3536,propensity_weighted,0.9957234460846796,0,0,8,2
1520,378,propensity_weighted,0.994921285721618,0,0,12,3
1521,599,propensity_weighted,0.9949020900747676,0,0,42,26
1522,1744,propensity_weighted,0.9958849998795506,0,0,42,32
1523,3176,propensity_weighted,0.9957050525941332,0,0,9,24
1524,2204,propensity_weighted,0.9953700766104301,0,0,38,37
1525,344,propensity_weighted,0.9951621169875523,0,1,25,25
1526,1421,propensity_weighted,0.9957372633001199,0,0,27,29
1527,4854,propensity_weighted,0.9935101184723854,0,1,5,5
1528,2189,propensity_weighted,0.9959466145737969,0,0,27,29
1529,4738,propensity_weighted,0.9954380043864924,0,0,13,0
1530,647,propensity_weighted,0.9950502887173781,0,0,24,9
1531,139,propensity_weighted,0.9869219443618864,0,1,41,41
1532,827,propensity_weighted,0.9956951119526084,0,0,11,2
1533,1533,propensity_weighted,0.9950959490981014,1,1,41,41
1534,3379,propensity_weighted,0.9944629917026103,0,1,32,32
1535,4968,propensity_weighted,0.9953146814357762,0,0,22,27
1536,4896,propensity_weighted,0.9958016500544807,0,0,42,39
1537,4069,propensity_weighted,0.9930959532692185,0,0,42,46
1538,4982,propensity_weighted,0.9952717037647849,0,0,1,32
1539,946,propensity_weighted,0.9964138097703241,0,0,13,20
1540,3126,propensity_weighted,0.9956223227217579,0,0,20,37
1541,3193,propensity_weighted,0.9943594442514186,0,0,43,14
1542,24,propensity_weighted,0.9959273647701926,0,0,24,10
1543,1352,propensity_weighted,0.9959428328085137,0,1,20,20
1544,1757,propensity_weighted,0.9959496407607948,0,0,29,31
1545,3268,propensity_weighted,0.9957001209481194,0,0,20,10
1546,3349,propensity_weighted,0.9959247710662801,0,0,40,24
1547,3512,propensity_weighted,0.9949663278574858,0,0,1,13
1548,3884,propensity_weighted,0.9958091676915861,0,0,46,39
1549,3311,propensity_weighted,0.9920493942671735,0,1,41,41
1550,4279,propensity_weighted,0.9953795846159447,0,0,26,34
1551,329,propensity_weighted,0.9898806973297962,0,1,11,11
1552,4674,propensity_weighted,0.9952999298764993,0,0,2,11
1553,1923,propensity_weighted,0.9953719228893874,0,0,42,26
1554,2836,propensity_weighted,0.9959006037519694,0,0,37,47
1555,1617,propensity_weighted,0.9949037760272218,0,0,15,30
1556,3270,propensity_weighted,0.9951114165132626,0,0,44,38
1557,1974,propensity_weighted,0.9963670171807882,0,0,31,34
1558,2300,propensity_weighted,0.9963931993022849,0,1,11,11
1559,187,propensity_weighted,0.9957254889705666,0,0,38,49
1560,4435,propensity_weighted,0.9965568806651977,0,0,11,2
1561,3566,propensity_weighted,0.9932527714229381,0,0,49,48
1562,1589,propensity_weighted,0.9962053915891816,0,0,23,17
1563,371,propensity_weighted,0.9950065991038174,0,0,1,18
1564,2622,propensity_weighted,0.9926432086983452,0,0,44,43
1565,2803,propensity_weighted,0.9952193180294747,0,0,32,24
1566,2861,propensity_weighted,0.9960083622236684,0,0,7,23
1567,3975,propensity_weighted,0.9963002033967893,0,0,49,29
1568,3056,propensity_weighted,0.9950717505953435,0,0,25,17
1569,553,propensity_weighted,0.9932400801200739,0,0,29,26
1570,760,propensity_weighted,0.9959783325552911,0,0,16,40
1571,53,propensity_weighted,0.9943691632738765,0,0,6,0
1572,1572,propensity_weighted,0.996315070076038,1,1,16,16
1573,1573,propensity_weighted,0.995191462162645,1,1,48,48
1574,4743,propensity_weighted,0.9952392564291783,0,0,42,46
1575,966,propensity_weighted,0.9959717510874552,0,0,12,30
1576,3763,propensity_weighted,0.9961136845108866,0,1,41,41
1577,823,propensity_weighted,0.9946101583331711,0,0,10,2
1578,2119,propensity_weighted,0.9955557461825012,0,0,28,23
1579,161,propensity_weighted,0.996145713006981,0,0,9,16
1580,2042,propensity_weighted,0.9948827312580818,0,0,44,46
1581,4062,propensity_weighted,0.9958456293716914,0,0,15,27
1582,3859,propensity_weighted,0.9941358005888464,0,0,22,26
1583,1022,propensity_weighted,0.9958894303090381,0,0,2,9
1584,4073,propensity_weighted,0.9958442098252805,0,0,46,36
1585,4332,propensity_weighted,0.996209585490635,0,0,18,27
1586,1699,propensity_weighted,0.9930922937117804,0,0,3,8
1587,1128,propensity_weighted,0.9959474541207608,0,1,36,36
1588,1901,propensity_weighted,0.9949666132999077,0,0,42,43
1589,3889,propensity_weighted,0.9963050714135839,0,1,17,17
1590,613,propensity_weighted,0.9955526303215252,0,0,47,48
1591,4667,propensity_weighted,0.9951762819324983,0,0,39,37
1592,4631,propensity_weighted,0.9960410812766142,0,0,40,35
1593,2692,propensity_weighted,0.9964276983820081,0,0,41,45
1594,4696,propensity_weighted,0.9931553371298923,0,0,49,44
1595,2849,propensity_weighted,0.9943802844279822,0,0,24,44
1596,2617,propensity_weighted,0.9964419797526395,0,0,13,18
1597,4602,propensity_weighted,0.995392468893022,0,1,2,2
1598,4673,propensity_weighted,0.9938378241526297,0,0,22,7
1599,1529,propensity_weighted,0.9961154505946734,0,0,4,13
1600,4815,propensity_weighted,0.9946100787989843,0,1,45,45
1601,2022,propensity_weighted,0.9962912044805037,0,0,49,44
1602,1602,propensity_weighted,0.9957956973079775,1,1,49,49
1603,4330,propensity_weighted,0.9963091032650799,0,1,38,38
1604,1614,propensity_weighted,0.996104437351631,0,0,9,1
1605,122,propensity_weighted,0.9963956801561353,0,0,47,45
1606,2732,propensity_weighted,0.9953034327208172,0,0,48,49
1607,2291,propensity_weighted,0.9940243986519165,0,0,33,45
1608,4796,propensity_weighted,0.9949476349886872,0,0,44,49
1609,4028,propensity_weighted,0.9942245128150916,0,0,46,29
1610,1683,propensity_weighted,0.9961386027943162,0,0,27,13
1611,1644,propensity_weighted,0.9961355312784572,0,0,38,39
1612,2767,propensity_weighted,0.9963843498592284,0,0,35,33
1613,4819,propensity_weighted,0.9955336261420178,0,0,26,42
1614,4496,propensity_weighted,0.9955259410751051,0,0,1,10
1615,1049,propensity_weighted,0.9938919787064779,0,1,34,34
1616,1616,propensity_weighted,0.9942879719437612,1,1,1,1
1617,4841,propensity_weighted,0.9962643911908969,0,0,30,7
1618,2634,propensity_weighted,0.9959909799162397,0,0,14,7
1619,2306,propensity_weighted,0.9912872289381762,0,0,19,4
1620,624,propensity_weighted,0.9965358642497804,0,0,19,4
1621,2315,propensity_weighted,0.9944660352991997,0,0,1,11
1622,921,propensity_weighted,0.9946079888453582,0,1,0,0
1623,3733,propensity_weighted,0.9938031165924166,0,1,3,3
1624,1624,propensity_weighted,0.9952079948275828,1,1,14,14
1625,3705,propensity_weighted,0.9957749302781356,0,0,18,40
1626,3109,propensity_weighted,0.9951265983330381,0,0,21,4
1627,3787,propensity_weighted,0.9963075885946443,0,0,13,1
1628,2172,propensity_weighted,0.9840115520244501,0,0,28,34
1629,1557,propensity_weighted,0.9956149759493036,0,0,46,31
1630,862,propensity_weighted,0.9953619409470873,0,0,21,34
1631,2310,propensity_weighted,0.9954505827578667,0,0,42,43
1632,2535,propensity_weighted,0.9964022188495772,0,0,2,9
1633,2444,propensity_weighted,0.9960057503202286,0,0,27,43
1634,4313,propensity_weighted,0.9956158947029362,0,1,23,23
1635,4624,propensity_weighted,0.9943231441217159,0,0,32,16
1636,434,propensity_weighted,0.9954482887467205,0,0,38,45
1637,1793,propensity_weighted,0.9934242429081929,0,0,18,19
1638,2705,propensity_weighted,0.993874144293479,0,0,43,27
1639,1629,propensity_weighted,0.9945629031736448,0,0,47,46
1640,627,propensity_weighted,0.9955597212463514,0,0,42,33
1641,1596,propensity_weighted,0.996531670217534,0,0,18,13
1642,1025,propensity_weighted,0.9925721384793452,0,0,26,42
1643,316,propensity_weighted,0.9965104329766116,0,1,43,43
1644,453,propensity_weighted,0.9961717871137378,0,0,39,13
1645,4987,propensity_weighted,0.9861888234449752,0,0,38,33
1646,3375,propensity_weighted,0.996065434503704,0,0,20,37
1647,707,propensity_weighted,0.9956281043951355,0,0,24,9
1648,1072,propensity_weighted,0.9942246820004431,0,0,17,6
1649,2159,propensity_weighted,0.9962309957012592,0,1,39,39
1650,83,propensity_weighted,0.9956589358263036,0,1,1,1
1651,391,propensity_weighted,0.9963202430439669,0,0,15,27
1652,3949,propensity_weighted,0.996212508616452,0,0,23,33
1653,1087,propensity_weighted,0.9946143215771929,0,0,33,43
1654,3022,propensity_weighted,0.9959140874908781,0,0,32,42
1655,1386,propensity_weighted,0.9946436946446655,0,0,25,12
1656,3423,propensity_weighted,0.9948972285071691,0,0,8,10
1657,1218,propensity_weighted,0.9956357863965214,0,0,31,43
1658,3106,propensity_weighted,0.9955047090534561,0,0,14,28
1659,7,propensity_weighted,0.9965004649946416,0,0,13,15
1660,2912,propensity_weighted,0.9955105788595945,0,1,34,34
1661,4826,propensity_weighted,0.9958496279584921,0,1,40,40
1662,3535,propensity_weighted,0.9962760358161109,0,0,29,26
1663,2848,propensity_weighted,0.9957762390533863,0,0,9,1
1664,2445,propensity_weighted,0.9959192424820735,0,0,20,11
1665,2559,propensity_weighted,0.9941572688024596,0,0,0,19
1666,1250,propensity_weighted,0.9950001957383489,0,0,39,30
1667,3917,propensity_weighted,0.995205528693807,0,0,21,5
1668,104,propensity_weighted,0.9961649845911148,0,0,22,30
1669,1094,propensity_weighted,0.9962083352730912,0,1,6,6
1670,2652,propensity_weighted,0.995855257152726,0,0,12,15
1671,2464,propensity_weighted,0.9944269789504837,0,0,27,21
1672,1672,propensity_weighted,0.9954383127193513,1,1,34,34
1673,1635,propensity_weighted,0.9963617984505019,0,0,22,32
1674,685,propensity_weighted,0.9943520355863924,0,0,15,29
1675,3540,propensity_weighted,0.9964077179615725,0,0,32,17
1676,3564,propensity_weighted,0.9963549108346899,0,0,10,0
1677,4765,propensity_weighted,0.9955585859227671,0,0,26,47
1678,4611,propensity_weighted,0.9958241264945463,0,0,45,28
1679,4417,propensity_weighted,0.9961901546335734,0,0,3,13
1680,2926,propensity_weighted,0.9953018746111264,0,0,28,9
1681,1982,propensity_weighted,0.9964203362916948,0,0,23,26
1682,1682,propensity_weighted,0.9928851976428249,1,1,8,8
1683,4624,propensity_weighted,0.9949052041953373,0,0,13,16
1684,1903,propensity_weighted,0.9939396692315541,0,1,40,40
1685,158,propensity_weighted,0.9965930268814325,0,0,42,23
1686,4849,propensity_weighted,0.994949588504361,0,0,39,35
1687,4990,propensity_weighted,0.9959186379453242,0,0,10,21
1688,705,propensity_weighted,0.996054121051294,0,0,17,26
1689,1657,propensity_weighted,0.9835888144926834,0,0,36,31
1690,4699,propensity_weighted,0.9944619338571039,0,1,31,31
1691,1795,propensity_weighted,0.9953829106681307,0,1,33,33
1692,3877,propensity_weighted,0.9944310697712095,0,0,42,38
1693,507,propensity_weighted,0.9958721716727057,0,0,43,27
1694,968,propensity_weighted,0.9958613348274995,0,1,18,18
1695,1850,propensity_weighted,0.9963918403090931,0,0,24,44
1696,2519,propensity_weighted,0.9941608230508405,0,0,38,26
1697,2687,propensity_weighted,0.9950459931042911,0,0,38,14
1698,3940,propensity_weighted,0.9941514667443777,0,0,7,19
1699,2283,propensity_weighted,0.9843080268072033,0,1,8,8
1700,837,propensity_weighted,0.9952597120845514,0,1,12,12
1701,216,propensity_weighted,0.9947515930921639,0,0,22,4
1702,14,propensity_weighted,0.9954504753352548,0,0,27,19
1703,4938,propensity_weighted,0.995998080006296,0,1,15,15
1704,3266,propensity_weighted,0.9957575975583703,0,0,41,17
1705,2479,propensity_weighted,0.9962854912337463,0,0,41,45
1706,688,propensity_weighted,0.9951582312760313,0,0,3,35
1707,592,propensity_weighted,0.9945327438392466,0,0,27,16
1708,1921,propensity_weighted,0.9955344095481115,0,0,33,9
1709,1180,propensity_weighted,0.9953958651494956,0,0,46,41
1710,759,propensity_weighted,0.9940377340146127,0,0,5,26
1711,637,propensity_weighted,0.9905436029789457,0,0,19,7
1712,955,propensity_weighted,0.9958536133679876,0,0,33,2
1713,241,propensity_weighted,0.9956505469582734,0,0,1,4
1714,4486,propensity_weighted,0.994513171834477,0,0,29,1
1715,2463,propensity_weighted,0.9963838707519356,0,0,28,23
1716,3892,propensity_weighted,0.9957826781634513,0,1,37,37
1717,4402,propensity_weighted,0.9960510343161135,0,0,15,5
1718,4176,propensity_weighted,0.9960645317691252,0,0,2,1
1719,4494,propensity_weighted,0.9858894433315275,0,0,1,13
1720,27,propensity_weighted,0.9958474409249566,0,0,26,5
1721,2273,propensity_weighted,0.9960992461296687,0,0,35,31
1722,565,propensity_weighted,0.9953025409468063,0,0,10,40
1723,1723,propensity_weighted,0.9925565039884625,1,1,38,38
1724,1724,propensity_weighted,0.990653542966704,1,1,4,4
1725,4520,propensity_weighted,0.9964352182433426,0,0,16,35
1726,2006,propensity_weighted,0.9950704347130538,0,1,12,12
1727,1727,propensity_weighted,0.994449882377219,1,1,34,34
1728,2358,propensity_weighted,0.9950919505027536,0,0,17,41
1729,309,propensity_weighted,0.995046201889186,0,1,6,6
1730,3491,propensity_weighted,0.9946680847680025,0,0,22,35
1731,4742,propensity_weighted,0.994168761181582,0,0,23,3
1732,861,propensity_weighted,0.9953759025721538,0,0,4,0
1733,4541,propensity_weighted,0.9944456368845921,0,0,46,11
1734,1114,propensity_weighted,0.994436537436575,0,0,30,27
1735,1805,propensity_weighted,0.9963606944364666,0,0,32,25
1736,1007,propensity_weighted,0.9965866633377423,0,1,23,23
1737,420,propensity_weighted,0.9965047427145911,0,0,10,19
1738,1789,propensity_weighted,0.9960289342299362,0,1,47,47
1739,4584,propensity_weighted,0.9963031910086202,0,0,4,16
1740,3847,propensity_weighted,0.9931020623039285,0,0,2,11
1741,2821,propensity_weighted,0.9892469724332399,0,1,11,11
1742,4970,propensity_weighted,0.990531648803979,0,0,7,8
1743,1743,propensity_weighted,0.9939737414779611,1,1,25,25
1744,2390,propensity_weighted,0.9956697722545902,0,0,32,42
1745,4022,propensity_weighted,0.9917998586131304,0,1,17,17
1746,1746,propensity_weighted,0.9956049935565725,1,1,27,27
1747,1747,propensity_weighted,0.9949552400030804,1,1,33,33
1748,2567,propensity_weighted,0.9950082915150961,0,0,33,42
1749,3639,propensity_weighted,0.9955415530768509,0,0,33,28
1750,1750,propensity_weighted,0.9864840687784905,1,1,41,41
1751,1751,propensity_weighted,0.9950209652229981,1,1,4,4
1752,1265,propensity_weighted,0.9946841984598641,0,0,18,24
1753,16,propensity_weighted,0.9932285571453306,0,0,12,5
1754,3546,propensity_weighted,0.9949551950906994,0,1,12,12
1755,1375,propensity_weighted,0.9958040210164549,0,0,4,18
1756,204,propensity_weighted,0.9930174217063756,0,0,35,25
1757,4050,propensity_weighted,0.9957759408241351,0,0,31,29
1758,1298,propensity_weighted,0.9956531411819401,0,0,15,29
1759,1759,propensity_weighted,0.9937708596112351,1,1,10,10
1760,4671,propensity_weighted,0.9936368647635346,0,0,31,41
1761,298,propensity_weighted,0.9949448486767816,0,0,12,17
1762,700,propensity_weighted,0.995713997561519,0,1,10,10
1763,4021,propensity_weighted,0.9962329743581055,0,0,36,19
1764,4980,propensity_weighted,0.9951256349763601,0,1,2,2
1765,4447,propensity_weighted,0.9933296711266992,0,0,22,17
1766,1203,propensity_weighted,0.9947780143336583,0,0,1,16
1767,4530,propensity_weighted,0.9912431164344219,0,1,20,20
1768,233,propensity_weighted,0.9960372265579184,0,0,17,5
1769,4443,propensity_weighted,0.9946634639158618,0,0,31,19
1770,1205,propensity_weighted,0.9963840491638353,0,1,28,28
1771,4583,propensity_weighted,0.9962211632115441,0,1,27,27
1772,2486,propensity_weighted,0.9954471763530768,0,0,27,14
1773,1439,propensity_weighted,0.9939931949278331,0,0,3,33
1774,2289,propensity_weighted,0.9949018418045388,0,0,39,46
1775,1095,propensity_weighted,0.9951046931663512,0,0,38,43
1776,921,propensity_weighted,0.9939579998937359,0,0,7,0
1777,82,propensity_weighted,0.9953881914245323,0,0,6,9
1778,267,propensity_weighted,0.9956289258614496,0,1,30,30
1779,901,propensity_weighted,0.9963029195611013,0,0,36,41
1780,1780,propensity_weighted,0.995909579087585,1,1,38,38
1781,591,propensity_weighted,0.9950225650330267,0,0,29,39
1782,3312,propensity_weighted,0.9927348408415392,0,1,42,42
1783,3058,propensity_weighted,0.9961053237365244,0,0,39,29
1784,3689,propensity_weighted,0.994209365299521,0,0,35,30
1785,104,propensity_weighted,0.9964914171920924,0,0,25,30
1786,84,propensity_weighted,0.9954560656303765,0,0,40,15
1787,640,propensity_weighted,0.9938953658078125,0,0,13,1
1788,3851,propensity_weighted,0.9948529496298102,0,1,23,23
1789,4034,propensity_weighted,0.9961943028141333,0,1,47,47
1790,3333,propensity_weighted,0.9958917380185621,0,0,38,30
1791,757,propensity_weighted,0.9943703436785856,0,0,45,28
1792,530,propensity_weighted,0.9957800544677867,0,0,40,8
1793,126,propensity_weighted,0.9957091619955477,0,0,19,20
1794,3310,propensity_weighted,0.9957379455299658,0,0,29,48
1795,2268,propensity_weighted,0.9956527725651134,0,0,33,38
1796,3875,propensity_weighted,0.9942623686892926,0,1,41,41
1797,67,propensity_weighted,0.9946374903977099,0,0,14,35
1798,2083,propensity_weighted,0.9960481512465141,0,0,49,26
1799,3618,propensity_weighted,0.9945894886172276,0,0,5,26
1800,1948,propensity_weighted,0.993800302424975,0,0,32,31
1801,1508,propensity_weighted,0.9956276898027309,0,1,20,20
1802,1077,propensity_weighted,0.9948143713501734,0,0,11,20
1803,604,propensity_weighted,0.9962113685936673,0,0,47,41
1804,1135,propensity_weighted,0.9938228428270873,0,0,6,0
1805,454,propensity_weighted,0.9951225948747836,0,0,25,23
1806,3396,propensity_weighted,0.9959563774723484,0,0,22,26
1807,4970,propensity_weighted,0.9934588802710043,0,0,25,8
1808,1416,propensity_weighted,0.9937272984902166,0,0,17,22
1809,1809,propensity_weighted,0.9924783494119261,1,1,48,48
1810,4507,propensity_weighted,0.9956002436821296,0,0,5,12
1811,1811,propensity_weighted,0.9958432213589079,1,1,15,15
1812,3829,propensity_weighted,0.9941298462776316,0,0,13,24
1813,480,propensity_weighted,0.9945689346277597,0,0,6,31
1814,485,propensity_weighted,0.9940069333730663,0,0,39,16
1815,4503,propensity_weighted,0.9956385073015528,0,0,16,4
1816,2093,propensity_weighted,0.9952345272336866,0,0,11,1
1817,3480,propensity_weighted,0.995212793950945,0,0,7,1
1818,1055,propensity_weighted,0.9952955966779337,0,1,2,2
1819,1283,propensity_weighted,0.9949048673305052,0,0,6,32
1820,4738,propensity_weighted,0.9939731948014742,0,0,18,0
1821,3315,propensity_weighted,0.9962503980375572,0,0,1,3
1822,2802,propensity_weighted,0.9902314461708281,0,0,26,21
1823,4992,propensity_weighted,0.9948641946778883,0,0,12,25
1824,4575,propensity_weighted,0.9961705813747418,0,1,25,25
1825,1661,propensity_weighted,0.995420412198922,0,0,35,40
1826,1603,propensity_weighted,0.9942458394846256,0,1,38,38
1827,3669,propensity_weighted,0.9922203121312942,0,0,7,22
1828,1958,propensity_weighted,0.9954106942335782,0,1,0,0
1829,183,propensity_weighted,0.9936494310751985,0,0,11,6
1830,4384,propensity_weighted,0.9957444201873182,0,1,36,36
1831,2299,propensity_weighted,0.9645077053840471,0,0,19,17
1832,3594,propensity_weighted,0.9926327627119744,0,0,49,48
1833,2787,propensity_weighted,0.9958902224430075,0,0,23,26
1834,882,propensity_weighted,0.9958503367882741,0,0,29,22
1835,1835,propensity_weighted,0.9876453725749166,1,1,37,37
1836,4922,propensity_weighted,0.9875106255200137,0,0,39,37
1837,3302,propensity_weighted,0.9954790837705455,0,1,39,39
1838,3837,propensity_weighted,0.9957924512070971,0,0,43,36
1839,13,propensity_weighted,0.9943641562330152,0,0,27,36
1840,1923,propensity_weighted,0.996118953779287,0,0,39,26
1841,1441,propensity_weighted,0.9940359203689283,0,1,25,25
1842,3778,propensity_weighted,0.9947011440482819,0,0,5,12
1843,290,propensity_weighted,0.9959825193681696,0,0,18,24
1844,1844,propensity_weighted,0.9953327187165782,1,1,24,24
1845,752,propensity_weighted,0.9959314142663526,0,0,21,27
1846,3036,propensity_weighted,0.9949352724700862,0,0,24,6
1847,2838,propensity_weighted,0.9956733003339507,0,0,15,40
1848,826,propensity_weighted,0.9964969603685817,0,0,20,4
1849,924,propensity_weighted,0.9953911461351314,0,0,41,47
1850,974,propensity_weighted,0.9958773854909112,0,0,44,43
1851,1423,propensity_weighted,0.994578668087318,0,0,44,45
1852,4795,propensity_weighted,0.9753153627393416,0,0,40,48
1853,3264,propensity_weighted,0.9957681111487475,0,0,17,35
1854,3402,propensity_weighted,0.9954980809704723,0,0,20,17
1855,1855,propensity_weighted,0.9951187295690452,1,1,21,21
1856,2601,propensity_weighted,0.9910702167070727,0,1,6,6
1857,2802,propensity_weighted,0.9957890361549036,0,0,23,21
1858,4738,propensity_weighted,0.9952992179806291,0,0,4,0
1859,4279,propensity_weighted,0.9957791726881531,0,0,14,34
1860,4980,propensity_weighted,0.9951929920448414,0,1,2,2
1861,4272,propensity_weighted,0.9941687874205253,0,0,44,47
1862,2812,propensity_weighted,0.9963578130216868,0,1,8,8
1863,2502,propensity_weighted,0.994575757972288,0,0,20,1
1864,33,propensity_weighted,0.995319621100178,0,0,8,3
1865,2955,propensity_weighted,0.9960125236539148,0,1,4,4
1866,4958,propensity_weighted,0.9941738381863607,0,0,28,44
1867,1867,propensity_weighted,0.9945026190101669,1,1,8,8
1868,2460,propensity_weighted,0.9958703777893193,0,0,35,3
1869,2214,propensity_weighted,0.9957682218067453,0,0,28,34
1870,2577,propensity_weighted,0.9947059831833667,0,0,38,35
1871,2079,propensity_weighted,0.9962730452581022,0,0,1,9
1872,1872,propensity_weighted,0.9957326317059847,1,1,29,29
1873,3500,propensity_weighted,0.996326274019441,0,0,47,44
1874,642,propensity_weighted,0.9963021362964968,0,0,42,44
1875,430,propensity_weighted,0.9932229389836428,0,1,11,11
1876,2496,propensity_weighted,0.9954819835686053,0,0,23,25
1877,298,propensity_weighted,0.9939382822259365,0,1,17,17
1878,662,propensity_weighted,0.9948439501268053,0,0,15,22
1879,1207,propensity_weighted,0.9949533138137194,0,0,23,14
1880,4079,propensity_weighted,0.9956409717289598,0,0,14,23
1881,2078,propensity_weighted,0.9948101431830536,0,0,22,10
1882,4503,propensity_weighted,0.9948010619909795,0,1,4,4
1883,4416,propensity_weighted,0.9962154827587851,0,0,29,16
1884,22,propensity_weighted,0.9922125480310844,0,1,46,46
1885,2698,propensity_weighted,0.9932742515710468,0,0,26,14
1886,671,propensity_weighted,0.9941178540875395,0,0,7,14
1887,1887,propensity_weighted,0.9888441120722109,1,1,5,5
1888,157,propensity_weighted,0.9944725292362615,0,0,44,31
1889,4809,propensity_weighted,0.9961900628516875,0,0,43,37
1890,1135,propensity_weighted,0.9913658926309601,0,1,0,0
1891,2775,propensity_weighted,0.9952079080266124,0,1,25,25
1892,1892,propensity_weighted,0.99310507694248,1,1,37,37
1893,1317,propensity_weighted,0.9956615284159327,0,0,9,28
1894,2873,propensity_weighted,0.995954875581633,0,0,30,22
1895,4007,propensity_weighted,0.9964708360875327,0,0,2,20
1896,4872,propensity_weighted,0.9960253658266172,0,0,5,23
1897,2931,propensity_weighted,0.9948345719391706,0,0,2,17
1898,3127,propensity_weighted,0.9944215927847353,0,0,45,33
1899,125,propensity_weighted,0.996306370794006,0,0,46,44
1900,1573,propensity_weighted,0.9956248150260236,0,0,38,48
1901,422,propensity_weighted,0.9951026300001621,0,1,43,43
1902,4183,propensity_weighted,0.9959493249905436,0,0,20,6
1903,1903,propensity_weighted,0.9931922477039871,1,1,40,40
1904,3228,propensity_weighted,0.9916392954204338,0,1,31,31
1905,1587,propensity_weighted,0.9958120439042816,0,0,31,36
1906,4928,propensity_weighted,0.9961358067511396,0,0,29,18
1907,1174,propensity_weighted,0.9955104404462436,0,0,27,4
1908,325,propensity_weighted,0.9940180537591028,0,1,5,5
1909,3831,propensity_weighted,0.9963887428394039,0,1,4,4
1910,3174,propensity_weighted,0.9951857493925449,0,0,5,8
1911,3332,propensity_weighted,0.993704225503881,0,0,6,13
1912,3249,propensity_weighted,0.9953162346798275,0,0,41,31
1913,3658,propensity_weighted,0.9960991664975265,0,0,23,43
1914,3509,propensity_weighted,0.9948197520109172,0,0,46,32
1915,4585,propensity_weighted,0.9960632319749165,0,0,8,21
1916,4066,propensity_weighted,0.9956791954620744,0,1,0,0
1917,3814,propensity_weighted,0.993930968915479,0,0,25,26
1918,1321,propensity_weighted,0.9952646836381381,0,1,21,21
1919,1900,propensity_weighted,0.9934661994641444,0,0,48,38
1920,12,propensity_weighted,0.9906575924637933,0,0,30,35
1921,455,propensity_weighted,0.9959109661963946,0,0,9,6
1922,978,propensity_weighted,0.9934985972452298,0,0,12,22
1923,667,propensity_weighted,0.9949107994355226,0,0,26,12
1924,2364,propensity_weighted,0.99556601825253,0,0,34,35
1925,4363,propensity_weighted,0.9957889876353183,0,0,7,22
1926,1380,propensity_weighted,0.9898877272049882,0,1,11,11
1927,804,propensity_weighted,0.9960841589295382,0,0,34,46
1928,4457,propensity_weighted,0.9959605506980672,0,1,34,34
1929,808,propensity_weighted,0.9919112151259688,0,0,3,8
1930,1348,propensity_weighted,0.9956669554966575,0,1,20,20
1931,1668,propensity_weighted,0.9957055870011181,0,0,27,22
1932,2543,propensity_weighted,0.9951449132315818,0,0,49,44
1933,2536,propensity_weighted,0.9959101219886582,0,1,9,9
1934,1934,propensity_weighted,0.9955291854192165,1,1,37,37
1935,2736,propensity_weighted,0.9948303488775724,0,1,35,35
1936,1936,propensity_weighted,0.9896847710466304,1,1,40,40
1937,156,propensity_weighted,0.9952720328686004,0,1,6,6
1938,4707,propensity_weighted,0.9957504904789146,0,0,41,44
1939,4045,propensity_weighted,0.9939729692426608,0,1,24,24
1940,1940,propensity_weighted,0.9955516420115481,1,1,30,30
1941,4000,propensity_weighted,0.9958091069094417,0,0,43,33
1942,1431,propensity_weighted,0.9950296880958381,0,1,11,11
1943,4510,propensity_weighted,0.9952962006523657,0,0,39,34
1944,725,propensity_weighted,0.9953812583472894,0,0,48,24
1945,1090,propensity_weighted,0.9959062412408937,0,0,43,36
1946,3257,propensity_weighted,0.9945129056604377,0,0,10,17
1947,636,propensity_weighted,0.9953232036539345,0,0,5,7
1948,2965,propensity_weighted,0.9879066224428239,0,0,31,19
1949,2529,propensity_weighted,0.9943764784663404,0,0,12,17
1950,1834,propensity_weighted,0.995714671317992,0,1,29,29
1951,2797,propensity_weighted,0.9886181735897421,0,0,1,2
1952,1952,propensity_weighted,0.9959885873007994,1,1,19,19
1953,4670,propensity_weighted,0.9961570119167346,0,0,25,7
1954,906,propensity_weighted,0.9911594070039799,0,0,37,39
1955,3801,propensity_weighted,0.9948129501548529,0,0,32,6
1956,3019,propensity_weighted,0.991647394980553,0,0,48,42
1957,3353,propensity_weighted,0.9964307614730625,0,0,3,9
1958,1828,propensity_weighted,0.9945250232612451,0,1,0,0
1959,244,propensity_weighted,0.9949552981750982,0,0,27,39
1960,1960,propensity_weighted,0.9959871369327326,1,1,40,40
1961,3326,propensity_weighted,0.9958579377389494,0,0,15,19
1962,400,propensity_weighted,0.9955400533902942,0,0,32,10
1963,1963,propensity_weighted,0.9902588278483788,1,1,7,7
1964,199,propensity_weighted,0.9958522600812363,0,0,19,0
1965,3268,propensity_weighted,0.9959712711417829,0,0,25,10
1966,1646,propensity_weighted,0.9960864543975624,0,0,37,20
1967,4395,propensity_weighted,0.9935360043917161,0,0,48,39
1968,4585,propensity_weighted,0.9951815443543673,0,0,16,21
1969,776,propensity_weighted,0.9953547210183581,0,0,49,27
1970,1892,propensity_weighted,0.9963051010803912,0,1,37,37
1971,3864,propensity_weighted,0.9957760667889825,0,1,41,41
1972,1811,propensity_weighted,0.9960464406059958,0,0,11,15
1973,1309,propensity_weighted,0.9962771621514493,0,0,45,28
1974,267,propensity_weighted,0.995679702242486,0,0,34,30
1975,148,propensity_weighted,0.9955046252823148,0,0,27,49
1976,4277,propensity_weighted,0.9936346062789306,0,0,33,23
1977,2066,propensity_weighted,0.9962983801144156,0,0,7,36
1978,1978,propensity_weighted,0.9799586118871567,1,1,1,1
1979,307,propensity_weighted,0.9947733002148491,0,0,18,40
1980,1554,propensity_weighted,0.995772938245152,0,1,37,37
1981,2301,propensity_weighted,0.9955653074095475,0,0,43,44
1982,4831,propensity_weighted,0.9954956089960386,0,0,26,44
1983,1446,propensity_weighted,0.9952818002554343,0,0,13,21
1984,4991,propensity_weighted,0.9947945031866269,0,0,30,25
1985,3270,propensity_weighted,0.9956682697790199,0,0,45,38
1986,1244,propensity_weighted,0.9942571859046164,0,0,21,26
1987,2546,propensity_weighted,0.9957704156912345,0,1,25,25
1988,1022,propensity_weighted,0.9959360187756707,0,0,1,9
1989,2612,propensity_weighted,0.9946814325914242,0,0,36,2
1990,4732,propensity_weighted,0.9950409542188757,0,0,45,47
1991,220,propensity_weighted,0.996352649063728,0,0,39,35
1992,2324,propensity_weighted,0.9868252124940423,0,1,4,4
1993,3154,propensity_weighted,0.9944368416172691,0,1,43,43
1994,3814,propensity_weighted,0.9934514816843042,0,0,30,26
1995,958,propensity_weighted,0.9946913050708331,0,1,16,16
1996,4362,propensity_weighted,0.9953152416763955,0,0,17,9
1997,4358,propensity_weighted,0.9939805904689768,0,0,35,27
1998,617,propensity_weighted,0.9963654475164111,0,0,18,24
1999,2583,propensity_weighted,0.9965054301810916,0,0,39,7
2000,3071,propensity_weighted,0.9953834200044201,0,0,23,20
2001,1675,propensity_weighted,0.995193122321659,0,0,41,32
2002,2370,propensity_weighted,0.9920525711709111,0,1,36,36
2003,2663,propensity_weighted,0.9954110177482619,0,0,43,15
2004,750,propensity_weighted,0.99596906908781,0,0,27,47
2005,4899,propensity_weighted,0.99526604936229,0,0,30,20
2006,3904,propensity_weighted,0.9952548550136365,0,0,12,40
2007,100,propensity_weighted,0.9962331289288849,0,0,44,45
2008,925,propensity_weighted,0.9945731653251794,0,0,0,4
2009,1053,propensity_weighted,0.9961984831488144,0,0,20,18
2010,3674,propensity_weighted,0.9957573697293857,0,0,33,47
2011,1058,propensity_weighted,0.9956428388918361,0,0,2,6
2012,2692,propensity_weighted,0.9965505948854242,0,0,44,45
2013,2452,propensity_weighted,0.9965705176562907,0,1,44,44
2014,594,propensity_weighted,0.9952140467917453,0,0,43,21
2015,1041,propensity_weighted,0.9957358656635074,0,0,4,13
2016,3378,propensity_weighted,0.9945114665570162,0,0,33,49
2017,4007,propensity_weighted,0.9964018984206312,0,0,9,20
2018,2316,propensity_weighted,0.996369861402187,0,0,0,9
2019,1683,propensity_weighted,0.9963345100966615,0,0,35,13
2020,2020,propensity_weighted,0.9956892868042062,1,1,3,3
2021,2021,propensity_weighted,0.9953593350041834,1,1,23,23
2022,4753,propensity_weighted,0.993897425314832,0,0,44,49
2023,821,propensity_weighted,0.9954314440638723,0,0,22,5
2024,1737,propensity_weighted,0.996022487767951,0,0,37,10
2025,3266,propensity_weighted,0.9952454782164186,0,1,17,17
2026,2525,propensity_weighted,0.9956315735059688,0,0,3,11
2027,1401,propensity_weighted,0.9954714216664434,0,0,22,29
2028,2377,propensity_weighted,0.9960310932661849,0,0,41,44
2029,4427,propensity_weighted,0.9946270509289009,0,0,30,37
2030,1748,propensity_weighted,0.9946748691504,0,0,44,33
2031,944,propensity_weighted,0.9958301117737196,0,0,42,22
2032,401,propensity_weighted,0.9951288886108035,0,0,13,27
2033,4953,propensity_weighted,0.9947244579828471,0,0,3,8
2034,3957,propensity_weighted,0.995422583003819,0,0,16,4
2035,640,propensity_weighted,0.9950866983558921,0,0,11,1
2036,2036,propensity_weighted,0.9963739929085844,1,1,10,10
2037,2037,propensity_weighted,0.9887339695987329,1,1,41,41
2038,966,propensity_weighted,0.9958017923715043,0,0,15,30
2039,1971,propensity_weighted,0.9965433090619311,0,0,47,41
2040,2040,propensity_weighted,0.9958402915545898,1,1,15,15
2041,2053,propensity_weighted,0.9943197328754907,0,0,30,33
2042,961,propensity_weighted,0.9944590766195873,0,0,46,47
2043,3370,propensity_weighted,0.9943782549634091,0,0,14,15
2044,2044,propensity_weighted,0.9925410709166501,1,1,12,12
2045,3756,propensity_weighted,0.9959689561588818,0,0,41,31
2046,1450,propensity_weighted,0.9935837773712853,0,0,25,48
2047,2262,propensity_weighted,0.9958889712263158,0,0,21,18
2048,2163,propensity_weighted,0.995585985010104,0,0,3,20
2049,2049,propensity_weighted,0.9956319598666623,1,1,41,41
2050,2317,propensity_weighted,0.992779681139168,0,1,11,11
2051,1010,propensity_weighted,0.9946428922047217,0,0,6,16
2052,4361,propensity_weighted,0.9947906213458999,0,0,17,7
2053,2041,propensity_weighted,0.9961738780105613,0,0,33,30
2054,3016,propensity_weighted,0.9961398212773127,0,0,11,19
2055,3163,propensity_weighted,0.9935657366075428,0,0,48,49
2056,4405,propensity_weighted,0.993382645892025,0,0,35,18
2057,2966,propensity_weighted,0.9914887284223121,0,0,7,28
2058,570,propensity_weighted,0.9956456752273977,0,0,12,18
2059,3210,propensity_weighted,0.9942828092423214,0,0,1,2
2060,2826,propensity_weighted,0.99574844593128,0,1,16,16
2061,2061,propensity_weighted,0.9954461377827374,1,1,31,31
2062,3591,propensity_weighted,0.9927701469843578,0,1,10,10
2063,1334,propensity_weighted,0.9941051050966426,0,0,8,10
2064,2461,propensity_weighted,0.9958136468959122,0,0,11,4
2065,836,propensity_weighted,0.9948470262841901,0,0,40,18
2066,391,propensity_weighted,0.9954837800520184,0,0,36,27
2067,2025,propensity_weighted,0.9926972449311161,0,0,14,17
2068,2401,propensity_weighted,0.9939758071629933,0,0,5,8
2069,3184,propensity_weighted,0.9951470599347197,0,1,5,5
2070,4332,propensity_weighted,0.995673091390542,0,0,38,27
2071,826,propensity_weighted,0.9959956408850488,0,0,20,4
2072,2072,propensity_weighted,0.9953424151532065,1,1,40,40
2073,729,propensity_weighted,0.9952148570200154,0,0,27,39
2074,2445,propensity_weighted,0.9954040565189166,0,0,19,11
2075,1098,propensity_weighted,0.9964676789373734,0,0,38,31
2076,4571,propensity_weighted,0.9959092262058378,0,0,42,34
2077,3602,propensity_weighted,0.9947408419862521,0,0,49,44
2078,2650,propensity_weighted,0.9966036236597637,0,0,10,17
2079,306,propensity_weighted,0.99567542051056,0,0,9,6
2080,786,propensity_weighted,0.9951017911787136,0,0,9,2
2081,794,propensity_weighted,0.9954319532231707,0,0,1,2
2082,3149,propensity_weighted,0.9936859060282965,0,0,40,26
2083,3505,propensity_weighted,0.9965020160349247,0,0,26,29
2084,1313,propensity_weighted,0.994643774810236,0,0,26,5
2085,962,propensity_weighted,0.9960660309375245,0,1,16,16
2086,3023,propensity_weighted,0.9952264745154049,0,0,38,49
2087,1479,propensity_weighted,0.9951457961153131,0,0,19,21
2088,2419,propensity_weighted,0.9956116889604603,0,0,33,24
2089,431,propensity_weighted,0.995485140515158,0,0,14,36
2090,4608,propensity_weighted,0.9961143661052423,0,0,43,44
2091,2415,propensity_weighted,0.9958077082167005,0,0,23,9
2092,483,propensity_weighted,0.995698054512294,0,0,42,22
2093,4783,propensity_weighted,0.9950988800758996,0,0,1,11
2094,2650,propensity_weighted,0.9960845566387196,0,0,19,17
2095,2095,propensity_weighted,0.9944179935541213,1,1,19,19
2096,1934,propensity_weighted,0.9957995773173431,0,0,10,37
2097,2097,propensity_weighted,0.9937250955509744,1,1,3,3
2098,1939,propensity_weighted,0.9966373329653919,0,1,24,24
2099,4969,propensity_weighted,0.9955773800038215,0,0,21,5
2100,1458,propensity_weighted,0.9957432892061036,0,0,48,49
2101,2256,propensity_weighted,0.9950972623588163,0,0,20,37
2102,421,propensity_weighted,0.9957145133497298,0,0,49,44
2103,4047,propensity_weighted,0.9953206505196946,0,0,22,12
2104,3957,propensity_weighted,0.9955595139465924,0,0,13,4
2105,2105,propensity_weighted,0.9962716528965176,1,1,45,45
2106,402,propensity_weighted,0.9947659246739675,0,0,26,8
2107,1967,propensity_weighted,0.993936914291094,0,1,48,48
2108,559,propensity_weighted,0.9934926116588852,0,1,40,40
2109,3713,propensity_weighted,0.9951677792847732,0,0,38,30
2110,2110,propensity_weighted,0.9947195881904746,1,1,31,31
2111,4296,propensity_weighted,0.9950344197435202,0,0,33,45
2112,2112,propensity_weighted,0.9957970915915866,1,1,16,16
2113,3137,propensity_weighted,0.9915804714728488,0,0,42,25
2114,1466,propensity_weighted,0.9927697964279448,0,1,5,5
2115,1376,propensity_weighted,0.9920967478523811,0,1,17,17
2116,3346,propensity_weighted,0.9959167654762443,0,0,23,38
2117,559,propensity_weighted,0.9936906407880746,0,0,48,40
2118,3493,propensity_weighted,0.9957830067797566,0,0,14,26
2119,1940,propensity_weighted,0.9954345531560039,0,0,23,30
2120,1334,propensity_weighted,0.9962183186683126,0,0,5,10
2121,2952,propensity_weighted,0.9961693808166346,0,1,45,45
2122,791,propensity_weighted,0.9965308169647922,0,1,32,32
2123,1902,propensity_weighted,0.9960554067727632,0,0,24,20
2124,1820,propensity_weighted,0.9965796403180027,0,0,0,18
2125,517,propensity_weighted,0.9942886968811574,0,0,3,12
2126,4697,propensity_weighted,0.9961394536994631,0,0,23,49
2127,563,propensity_weighted,0.99625221867955,0,0,40,43
2128,1058,propensity_weighted,0.9944267492014467,0,0,9,6
2129,3386,propensity_weighted,0.993213486312168,0,0,6,1
2130,1092,propensity_weighted,0.9952703276243811,0,0,5,18
2131,572,propensity_weighted,0.995823550750069,0,0,21,39
2132,1462,propensity_weighted,0.9964813273156611,0,1,28,28
2133,4579,propensity_weighted,0.9947610872422035,0,1,49,49
2134,1996,propensity_weighted,0.9958563351843163,0,0,36,17
2135,2333,propensity_weighted,0.9955140078377008,0,1,42,42
2136,1770,propensity_weighted,0.9957048394523629,0,0,14,28
2137,839,propensity_weighted,0.9955934375966858,0,0,48,49
2138,805,propensity_weighted,0.9962111362849102,0,0,13,15
2139,3340,propensity_weighted,0.9958407196646519,0,0,47,30
2140,3620,propensity_weighted,0.9957459596716463,0,0,24,19
2141,4177,propensity_weighted,0.992761741558655,0,0,9,1
2142,1346,propensity_weighted,0.9949523644716974,0,0,13,6
2143,684,propensity_weighted,0.9948228231416337,0,1,25,25
2144,294,propensity_weighted,0.9953467995031982,0,0,13,16
2145,4675,propensity_weighted,0.989052917822097,0,0,19,4
2146,4247,propensity_weighted,0.9957057412751409,0,1,0,0
2147,2626,propensity_weighted,0.9950810335713385,0,0,5,24
2148,3453,propensity_weighted,0.9962405313135262,0,1,22,22
2149,2945,propensity_weighted,0.9965754843904525,0,0,42,32
2150,938,propensity_weighted,0.9959758535040127,0,0,9,20
2151,630,propensity_weighted,0.994625189698405,0,0,31,41
2152,2152,propensity_weighted,0.9895776618220308,1,1,48,48
2153,1557,propensity_weighted,0.9962681690146967,0,0,36,31
2154,3913,propensity_weighted,0.9951019510853865,0,1,28,28
2155,2155,propensity_weighted,0.9936111700293729,1,1,35,35
2156,1796,propensity_weighted,0.9951367160766814,0,0,32,41
2157,558,propensity_weighted,0.9962040443130199,0,0,42,38
2158,1184,propensity_weighted,0.9964037225580449,0,0,4,15
2159,3571,propensity_weighted,0.9961955106529734,0,0,39,29
2160,2160,propensity_weighted,0.995590096142248,1,1,12,12
2161,1200,propensity_weighted,0.9964116864389144,0,1,12,12
2162,3626,propensity_weighted,0.9951343336547593,0,1,11,11
2163,938,propensity_weighted,0.9959499110322535,0,1,20,20
2164,4549,propensity_weighted,0.9892996030880802,0,0,13,15
2165,944,propensity_weighted,0.9945041784102131,0,1,22,22
2166,1811,propensity_weighted,0.9853435745852157,0,0,19,15
2167,2555,propensity_weighted,0.9962947751810692,0,0,28,23
2168,4419,propensity_weighted,0.9960938574128958,0,1,43,43
2169,3273,propensity_weighted,0.9952981718483971,0,0,38,46
2170,2952,propensity_weighted,0.9965319896298926,0,0,41,45
2171,3342,propensity_weighted,0.9929173348115954,0,0,10,12
2172,2875,propensity_weighted,0.993329891274004,0,0,34,45
2173,2015,propensity_weighted,0.9921101215322329,0,0,19,4
2174,3390,propensity_weighted,0.9954248443586912,0,0,14,15
2175,3064,propensity_weighted,0.9952199166530405,0,0,45,33
2176,4071,propensity_weighted,0.9943607030011907,0,1,40,40
2177,2261,propensity_weighted,0.9954467808888499,0,0,25,12
2178,2164,propensity_weighted,0.9938392218382059,0,0,31,13
2179,401,propensity_weighted,0.9962700263375526,0,0,13,27
2180,3180,propensity_weighted,0.9946610379479085,0,0,1,15
2181,2181,propensity_weighted,0.9945144144936577,1,1,11,11
2182,1183,propensity_weighted,0.9950388324388411,0,0,22,26
2183,3310,propensity_weighted,0.9953833578216982,0,0,37,48
2184,4770,propensity_weighted,0.9960829299704951,0,0,4,19
2185,4770,propensity_weighted,0.9957274346577014,0,0,0,19
2186,2186,propensity_weighted,0.9956048754583119,1,1,13,13
2187,3770,propensity_weighted,0.9954760488378326,0,1,34,34
2188,1138,propensity_weighted,0.9943273909128009,0,1,18,18
2189,3223,propensity_weighted,0.9961831086359015,0,0,29,3
2190,2190,propensity_weighted,0.9955698098894021,1,1,43,43
2191,2931,propensity_weighted,0.9942219658517221,0,0,14,17
2192,2641,propensity_weighted,0.9946325045540497,0,0,13,0
2193,4824,propensity_weighted,0.9953187647692994,0,0,4,30
2194,972,propensity_weighted,0.9960307819894398,0,0,13,16
2195,1894,propensity_weighted,0.9955905077863779,0,0,22,30
2196,4726,propensity_weighted,0.9958666323140993,0,0,42,15
2197,2849,propensity_weighted,0.9951879976367438,0,0,24,44
2198,3764,propensity_weighted,0.9958257714359041,0,1,5,5
2199,1408,propensity_weighted,0.9949565577258468,0,0,43,34
2200,4789,propensity_weighted,0.9964185443621044,0,0,29,48
2201,4453,propensity_weighted,0.9956747192779989,0,1,39,39
2202,4260,propensity_weighted,0.994598785839227,0,0,34,38
2203,3830,propensity_weighted,0.99550780005259,0,0,15,21
2204,215,propensity_weighted,0.9950793457718642,0,0,37,46
2205,648,propensity_weighted,0.9939120820755326,0,1,2,2
2206,2019,propensity_weighted,0.9955126993118143,0,0,29,35
2207,3418,propensity_weighted,0.9945933858652711,0,0,2,9
2208,3247,propensity_weighted,0.996225895654711,0,0,27,16
2209,1357,propensity_weighted,0.9954383103290707,0,0,26,5
2210,1919,propensity_weighted,0.9920510389250079,0,0,44,48
2211,3653,propensity_weighted,0.9953659312321451,0,0,29,42
2212,2212,propensity_weighted,0.9957717314737299,1,1,6,6
2213,3112,propensity_weighted,0.9948514519049622,0,0,21,15
2214,3393,propensity_weighted,0.9959968194954316,0,0,34,36
2215,1918,propensity_weighted,0.9948010293526491,0,0,24,21
2216,2057,propensity_weighted,0.9938508251813729,0,0,36,7
2217,599,propensity_weighted,0.9946221578211558,0,0,22,26
2218,833,propensity_weighted,0.9957903797774443,0,0,18,21
2219,4517,propensity_weighted,0.9958149241346861,0,0,22,13
2220,1440,propensity_weighted,0.9957758910303838,0,0,37,35
2221,2606,propensity_weighted,0.9958644352945563,0,0,1,11
2222,4947,propensity_weighted,0.9959205817077352,0,0,23,20
2223,3273,propensity_weighted,0.9957233639815828,0,0,43,46
2224,4223,propensity_weighted,0.9963666794412908,0,0,21,14
2225,468,propensity_weighted,0.995536070075765,0,0,7,36
2226,3076,propensity_weighted,0.9946320571783588,0,0,34,30
2227,2017,propensity_weighted,0.9956557266049423,0,1,9,9
2228,2607,propensity_weighted,0.9941229668231135,0,0,15,11
2229,2985,propensity_weighted,0.9950383162406391,0,0,49,43
2230,282,propensity_weighted,0.9957087717983653,0,0,22,29
2231,915,propensity_weighted,0.9961007516363684,0,0,7,4
2232,674,propensity_weighted,0.9957638875720616,0,0,14,22
2233,1678,propensity_weighted,0.9956242257434396,0,0,38,45
2234,1927,propensity_weighted,0.9944924312608702,0,0,41,34
2235,3932,propensity_weighted,0.994513006499032,0,0,20,19
2236,4008,propensity_weighted,0.9937337428183497,0,0,35,3
2237,4477,propensity_weighted,0.9963156981047674,0,0,29,7
2238,4099,propensity_weighted,0.9957794767989746,0,0,4,12
2239,4304,propensity_weighted,0.9961026355028775,0,1,32,32
2240,375,propensity_weighted,0.9962155817485596,0,0,18,13
2241,876,propensity_weighted,0.9961988487694797,0,0,20,18
2242,992,propensity_weighted,0.9963645369874344,0,0,30,14
2243,4251,propensity_weighted,0.9942961702196346,0,0,49,47
2244,2606,propensity_weighted,0.9948699011131596,0,1,11,11
2245,3335,propensity_weighted,0.9935958566765137,0,1,22,22
2246,2246,propensity_weighted,0.9946440678156163,1,1,19,19
2247,92,propensity_weighted,0.9950745898973073,0,0,36,34
2248,3038,propensity_weighted,0.9958937814931645,0,0,6,32
2249,4348,propensity_weighted,0.9924741770528994,0,1,0,0
2250,648,propensity_weighted,0.9954349920404426,0,0,23,2
2251,2859,propensity_weighted,0.9949130497450765,0,0,45,28
2252,1020,propensity_weighted,0.9938690067100352,0,0,15,14
2253,677,propensity_weighted,0.996059029246528,0,0,0,10
2254,2000,propensity_weighted,0.9947842898962204,0,0,17,23
2255,67,propensity_weighted,0.9960757951055393,0,0,40,35
2256,4453,propensity_weighted,0.9965906791189793,0,0,37,39
2257,523,propensity_weighted,0.9962047229725708,0,0,23,9
2258,753,propensity_weighted,0.9941033398027184,0,1,48,48
2259,30,propensity_weighted,0.9961455640010686,0,1,30,30
2260,2230,propensity_weighted,0.9956379738016065,0,0,7,22
2261,3066,propensity_weighted,0.9960390716333565,0,1,12,12
2262,893,propensity_weighted,0.996136544675943,0,0,18,19
2263,1077,propensity_weighted,0.994554624241596,0,1,20,20
2264,1608,propensity_weighted,0.9961874729195899,0,0,40,44
2265,2550,propensity_weighted,0.9957317527104257,0,1,36,36
2266,4452,propensity_weighted,0.9915437015211874,0,0,0,4
2267,1760,propensity_weighted,0.9964086446827708,0,0,41,31
2268,4061,propensity_weighted,0.9955841103932236,0,0,38,35
2269,2427,propensity_weighted,0.9929421113353228,0,0,11,20
2270,1655,propensity_weighted,0.9945083403433724,0,0,21,25
2271,3626,propensity_weighted,0.995597606601153,0,0,19,11
2272,250,propensity_weighted,0.9951981166437662,0,0,22,7
2273,3118,propensity_weighted,0.9949869285244642,0,0,31,41
2274,614,propensity_weighted,0.9934539546769213,0,0,36,46
2275,2019,propensity_weighted,0.9952080493894683,0,0,13,35
2276,2769,propensity_weighted,0.9921814881937591,0,0,11,2
2277,237,propensity_weighted,0.995513932960027,0,0,46,37
2278,703,propensity_weighted,0.9943214136430902,0,0,33,24
2279,3802,propensity_weighted,0.995416463419623,0,0,24,22
2280,4950,propensity_weighted,0.99554522929805,0,0,46,31
2281,4648,propensity_weighted,0.9955873614610102,0,0,36,47
2282,4964,propensity_weighted,0.99556750691056,0,0,30,36
2283,2283,propensity_weighted,0.9933947892983248,1,1,8,8
2284,696,propensity_weighted,0.9949688670133088,0,0,17,22
2285,3240,propensity_weighted,0.994605165234056,0,0,20,17
2286,1401,propensity_weighted,0.9934856925219101,0,0,27,29
2287,1114,propensity_weighted,0.9923663603374882,0,0,14,27
2288,750,propensity_weighted,0.99611117207925,0,0,43,47
2289,2309,propensity_weighted,0.9948435619698979,0,0,46,47
2290,556,propensity_weighted,0.995671249941892,0,0,33,24
2291,2030,propensity_weighted,0.9953033057721185,0,0,45,44
2292,1447,propensity_weighted,0.996167191900746,0,0,21,38
2293,188,propensity_weighted,0.9954525615112222,0,0,43,47
2294,3784,propensity_weighted,0.9948914466734915,0,1,26,26
2295,1935,propensity_weighted,0.9949520846829248,0,0,39,35
2296,1008,propensity_weighted,0.9953711997306066,0,1,28,28
2297,2297,propensity_weighted,0.9959328966583924,1,1,41,41
2298,3751,propensity_weighted,0.987474778117083,0,0,43,44
2299,2725,propensity_weighted,0.9750286184378104,0,0,17,37
2300,1627,propensity_weighted,0.9905151161502758,0,0,11,13
2301,509,propensity_weighted,0.9955728868775162,0,0,44,49
2302,904,propensity_weighted,0.9952051942297669,0,0,23,2
2303,2728,propensity_weighted,0.9946983269588604,0,0,32,31
2304,3079,propensity_weighted,0.9961228970134509,0,0,37,19
2305,427,propensity_weighted,0.9956237070206299,0,0,14,26
2306,2306,propensity_weighted,0.9892843608389077,1,1,4,4
2307,948,propensity_weighted,0.995372629695846,0,0,41,23
2308,1375,propensity_weighted,0.99539595376928,0,0,12,18
2309,2289,propensity_weighted,0.9925948028820051,0,0,47,46
2310,3491,propensity_weighted,0.9947890433882878,0,0,43,35
2311,4927,propensity_weighted,0.995367747733851,0,1,32,32
2312,1943,propensity_weighted,0.995818375297487,0,0,47,39
2313,4601,propensity_weighted,0.9946129344695539,0,1,7,7
2314,4526,propensity_weighted,0.9955519768289699,0,0,43,39
2315,2315,propensity_weighted,0.9952789607118464,1,1,11,11
2316,1341,propensity_weighted,0.9956150525910618,0,0,9,0
2317,3245,propensity_weighted,0.9883210402146179,0,1,11,11
2318,4499,propensity_weighted,0.9926828277301308,0,0,5,12
2319,2650,propensity_weighted,0.9965955548776165,0,0,39,17
2320,865,propensity_weighted,0.9949041999222914,0,0,48,25
2321,2456,propensity_weighted,0.9953695731361817,0,0,32,6
2322,4138,propensity_weighted,0.9957200396431081,0,1,12,12
2323,3436,propensity_weighted,0.9904227456391415,0,0,49,48
2324,2324,propensity_weighted,0.9872636214424343,1,1,4,4
2325,2330,propensity_weighted,0.9964114401539933,0,0,35,23
2326,3103,propensity_weighted,0.9948906999323749,0,0,11,28
2327,4434,propensity_weighted,0.9959232862464161,0,0,5,42
2328,295,propensity_weighted,0.9943713093990443,0,0,19,15
2329,3840,propensity_weighted,0.9941618060782583,0,0,4,37
2330,3373,propensity_weighted,0.9945766829460614,0,0,23,38
2331,342,propensity_weighted,0.9941128394004598,0,0,20,11
2332,4367,propensity_weighted,0.9952124947445224,0,0,38,30
2333,2333,propensity_weighted,0.9954591230616867,1,1,42,42
2334,487,propensity_weighted,0.9957436535758126,0,0,20,10
2335,2984,propensity_weighted,0.9962760468087223,0,0,47,36
2336,2534,propensity_weighted,0.9939526924377939,0,0,31,36
2337,997,propensity_weighted,0.9962595649242594,0,0,26,28
2338,4016,propensity_weighted,0.9936774185488031,0,0,10,4
2339,3750,propensity_weighted,0.9960955239109013,0,0,39,19
2340,2617,propensity_weighted,0.9951492356518398,0,0,19,18
2341,2853,propensity_weighted,0.99657595828768,0,0,23,36
2342,4820,propensity_weighted,0.9962600379104488,0,0,26,35
2343,4725,propensity_weighted,0.9963302449942505,0,0,18,37
2344,117,propensity_weighted,0.993769252890551,0,0,26,34
2345,4383,propensity_weighted,0.9961061660522302,0,0,25,31
2346,941,propensity_weighted,0.9945695690202797,0,0,34,26
2347,3526,propensity_weighted,0.9961599768265488,0,0,43,4
2348,2268,propensity_weighted,0.9955136154943374,0,0,23,38
2349,3163,propensity_weighted,0.9934277358090288,0,0,48,49
2350,3466,propensity_weighted,0.9918003027123051,0,0,15,10
2351,4737,propensity_weighted,0.9943229236423955,0,1,42,42
2352,3621,propensity_weighted,0.9948127715846259,0,0,17,19
2353,1367,propensity_weighted,0.9963860347294103,0,0,20,41
2354,1924,propensity_weighted,0.9940073399440951,0,0,30,34
2355,3449,propensity_weighted,0.994563781349799,0,0,36,47
2356,2074,propensity_weighted,0.9852664040272182,0,0,20,19
2357,1373,propensity_weighted,0.9960543475038388,0,1,17,17
2358,1971,propensity_weighted,0.9959425216414404,0,1,41,41
2359,2359,propensity_weighted,0.9927278720964595,1,1,31,31
2360,1843,propensity_weighted,0.9960948244188752,0,0,15,18
2361,3815,propensity_weighted,0.9961554991789925,0,0,33,23
2362,891,propensity_weighted,0.9960642598259444,0,0,45,41
2363,3317,propensity_weighted,0.9959332213080015,0,0,4,19
2364,1304,propensity_weighted,0.99649087977449,0,0,35,40
2365,1416,propensity_weighted,0.9956565460766998,0,0,18,22
2366,2194,propensity_weighted,0.9947792166945086,0,0,16,13
2367,2367,propensity_weighted,0.9954711838706746,1,1,32,32
2368,530,propensity_weighted,0.9945103234037476,0,0,21,8
2369,1608,propensity_weighted,0.9957108508420347,0,0,42,44
2370,22,propensity_weighted,0.9892232044972015,0,0,36,46
2371,4404,propensity_weighted,0.9908717484831541,0,0,5,8
2372,370,propensity_weighted,0.9961729662197055,0,0,38,33
2373,4027,propensity_weighted,0.9929166860802882,0,0,13,5
2374,4592,propensity_weighted,0.9953950473901997,0,0,46,42
2375,3582,propensity_weighted,0.9936664731565458,0,1,3,3
2376,3409,propensity_weighted,0.995488363521,0,0,43,47
2377,3500,propensity_weighted,0.9943732972672037,0,1,44,44
2378,1090,propensity_weighted,0.9961851977534052,0,0,35,36
2379,1641,propensity_weighted,0.9958910697024452,0,0,12,18
2380,4904,propensity_weighted,0.9924899347833217,0,0,33,38
2381,2381,propensity_weighted,0.98758817100296,1,1,48,48
2382,4347,propensity_weighted,0.9959192462441322,0,1,10,10
2383,2383,propensity_weighted,0.995077647588473,1,1,30,30
2384,4229,propensity_weighted,0.9756271052973472,0,0,31,25
2385,2289,propensity_weighted,0.9957500641504864,0,0,43,46
2386,3727,propensity_weighted,0.9962972967238891,0,0,21,39
2387,2209,propensity_weighted,0.9961404209121898,0,0,5,26
2388,2979,propensity_weighted,0.9959513208742599,0,0,27,18
2389,4332,propensity_weighted,0.9952581994800229,0,0,18,27
2390,2656,propensity_weighted,0.9938585049743766,0,0,42,48
2391,2151,propensity_weighted,0.9963437381503263,0,1,31,31
2392,317,propensity_weighted,0.9960491145617768,0,0,17,7
2393,3291,propensity_weighted,0.9956988271548689,0,1,0,0
2394,2661,propensity_weighted,0.995931358485263,0,0,2,19
2395,336,propensity_weighted,0.9964174064177115,0,0,15,21
2396,1312,propensity_weighted,0.995766071093427,0,1,48,48
2397,2694,propensity_weighted,0.9952042702665944,0,1,39,39
2398,2949,propensity_weighted,0.9962415636693246,0,0,17,46
2399,4822,propensity_weighted,0.9956381540921302,0,0,29,42
2400,4677,propensity_weighted,0.9956933974635246,0,0,45,38
2401,3906,propensity_weighted,0.993921823800093,0,0,8,0
2402,4313,propensity_weighted,0.9953114754712129,0,0,44,23
2403,2643,propensity_weighted,0.9954363688910054,0,0,19,13
2404,1714,propensity_weighted,0.9955564062589382,0,0,46,29
2405,4006,propensity_weighted,0.9826566793431326,0,0,4,17
2406,651,propensity_weighted,0.9942361475855311,0,0,21,18
2407,2407,propensity_weighted,0.9958905012728851,1,1,31,31
2408,1803,propensity_weighted,0.9961898956799783,0,0,36,47
2409,2409,propensity_weighted,0.9801532664600427,1,1,7,7
2410,2410,propensity_weighted,0.9787230794263642,1,1,40,40
2411,3816,propensity_weighted,0.9959625854227628,0,0,45,47
2412,2700,propensity_weighted,0.9947329520440069,0,0,35,30
2413,607,propensity_weighted,0.9933124534264758,0,0,42,22
2414,921,propensity_weighted,0.9956338560913951,0,0,6,0
2415,1207,propensity_weighted,0.9948866216968298,0,0,9,14
2416,2416,propensity_weighted,0.991135693224464,1,1,49,49
2417,2646,propensity_weighted,0.9954879849046216,0,1,3,3
2418,4885,propensity_weighted,0.9916941204645594,0,1,42,42
2419,1287,propensity_weighted,0.9955400282299726,0,0,24,23
2420,4258,propensity_weighted,0.994308505981902,0,0,25,28
2421,4270,propensity_weighted,0.9954075088919424,0,0,5,7
2422,4281,propensity_weighted,0.9948451303910231,0,0,22,34
2423,3527,propensity_weighted,0.9945325670947603,0,1,37,37
2424,333,propensity_weighted,0.9949466263391223,0,1,24,24
2425,4001,propensity_weighted,0.9947731348301038,0,0,2,11
2426,2426,propensity_weighted,0.9949696034180867,1,1,11,11
2427,3341,propensity_weighted,0.9956615454925696,0,0,20,32
2428,3098,propensity_weighted,0.9954968086963794,0,0,7,5
2429,3091,propensity_weighted,0.9953555222566873,0,1,29,29
2430,2509,propensity_weighted,0.995648360476111,0,0,47,41
2431,796,propensity_weighted,0.9955244017487602,0,1,20,20
2432,3035,propensity_weighted,0.9952276379594258,0,0,25,34
2433,4297,propensity_weighted,0.9954711739936917,0,0,42,47
2434,4191,propensity_weighted,0.9948335622744866,0,0,31,32
2435,123,propensity_weighted,0.9940100356321864,0,0,18,29
2436,3898,propensity_weighted,0.9950081421882188,0,0,9,2
2437,3448,propensity_weighted,0.9886625897982552,0,1,1,1
2438,3941,propensity_weighted,0.9949900321669538,0,0,37,4
2439,2439,propensity_weighted,0.99607818042655,1,1,47,47
2440,648,propensity_weighted,0.995328539457571,0,1,2,2
2441,695,propensity_weighted,0.9932773402140868,0,0,24,25
2442,2442,propensity_weighted,0.995153771128261,1,1,5,5
2443,1118,propensity_weighted,0.9935853059043293,0,0,26,5
2444,3239,propensity_weighted,0.9957884337049135,0,0,43,21
2445,4437,propensity_weighted,0.9938462072130702,0,0,11,20
2446,841,propensity_weighted,0.9945624435405865,0,0,40,35
2447,1879,propensity_weighted,0.9954540366006093,0,0,2,23
2448,3462,propensity_weighted,0.9955314572858034,0,0,21,14
2449,949,propensity_weighted,0.9953211731131698,0,0,20,11
2450,2796,propensity_weighted,0.9957830039344442,0,0,20,19
2451,4373,propensity_weighted,0.9954942757260058,0,0,39,37
2452,4668,propensity_weighted,0.9957835788324385,0,0,44,45
2453,4479,propensity_weighted,0.9947811824787354,0,0,28,7
2454,4407,propensity_weighted,0.9957385692588642,0,0,34,29
2455,3503,propensity_weighted,0.9947022344398537,0,0,16,33
2456,4657,propensity_weighted,0.9935095003998043,0,0,6,10
2457,4591,propensity_weighted,0.9961082861226688,0,0,1,19
2458,3456,propensity_weighted,0.9947099339725676,0,0,17,8
2459,3687,propensity_weighted,0.9949044347785143,0,0,15,4
2460,378,propensity_weighted,0.9962185897080119,0,1,3,3
2461,258,propensity_weighted,0.9955073883374428,0,0,4,10
2462,1598,propensity_weighted,0.9906325152588193,0,0,15,22
2463,60,propensity_weighted,0.99575724284744,0,0,23,20
2464,4900,propensity_weighted,0.9956055808134093,0,0,21,29
2465,105,propensity_weighted,0.996462953838461,0,1,21,21
2466,85,propensity_weighted,0.9962972519400257,0,1,3,3
2467,1241,propensity_weighted,0.9961083274485871,0,0,21,26
2468,972,propensity_weighted,0.9955325758719843,0,0,0,16
2469,72,propensity_weighted,0.9941296579149489,0,0,33,31
2470,2173,propensity_weighted,0.9936828230247764,0,0,4,19
2471,4332,propensity_weighted,0.994836231800505,0,0,18,27
2472,2472,propensity_weighted,0.9944101709731407,1,1,48,48
2473,4929,propensity_weighted,0.9960299457561661,0,0,28,23
2474,2474,propensity_weighted,0.990913350431898,1,1,47,47
2475,2475,propensity_weighted,0.9689498360440301,1,1,1,1
2476,325,propensity_weighted,0.9932806695973968,0,0,8,5
2477,3364,propensity_weighted,0.9950293421552544,0,0,14,21
2478,637,propensity_weighted,0.9865139389428553,0,0,19,7
2479,279,propensity_weighted,0.9957731571455878,0,1,45,45
2480,3110,propensity_weighted,0.9944838405030655,0,0,31,34
2481,2481,propensity_weighted,0.996161743209568,1,1,47,47
2482,3533,propensity_weighted,0.9964141966769727,0,0,46,48
2483,2297,propensity_weighted,0.9952698695015273,0,0,45,41
2484,4117,propensity_weighted,0.9959339193481986,0,0,44,38
2485,684,propensity_weighted,0.9948442954034988,0,0,23,25
2486,4524,propensity_weighted,0.995761589640603,0,0,14,21
2487,4883,propensity_weighted,0.994993170292963,0,0,33,49
2488,2526,propensity_weighted,0.9946930130101889,0,0,16,15
2489,2916,propensity_weighted,0.9953193630698028,0,0,35,49
2490,2744,propensity_weighted,0.996100721229299,0,0,36,27
2491,2491,propensity_weighted,0.9960579956497843,1,1,41,41
2492,3810,propensity_weighted,0.9954648578396513,0,0,0,4
2493,2493,propensity_weighted,0.9899123908009809,1,1,8,8
2494,3097,propensity_weighted,0.9958097289037325,0,0,47,45
2495,4375,propensity_weighted,0.9943375481027285,0,0,18,21
2496,4411,propensity_weighted,0.9958940079948392,0,0,25,23
2497,2497,propensity_weighted,0.9940446750733184,1,1,3,3
2498,4545,propensity_weighted,0.990911447271302,0,0,14,0
2499,2499,propensity_weighted,0.9941204327381149,1,1,45,45
2500,1915,propensity_weighted,0.9944155125706059,0,0,21,8
2501,1662,propensity_weighted,0.9956235152156849,0,0,5,29
2502,2502,propensity_weighted,0.9924461220721941,1,1,1,1
2503,2194,propensity_weighted,0.9953063647818939,0,0,27,13
2504,3025,propensity_weighted,0.9957458974877897,0,1,26,26
2505,1638,propensity_weighted,0.9958167592057492,0,0,21,43
2506,2125,propensity_weighted,0.996088507789413,0,0,9,3
2507,1340,propensity_weighted,0.9937411177666864,0,0,30,25
2508,238,propensity_weighted,0.9922162192884633,0,0,20,48
2509,2509,propensity_weighted,0.9960798496705976,1,1,41,41
2510,12,propensity_weighted,0.9945526246477503,0,0,28,35
2511,2720,propensity_weighted,0.9955961126492201,0,1,35,35
2512,3895,propensity_weighted,0.9958125241849005,0,1,47,47
2513,3687,propensity_weighted,0.9955996364563238,0,1,4,4
2514,4087,propensity_weighted,0.9950092105837246,0,1,0,0
2515,3988,propensity_weighted,0.9952198042831564,0,0,26,7
2516,526,propensity_weighted,0.9858585566235731,0,0,19,31
2517,2519,propensity_weighted,0.993025358618335,0,0,34,26
2518,4695,propensity_weighted,0.9947704325426922,0,0,19,14
2519,465,propensity_weighted,0.9955990460666055,0,0,26,30
2520,901,propensity_weighted,0.9962142902749836,0,0,14,41
2521,807,propensity_weighted,0.9965413823511136,0,0,45,36
2522,1529,propensity_weighted,0.9956654015975656,0,0,15,13
2523,3729,propensity_weighted,0.9963055942540173,0,1,38,38
2524,3244,propensity_weighted,0.9950209473330077,0,0,32,39
2525,2951,propensity_weighted,0.9944098176832773,0,0,11,9
2526,915,propensity_weighted,0.9951322429724594,0,0,15,4
2527,2527,propensity_weighted,0.9954398820340186,1,1,25,25
2528,2528,propensity_weighted,0.988197930299653,1,1,46,46
2529,4983,propensity_weighted,0.9961963364857156,0,0,17,10
2530,3949,propensity_weighted,0.9953378724023272,0,0,41,33
2531,3150,propensity_weighted,0.9966126800465289,0,1,42,42
2532,260,propensity_weighted,0.9962229829673991,0,1,38,38
2533,807,propensity_weighted,0.996647304568572,0,0,38,36
2534,774,propensity_weighted,0.9951492617515342,0,0,36,17
2535,2535,propensity_weighted,0.9958318905452914,1,1,9,9
2536,4496,propensity_weighted,0.9957913940045553,0,0,9,10
2537,2429,propensity_weighted,0.9952040643047346,0,0,26,29
2538,611,propensity_weighted,0.9955326365302465,0,1,22,22
2539,519,propensity_weighted,0.9960716285784896,0,0,46,41
2540,1761,propensity_weighted,0.995310511105682,0,0,16,12
2541,2541,propensity_weighted,0.9939193236705741,1,1,43,43
2542,820,propensity_weighted,0.9963677424751297,0,0,19,29
2543,4579,propensity_weighted,0.9948003977375159,0,0,44,49
2544,567,propensity_weighted,0.9944522401728443,0,0,35,45
2545,748,propensity_weighted,0.9955409932416459,0,0,21,39
2546,693,propensity_weighted,0.9952470770897608,0,0,25,32
2547,1353,propensity_weighted,0.9949792507026664,0,0,18,40
2548,3041,propensity_weighted,0.9950637507780649,0,0,25,12
2549,362,propensity_weighted,0.996406292374557,0,0,37,16
2550,4701,propensity_weighted,0.9950005981054799,0,0,36,23
2551,4597,propensity_weighted,0.9942561774369117,0,0,23,26
2552,4059,propensity_weighted,0.9954588132909433,0,1,31,31
2553,2968,propensity_weighted,0.9951843594560759,0,1,16,16
2554,4586,propensity_weighted,0.9942160687978704,0,0,32,6
2555,1589,propensity_weighted,0.9934223972782824,0,0,23,17
2556,3512,propensity_weighted,0.9943723973537062,0,0,4,13
2557,3139,propensity_weighted,0.9962753445951242,0,1,6,6
2558,1049,propensity_weighted,0.9947658497779711,0,0,26,34
2559,2393,propensity_weighted,0.9942169262348539,0,0,19,0
2560,3805,propensity_weighted,0.9956423669144908,0,0,46,43
2561,3130,propensity_weighted,0.9943973904922949,0,0,40,10
2562,3764,propensity_weighted,0.9939169559752672,0,0,16,5
2563,4106,propensity_weighted,0.9953201396987258,0,1,10,10
2564,2234,propensity_weighted,0.9946227277159858,0,1,41,41
2565,678,propensity_weighted,0.995833202893336,0,0,42,43
2566,2269,propensity_weighted,0.9952405453019775,0,0,10,11
2567,3194,propensity_weighted,0.99387547434172,0,0,42,33
2568,1395,propensity_weighted,0.9959976681806952,0,0,16,13
2569,1516,propensity_weighted,0.9946072640580742,0,0,12,22
2570,1024,propensity_weighted,0.9964092885448752,0,1,3,3
2571,1457,propensity_weighted,0.9892952903657102,0,0,11,31
2572,143,propensity_weighted,0.9959032631939497,0,0,18,21
2573,2044,propensity_weighted,0.9930439706986727,0,0,8,12
2574,3651,propensity_weighted,0.9923369976556068,0,0,42,31
2575,4915,propensity_weighted,0.9955539561069653,0,0,49,42
2576,2637,propensity_weighted,0.9950162104860091,0,1,34,34
2577,4648,propensity_weighted,0.9956773820844843,0,0,35,47
2578,2849,propensity_weighted,0.9959686125278959,0,0,24,44
2579,1512,propensity_weighted,0.9952248905039361,0,0,45,47
2580,2656,propensity_weighted,0.993551719692985,0,0,42,48
2581,2707,propensity_weighted,0.9951528903276055,0,0,29,21
2582,890,propensity_weighted,0.9940063118762792,0,0,45,42
2583,3155,propensity_weighted,0.9959486376795676,0,0,7,22
2584,2625,propensity_weighted,0.9958867404610731,0,0,32,31
2585,4826,propensity_weighted,0.9938077311249519,0,1,40,40
2586,4714,propensity_weighted,0.9950879637049914,0,1,26,26
2587,2825,propensity_weighted,0.9946852364683104,0,0,44,42
2588,1283,propensity_weighted,0.9959389724354327,0,0,6,32
2589,3569,propensity_weighted,0.9790084531764738,0,0,37,46
2590,2780,propensity_weighted,0.9957277614240712,0,0,15,33
2591,3089,propensity_weighted,0.9948498203045709,0,0,47,19
2592,1487,propensity_weighted,0.9891324942696316,0,0,37,39
2593,4907,propensity_weighted,0.9957359856765875,0,0,17,25
2594,850,propensity_weighted,0.9936000647525741,0,0,5,14
2595,2659,propensity_weighted,0.9955430636323929,0,0,48,32
2596,2804,propensity_weighted,0.9871261264302238,0,0,34,26
2597,720,propensity_weighted,0.9956631307368631,0,0,39,46
2598,4221,propensity_weighted,0.9959319854956055,0,1,26,26
2599,2599,propensity_weighted,0.9963690927501468,1,1,7,7
2600,3144,propensity_weighted,0.9951863176383919,0,0,39,30
2601,4192,propensity_weighted,0.9947905489719817,0,1,6,6
2602,530,propensity_weighted,0.9960213787026255,0,0,23,8
2603,2532,propensity_weighted,0.9963631138404002,0,1,38,38
2604,2381,propensity_weighted,0.9952440619324149,0,1,48,48
2605,721,propensity_weighted,0.9956773661451875,0,0,28,45
2606,4752,propensity_weighted,0.995237731716236,0,0,11,2
2607,1446,propensity_weighted,0.9956081530777926,0,0,11,21
2608,4313,propensity_weighted,0.9955583591795985,0,0,33,23
2609,2516,propensity_weighted,0.9945261018513616,0,0,36,19
2610,2211,propensity_weighted,0.9942035967263669,0,0,46,29
2611,2440,propensity_weighted,0.9957580614897037,0,0,23,2
2612,2296,propensity_weighted,0.9942125863329601,0,0,2,28
2613,901,propensity_weighted,0.9958109370958395,0,0,23,41
2614,3847,propensity_weighted,0.9940820160301435,0,1,11,11
2615,153,propensity_weighted,0.9950131514194456,0,1,17,17
2616,4575,propensity_weighted,0.9941916368441905,0,0,28,25
2617,2403,propensity_weighted,0.9960677521393493,0,0,18,19
2618,944,propensity_weighted,0.9953787647657821,0,0,48,22
2619,2554,propensity_weighted,0.9948971927090308,0,0,6,32
2620,2553,propensity_weighted,0.9961083160227152,0,0,15,16
2621,2621,propensity_weighted,0.987686847504966,1,1,19,19
2622,3467,propensity_weighted,0.9949800755107215,0,0,43,49
2623,784,propensity_weighted,0.994820917265406,0,0,18,6
2624,1682,propensity_weighted,0.9924305423770005,0,0,5,8
2625,3781,propensity_weighted,0.995804402958652,0,0,31,19
2626,2987,propensity_weighted,0.9960717533277657,0,0,24,5
2627,1026,propensity_weighted,0.9915604743751836,0,0,40,12
2628,640,propensity_weighted,0.991731585217369,0,0,11,1
2629,2567,propensity_weighted,0.9943570035116442,0,0,48,42
2630,4241,propensity_weighted,0.9962209515380083,0,0,17,4
2631,832,propensity_weighted,0.9958405171957937,0,1,24,24
2632,1189,propensity_weighted,0.9948162387954691,0,0,49,48
2633,2895,propensity_weighted,0.9964080136866602,0,0,43,47
2634,4400,propensity_weighted,0.995240917235771,0,0,7,14
2635,3751,propensity_weighted,0.9963311559610468,0,0,42,44
2636,2324,propensity_weighted,0.9952098362604718,0,0,17,4
2637,115,propensity_weighted,0.9906870614903444,0,0,34,38
2638,4237,propensity_weighted,0.9957685677306359,0,0,1,2
2639,1332,propensity_weighted,0.9959690571208982,0,0,44,45
2640,2321,propensity_weighted,0.9956203927562932,0,1,32,32
2641,2144,propensity_weighted,0.9949294835853554,0,0,0,13
2642,4536,propensity_weighted,0.988860954926228,0,1,4,4
2643,3826,propensity_weighted,0.9938433530812707,0,0,13,16
2644,998,propensity_weighted,0.9955579065074694,0,0,40,28
2645,2783,propensity_weighted,0.9943280301034386,0,0,30,9
2646,2686,propensity_weighted,0.9943508806168365,0,0,3,38
2647,136,propensity_weighted,0.9944534662622857,0,0,30,40
2648,1514,propensity_weighted,0.9951582049330044,0,0,34,14
2649,925,propensity_weighted,0.9960162192922168,0,1,4,4
2650,4682,propensity_weighted,0.9955647754997524,0,0,17,25
2651,2422,propensity_weighted,0.9939443551870162,0,0,26,22
2652,3268,propensity_weighted,0.9954360005284582,0,0,15,10
2653,1901,propensity_weighted,0.9951633014172108,0,1,43,43
2654,543,propensity_weighted,0.9956216230972561,0,0,24,22
2655,3002,propensity_weighted,0.9963197691962202,0,0,49,44
2656,2656,propensity_weighted,0.9943505018803055,1,1,48,48
2657,3423,propensity_weighted,0.9947082703512903,0,0,25,10
2658,4453,propensity_weighted,0.992846055302349,0,1,39,39
2659,2396,propensity_weighted,0.9934031542254895,0,0,32,48
2660,1835,propensity_weighted,0.9957017491925477,0,0,20,37
2661,4607,propensity_weighted,0.9965055062209677,0,0,19,31
2662,2760,propensity_weighted,0.9962111924584,0,1,9,9
2663,3359,propensity_weighted,0.9939313675979814,0,0,15,14
2664,1369,propensity_weighted,0.9950457995865573,0,0,3,1
2665,4866,propensity_weighted,0.9963703999624043,0,1,45,45
2666,476,propensity_weighted,0.9964671022175577,0,1,16,16
2667,2811,propensity_weighted,0.9959721497246924,0,1,36,36
2668,4708,propensity_weighted,0.9961989195216677,0,0,47,39
2669,882,propensity_weighted,0.9960303200327463,0,0,30,22
2670,2670,propensity_weighted,0.9959239663644717,1,1,28,28
2671,4850,propensity_weighted,0.9955991428074135,0,0,46,41
2672,306,propensity_weighted,0.9935974118951945,0,0,11,6
2673,1644,propensity_weighted,0.9941787090255277,0,0,19,39
2674,2252,propensity_weighted,0.9935969292024862,0,0,36,15
2675,2675,propensity_weighted,0.992581180080814,1,1,1,1
2676,4813,propensity_weighted,0.9944003400529202,0,0,25,26
2677,500,propensity_weighted,0.9954976388062969,0,0,35,30
2678,1095,propensity_weighted,0.9951984528143306,0,0,29,43
2679,2143,propensity_weighted,0.9963426222249357,0,0,33,25
2680,2680,propensity_weighted,0.9956942782354383,1,1,44,44
2681,4823,propensity_weighted,0.9962848822931166,0,0,32,16
2682,2682,propensity_weighted,0.9961906396406489,1,1,13,13
2683,4615,propensity_weighted,0.9963377292177711,0,1,34,34
2684,253,propensity_weighted,0.9956248838512783,0,0,27,43
2685,2802,propensity_weighted,0.9935246909302197,0,0,13,21
2686,2646,propensity_weighted,0.9957523007696276,0,0,38,3
2687,2707,propensity_weighted,0.9948842293695426,0,0,14,21
2688,1057,propensity_weighted,0.9956407510289506,0,1,8,8
2689,895,propensity_weighted,0.9959836272654259,0,0,14,7
2690,1522,propensity_weighted,0.9956676795148469,0,1,42,42
2691,1095,propensity_weighted,0.9951148889492376,0,0,21,43
2692,3927,propensity_weighted,0.9959265240715367,0,0,45,41
2693,3644,propensity_weighted,0.9958951100183308,0,0,40,27
2694,2734,propensity_weighted,0.9955322257679509,0,0,39,43
2695,1103,propensity_weighted,0.995963570491701,0,0,4,18
2696,2327,propensity_weighted,0.9945598112443806,0,0,42,5
2697,436,propensity_weighted,0.9918071471781429,0,0,48,22
2698,3135,propensity_weighted,0.9960704772861724,0,0,14,12
2699,4233,propensity_weighted,0.9874370679940335,0,0,10,2
2700,2994,propensity_weighted,0.9948548211489159,0,1,30,30
2701,1855,propensity_weighted,0.9931998458484006,0,1,21,21
2702,3088,propensity_weighted,0.9946415892895787,0,0,40,21
2703,4438,propensity_weighted,0.9925769348639986,0,0,4,32
2704,1836,propensity_weighted,0.992523337329144,0,0,37,39
2705,3193,propensity_weighted,0.9948306605554998,0,0,27,14
2706,180,propensity_weighted,0.995608425828413,0,0,4,0
2707,682,propensity_weighted,0.9942727567675517,0,0,21,13
2708,2156,propensity_weighted,0.9883786023644053,0,1,32,32
2709,2201,propensity_weighted,0.9953344871351136,0,0,27,39
2710,4801,propensity_weighted,0.9965387894664338,0,0,9,18
2711,2711,propensity_weighted,0.9940466501641894,1,1,2,2
2712,1761,propensity_weighted,0.9939211049476399,0,0,18,12
2713,2481,propensity_weighted,0.9880589882358343,0,0,46,47
2714,4345,propensity_weighted,0.996368948559867,0,0,40,23
2715,1253,propensity_weighted,0.9950252411096382,0,0,30,8
2716,3782,propensity_weighted,0.9955373568455378,0,0,2,18
2717,458,propensity_weighted,0.9958895212459482,0,1,17,17
2718,3557,propensity_weighted,0.9956386384804932,0,0,22,5
2719,2593,propensity_weighted,0.9914700264454599,0,0,30,17
2720,2995,propensity_weighted,0.9955860633857969,0,0,35,37
2721,0,propensity_weighted,0.9965128517193553,0,0,33,35
2722,34,propensity_weighted,0.9957112702705864,0,0,37,39
2723,4834,propensity_weighted,0.9954350460471968,0,0,9,17
2724,1884,propensity_weighted,0.9942522846771779,0,0,47,46
2725,1751,propensity_weighted,0.9951248310102374,0,0,37,4
2726,671,propensity_weighted,0.994833735865555,0,0,27,14
2727,2825,propensity_weighted,0.9950694006211681,0,0,44,42
2728,2384,propensity_weighted,0.9837867246978207,0,1,31,31
2729,3103,propensity_weighted,0.9952137339069977,0,0,9,28
2730,2730,propensity_weighted,0.9963960492448406,1,1,18,18
2731,4429,propensity_weighted,0.9944061221148627,0,0,31,47
2732,1368,propensity_weighted,0.996405981383753,0,0,49,48
2733,3381,propensity_weighted,0.9954284462672777,0,0,21,19
2734,1095,propensity_weighted,0.9945305117525219,0,1,43,43
2735,2859,propensity_weighted,0.9960585978185963,0,0,44,28
2736,2736,propensity_weighted,0.9931461210961459,1,1,35,35
2737,3539,propensity_weighted,0.9954569628578911,0,0,19,4
2738,2449,propensity_weighted,0.9952984694106666,0,0,2,20
2739,4539,propensity_weighted,0.9960631416528666,0,0,30,9
2740,4696,propensity_weighted,0.9941999866684622,0,0,45,44
2741,1048,propensity_weighted,0.9957105328521438,0,1,39,39
2742,4830,propensity_weighted,0.9958792190735409,0,0,24,45
2743,358,propensity_weighted,0.9956036111702424,0,0,10,24
2744,4550,propensity_weighted,0.9947427396095175,0,0,27,14
2745,4035,propensity_weighted,0.9960495712257091,0,0,46,31
2746,3016,propensity_weighted,0.9948643502878902,0,0,24,19
2747,2980,propensity_weighted,0.9950502852959439,0,0,29,18
2748,777,propensity_weighted,0.9904946086366057,0,0,0,2
2749,1435,propensity_weighted,0.9963076690000344,0,0,13,29
2750,2204,propensity_weighted,0.9960016733319121,0,0,43,37
2751,1756,propensity_weighted,0.995132858972891,0,0,12,35
2752,1487,propensity_weighted,0.9948120067580863,0,0,37,39
2753,33,propensity_weighted,0.9962608967438644,0,0,9,3
2754,3808,propensity_weighted,0.9877319784200684,0,0,34,42
2755,859,propensity_weighted,0.9959161158953311,0,0,39,15
2756,4841,propensity_weighted,0.9957724924296809,0,0,36,7
2757,3400,propensity_weighted,0.9936013637148827,0,0,1,16
2758,3476,propensity_weighted,0.9941753802919995,0,1,39,39
2759,167,propensity_weighted,0.9962300233610117,0,0,41,36
2760,4051,propensity_weighted,0.9947755605078298,0,0,9,23
2761,1649,propensity_weighted,0.9955603545065274,0,0,40,39
2762,2040,propensity_weighted,0.994882276398526,0,0,13,15
2763,4181,propensity_weighted,0.9947024465367386,0,0,34,42
2764,3122,propensity_weighted,0.9944117073730457,0,0,39,1
2765,2797,propensity_weighted,0.9962707143197953,0,0,1,2
2766,2801,propensity_weighted,0.9958503540032598,0,0,39,5
2767,1043,propensity_weighted,0.9959511855496723,0,1,33,33
2768,4515,propensity_weighted,0.9950094445016149,0,1,28,28
2769,2614,propensity_weighted,0.9947524704574157,0,0,2,11
2770,579,propensity_weighted,0.9949458164949655,0,0,10,17
2771,4616,propensity_weighted,0.9954092882774306,0,0,3,12
2772,2648,propensity_weighted,0.9953831010272708,0,0,7,34
2773,2318,propensity_weighted,0.9955442734931979,0,0,30,5
2774,2686,propensity_weighted,0.9954071772000213,0,0,28,38
2775,1704,propensity_weighted,0.99491607177543,0,0,25,41
2776,1708,propensity_weighted,0.9961461608522384,0,0,13,33
2777,1353,propensity_weighted,0.9956895660359759,0,0,30,40
2778,2526,propensity_weighted,0.9963460805110996,0,0,3,15
2779,2053,propensity_weighted,0.995352378827362,0,0,38,33
2780,1640,propensity_weighted,0.9953618976590993,0,0,33,42
2781,1198,propensity_weighted,0.9956185798384339,0,0,27,14
2782,2170,propensity_weighted,0.9960654246268043,0,0,47,41
2783,1154,propensity_weighted,0.9960452340991816,0,1,9,9
2784,3737,propensity_weighted,0.9956053061325211,0,1,3,3
2785,2785,propensity_weighted,0.9959275048073787,1,1,36,36
2786,3189,propensity_weighted,0.9952320991162255,0,0,12,25
2787,2837,propensity_weighted,0.9955674069142416,0,1,26,26
2788,2774,propensity_weighted,0.9955518946284454,0,1,28,28
2789,1807,propensity_weighted,0.9943515365427621,0,0,8,25
2790,1589,propensity_weighted,0.9954048534552457,0,1,17,17
2791,3397,propensity_weighted,0.9959489172907304,0,0,18,30
2792,3768,propensity_weighted,0.9951629950915912,0,0,41,33
2793,2587,propensity_weighted,0.9942993347413596,0,0,38,44
2794,2174,propensity_weighted,0.9947246768141629,0,1,14,14
2795,2994,propensity_weighted,0.9953782553637137,0,1,30,30
2796,2101,propensity_weighted,0.9953612413275454,0,0,19,20
2797,2797,propensity_weighted,0.9961153882970746,1,1,2,2
2798,4454,propensity_weighted,0.9958879095524575,0,0,23,2
2799,1510,propensity_weighted,0.9960593291208282,0,0,38,21
2800,3936,propensity_weighted,0.9891469539031364,0,1,8,8
2801,3384,propensity_weighted,0.9951386102187737,0,0,5,22
2802,2802,propensity_weighted,0.9936048559065203,1,1,21,21
2803,4316,propensity_weighted,0.9954512931216322,0,0,24,6
2804,3412,propensity_weighted,0.9958552335261083,0,0,26,23
2805,910,propensity_weighted,0.9947344294136984,0,0,44,35
2806,2601,propensity_weighted,0.9964843481330592,0,1,6,6
2807,674,propensity_weighted,0.9938325936378251,0,0,29,22
2808,4377,propensity_weighted,0.992463859795491,0,1,6,6
2809,3067,propensity_weighted,0.9962048219067288,0,1,27,27
2810,2026,propensity_weighted,0.9953793599791082,0,0,9,3
2811,1434,propensity_weighted,0.996377587487363,0,0,36,27
2812,2997,propensity_weighted,0.9963170002928715,0,1,8,8
2813,4382,propensity_weighted,0.9960835948274619,0,0,15,29
2814,2631,propensity_weighted,0.9941386037734077,0,0,6,24
2815,3193,propensity_weighted,0.9962197257623912,0,0,38,14
2816,1281,propensity_weighted,0.995560046454114,0,0,47,41
2817,1403,propensity_weighted,0.9962211008962518,0,0,16,20
2818,2818,propensity_weighted,0.99553338119665,1,1,15,15
2819,133,propensity_weighted,0.9957959029068756,0,1,12,12
2820,1604,propensity_weighted,0.99596199241894,0,1,9,9
2821,3576,propensity_weighted,0.9901865325922442,0,1,11,11
2822,1847,propensity_weighted,0.995366865353673,0,0,19,15
2823,135,propensity_weighted,0.9939618524405874,0,1,8,8
2824,3019,propensity_weighted,0.9942425770974282,0,0,46,42
2825,967,propensity_weighted,0.9953157710370567,0,0,42,44
2826,3532,propensity_weighted,0.9961318150890337,0,0,16,18
2827,3342,propensity_weighted,0.9951941290776534,0,0,3,12
2828,4876,propensity_weighted,0.996491129395266,0,0,12,10
2829,3428,propensity_weighted,0.9946499829264129,0,0,8,5
2830,4087,propensity_weighted,0.996036143615887,0,1,0,0
2831,2912,propensity_weighted,0.9942323876270007,0,1,34,34
2832,1042,propensity_weighted,0.9954815702038898,0,0,9,3
2833,4540,propensity_weighted,0.996008331515119,0,0,18,17
2834,2132,propensity_weighted,0.9963464609569893,0,1,28,28
2835,3080,propensity_weighted,0.9925405393159279,0,1,0,0
2836,4930,propensity_weighted,0.9944601063300956,0,0,47,48
2837,3108,propensity_weighted,0.9963159066375146,0,0,26,33
2838,1402,propensity_weighted,0.9962905873403616,0,0,40,36
2839,2839,propensity_weighted,0.9906379788511989,1,1,38,38
2840,2840,propensity_weighted,0.9959434055990667,1,1,33,33
2841,2632,propensity_weighted,0.9950528702517276,0,0,27,49
2842,1108,propensity_weighted,0.9944823754035278,0,0,16,25
2843,1520,propensity_weighted,0.9945854181184534,0,0,35,12
2844,1760,propensity_weighted,0.9961598891254674,0,0,41,31
2845,630,propensity_weighted,0.9949475827711286,0,0,19,41
2846,3656,propensity_weighted,0.9957565766516002,0,1,18,18
2847,4899,propensity_weighted,0.9959972485941695,0,0,16,20
2848,2810,propensity_weighted,0.9946854645476281,0,0,1,9
2849,603,propensity_weighted,0.9946034508955457,0,0,44,38
2850,2688,propensity_weighted,0.994763621568488,0,1,8,8
2851,521,propensity_weighted,0.9954199902915267,0,0,1,20
2852,2672,propensity_weighted,0.9929440414291455,0,0,6,11
2853,2341,propensity_weighted,0.9948127602919279,0,0,36,23
2854,893,propensity_weighted,0.9948216593482296,0,0,33,19
2855,920,propensity_weighted,0.9944762462373311,0,0,14,15
2856,3745,propensity_weighted,0.9952692772000095,0,0,9,3
2857,334,propensity_weighted,0.9962837571911264,0,1,12,12
2858,1315,propensity_weighted,0.9962933475828217,0,0,37,35
2859,2859,propensity_weighted,0.9963933819733897,1,1,28,28
2860,4818,propensity_weighted,0.991154970259112,0,1,35,35
2861,1015,propensity_weighted,0.995274360934777,0,0,23,34
2862,2550,propensity_weighted,0.9952206643204049,0,0,45,36
2863,2863,propensity_weighted,0.9939807752537166,1,1,40,40
2864,1261,propensity_weighted,0.9944271264605359,0,0,13,1
2865,191,propensity_weighted,0.9960454456436224,0,1,44,44
2866,3359,propensity_weighted,0.9935025160152445,0,0,13,14
2867,1530,propensity_weighted,0.9948138768015211,0,0,13,24
2868,4733,propensity_weighted,0.9954206285609756,0,0,20,1
2869,4116,propensity_weighted,0.9954715332210342,0,0,2,8
2870,2198,propensity_weighted,0.9960223962651027,0,0,14,5
2871,154,propensity_weighted,0.9945480733587986,0,1,14,14
2872,2872,propensity_weighted,0.9951921912109446,1,1,49,49
2873,3575,propensity_weighted,0.9956875856161687,0,0,22,30
2874,3299,propensity_weighted,0.9950990952205381,0,1,28,28
2875,2233,propensity_weighted,0.9951208858046562,0,0,45,38
2876,2380,propensity_weighted,0.9950161178284973,0,0,24,33
2877,3627,propensity_weighted,0.9963436003578978,0,0,13,4
2878,396,propensity_weighted,0.9955074430549964,0,0,18,27
2879,4250,propensity_weighted,0.9947501990932689,0,0,45,21
2880,3449,propensity_weighted,0.9946701277854122,0,0,48,47
2881,1239,propensity_weighted,0.9960596484379192,0,0,3,5
2882,1872,propensity_weighted,0.9934454591524335,0,0,46,29
2883,2499,propensity_weighted,0.9947104860220569,0,0,41,45
2884,2474,propensity_weighted,0.993156650919345,0,1,47,47
2885,3384,propensity_weighted,0.9953506148884365,0,0,12,22
2886,3080,propensity_weighted,0.9935729732749853,0,1,0,0
2887,653,propensity_weighted,0.9892304753998385,0,0,21,31
2888,2191,propensity_weighted,0.9963361415505034,0,0,10,14
2889,4593,propensity_weighted,0.9949758118546583,0,0,2,1
2890,2890,propensity_weighted,0.993677776894696,1,1,11,11
2891,2891,propensity_weighted,0.931258936440026,1,1,5,5
2892,3396,propensity_weighted,0.9955146435812102,0,0,42,26
2893,2893,propensity_weighted,0.9841316981251154,1,1,5,5
2894,2937,propensity_weighted,0.991417778440294,0,1,8,8
2895,4571,propensity_weighted,0.9950844424410334,0,0,47,34
2896,3191,propensity_weighted,0.9924221610199429,0,0,27,15
2897,955,propensity_weighted,0.995020005410083,0,0,9,2
2898,3145,propensity_weighted,0.9934809443403307,0,0,48,41
2899,967,propensity_weighted,0.9951092701739722,0,1,44,44
2900,2471,propensity_weighted,0.9951686450144571,0,0,16,18
2901,3171,propensity_weighted,0.9961260164333957,0,0,33,29
2902,624,propensity_weighted,0.9956268464538328,0,0,13,4
2903,1440,propensity_weighted,0.9951781732284845,0,0,37,35
2904,2379,propensity_weighted,0.9956975522792955,0,0,16,12
2905,3624,propensity_weighted,0.9915454682028848,0,0,48,25
2906,3321,propensity_weighted,0.9952103202806319,0,0,13,39
2907,1211,propensity_weighted,0.9932822432504795,0,1,32,32
2908,2908,propensity_weighted,0.9937096695036343,1,1,8,8
2909,2841,propensity_weighted,0.9946624858236321,0,0,49,27
2910,4806,propensity_weighted,0.9947569839250597,0,0,16,20
2911,3999,propensity_weighted,0.996272681207716,0,0,23,13
2912,2912,propensity_weighted,0.9958241447260177,1,1,34,34
2913,374,propensity_weighted,0.9928269635494339,0,0,24,19
2914,70,propensity_weighted,0.9943791013303689,0,1,15,15
2915,2633,propensity_weighted,0.994273359696501,0,0,31,43
2916,2489,propensity_weighted,0.9950426518185456,0,0,49,35
2917,4062,propensity_weighted,0.9956172505519897,0,0,21,27
2918,4136,propensity_weighted,0.9960637391628692,0,0,39,22
2919,4998,propensity_weighted,0.9961771234263489,0,0,9,2
2920,2761,propensity_weighted,0.9961324899164212,0,0,35,40
2921,103,propensity_weighted,0.9950937906667767,0,0,19,0
2922,3141,propensity_weighted,0.9949525160886273,0,0,30,39
2923,4281,propensity_weighted,0.9930480594492834,0,1,34,34
2924,2337,propensity_weighted,0.9954176652859361,0,0,7,26
2925,1211,propensity_weighted,0.9939720071352267,0,0,0,32
2926,4979,propensity_weighted,0.993848052445881,0,0,9,28
2927,2927,propensity_weighted,0.9943552903433834,1,1,24,24
2928,674,propensity_weighted,0.9949602735203131,0,0,14,22
2929,149,propensity_weighted,0.9960690308142973,0,0,34,30
2930,4378,propensity_weighted,0.9946912466281094,0,0,20,11
2931,909,propensity_weighted,0.9945632582873789,0,0,17,10
2932,3309,propensity_weighted,0.9944637293383134,0,1,49,49
2933,1255,propensity_weighted,0.9962945984598921,0,0,24,9
2934,800,propensity_weighted,0.9962246670698907,0,0,22,15
2935,1638,propensity_weighted,0.9963345275713225,0,0,29,43
2936,1494,propensity_weighted,0.9955626947713383,0,0,43,42
2937,1293,propensity_weighted,0.9955477239628666,0,0,8,5
2938,4269,propensity_weighted,0.9936226350600241,0,0,10,24
2939,2156,propensity_weighted,0.9938797374644182,0,0,41,32
2940,1973,propensity_weighted,0.99139723120601,0,1,45,45
2941,958,propensity_weighted,0.9909591874437085,0,0,11,16
2942,2942,propensity_weighted,0.9953036170446432,1,1,0,0
2943,1034,propensity_weighted,0.9956912841216605,0,0,9,2
2944,1837,propensity_weighted,0.9961367716374843,0,0,15,39
2945,1340,propensity_weighted,0.996182297265977,0,0,32,25
2946,2989,propensity_weighted,0.9961868642263256,0,0,17,36
2947,639,propensity_weighted,0.9954994008539754,0,0,2,28
2948,1560,propensity_weighted,0.9936376590560432,0,0,1,11
2949,4132,propensity_weighted,0.9946851979375394,0,0,46,36
2950,4266,propensity_weighted,0.995909733110524,0,0,48,41
2951,1740,propensity_weighted,0.9959096270928856,0,0,9,2
2952,3956,propensity_weighted,0.9960528234008105,0,1,45,45
2953,1532,propensity_weighted,0.995937678866601,0,0,6,11
2954,1179,propensity_weighted,0.994896280711493,0,0,30,40
2955,2459,propensity_weighted,0.9950856647503454,0,0,4,15
2956,3646,propensity_weighted,0.9942303044689954,0,1,42,42
2957,1216,propensity_weighted,0.9943992626749828,0,1,44,44
2958,1725,propensity_weighted,0.9955179831741992,0,0,40,16
2959,1266,propensity_weighted,0.994996172426426,0,1,11,11
2960,1249,propensity_weighted,0.9959541827444808,0,1,2,2
2961,4828,propensity_weighted,0.996217038715116,0,0,18,25
2962,4611,propensity_weighted,0.9957727259257153,0,0,45,28
2963,4651,propensity_weighted,0.9942924590504956,0,1,3,3
2964,2964,propensity_weighted,0.9938728837580104,1,1,31,31
2965,2965,propensity_weighted,0.9952104304694198,1,1,19,19
2966,3859,propensity_weighted,0.9955912467128147,0,0,28,26
2967,3171,propensity_weighted,0.9956773598603332,0,0,26,29
2968,983,propensity_weighted,0.9952548665318391,0,1,16,16
2969,1075,propensity_weighted,0.9954128891212619,0,0,44,33
2970,3265,propensity_weighted,0.9790096534215343,0,0,38,47
2971,2549,propensity_weighted,0.9952803582271317,0,0,16,37
2972,2972,propensity_weighted,0.9904040406171709,1,1,49,49
2973,3491,propensity_weighted,0.9954373673153317,0,0,34,35
2974,3737,propensity_weighted,0.9957363782531933,0,0,16,3
2975,4782,propensity_weighted,0.9909560414230557,0,1,7,7
2976,1275,propensity_weighted,0.994186673508364,0,1,2,2
2977,4976,propensity_weighted,0.9937158503254736,0,1,24,24
2978,4782,propensity_weighted,0.9946482666450305,0,0,1,7
2979,4606,propensity_weighted,0.9955496696668008,0,0,18,16
2980,3013,propensity_weighted,0.9964083978012698,0,0,18,16
2981,4601,propensity_weighted,0.9953959877702097,0,0,4,7
2982,1247,propensity_weighted,0.9949307809616101,0,0,40,39
2983,864,propensity_weighted,0.9960964738840976,0,0,18,15
2984,2862,propensity_weighted,0.9964875642450799,0,0,36,45
2985,4817,propensity_weighted,0.9948992563147129,0,0,43,49
2986,448,propensity_weighted,0.9958377318363074,0,0,9,33
2987,3554,propensity_weighted,0.99583856362338,0,0,5,13
2988,2364,propensity_weighted,0.9935946444247825,0,0,34,35
2989,2770,propensity_weighted,0.9947700080839025,0,0,36,10
2990,86,propensity_weighted,0.9957378301591847,0,1,39,39
2991,4955,propensity_weighted,0.9953783693314986,0,0,0,13
2992,402,propensity_weighted,0.9955926610874294,0,0,5,8
2993,2993,propensity_weighted,0.9907296753672921,1,1,5,5
2994,1304,propensity_weighted,0.9953819382434052,0,0,30,40
2995,2005,propensity_weighted,0.9959687881310412,0,0,37,30
2996,4950,propensity_weighted,0.995663351484016,0,1,31,31
2997,4188,propensity_weighted,0.9962467625974539,0,0,8,25
2998,2998,propensity_weighted,0.9887467364553737,1,1,7,7
2999,4684,propensity_weighted,0.9955882585035296,0,0,24,13
3000,4624,propensity_weighted,0.9950667279120061,0,0,27,16
3001,2095,propensity_weighted,0.9962672304774828,0,1,19,19
3002,2603,propensity_weighted,0.9943280528977579,0,0,44,38
3003,2494,propensity_weighted,0.9958590042248221,0,0,45,47
3004,1522,propensity_weighted,0.9957018095453543,0,0,46,42
3005,2970,propensity_weighted,0.9955632402604379,0,0,46,38
3006,3284,propensity_weighted,0.9946502775178802,0,0,19,30
3007,436,propensity_weighted,0.9888299989106644,0,0,48,22
3008,1507,propensity_weighted,0.99561130181888,0,0,22,17
3009,2268,propensity_weighted,0.9952958602576963,0,0,28,38
3010,2974,propensity_weighted,0.995718620679763,0,1,16,16
3011,3011,propensity_weighted,0.9960636829185919,1,1,7,7
3012,3062,propensity_weighted,0.9956972440493482,0,0,15,13
3013,1167,propensity_weighted,0.9959763265168762,0,0,16,18
3014,4774,propensity_weighted,0.995178395566434,0,0,5,18
3015,4985,propensity_weighted,0.995226700451587,0,0,31,32
3016,1062,propensity_weighted,0.9954378914423203,0,0,19,6
3017,2858,propensity_weighted,0.996342549954313,0,0,30,37
3018,2711,propensity_weighted,0.9800172818417424,0,1,2,2
3019,2964,propensity_weighted,0.9895223723653588,0,0,42,31
3020,3221,propensity_weighted,0.994675463097651,0,0,11,39
3021,4792,propensity_weighted,0.9958630599825891,0,0,47,49
3022,2901,propensity_weighted,0.9961517159194139,0,0,42,33
3023,117,propensity_weighted,0.993086241334763,0,0,49,34
3024,233,propensity_weighted,0.9959764572716598,0,0,17,5
3025,1710,propensity_weighted,0.9949131496447378,0,0,26,5
3026,3808,propensity_weighted,0.9947287234667155,0,0,49,42
3027,2097,propensity_weighted,0.9926659876936083,0,1,3,3
3028,539,propensity_weighted,0.9951997385937832,0,0,22,29
3029,2476,propensity_weighted,0.994141317528183,0,1,8,8
3030,398,propensity_weighted,0.9957453739511977,0,0,5,36
3031,2187,propensity_weighted,0.99634821101448,0,1,34,34
3032,614,propensity_weighted,0.9938322023166278,0,0,36,46
3033,2736,propensity_weighted,0.9965351405590914,0,1,35,35
3034,1364,propensity_weighted,0.9949879900653489,0,0,11,39
3035,3130,propensity_weighted,0.9957608556826245,0,0,34,10
3036,687,propensity_weighted,0.9956590384799237,0,0,6,10
3037,3696,propensity_weighted,0.9950433412783455,0,0,35,4
3038,3801,propensity_weighted,0.9961230376836545,0,0,32,6
3039,3779,propensity_weighted,0.9956496160994385,0,0,43,13
3040,2779,propensity_weighted,0.9959381232468812,0,0,42,38
3041,2801,propensity_weighted,0.9938434099626384,0,0,12,5
3042,2024,propensity_weighted,0.9949598792588173,0,0,22,37
3043,3467,propensity_weighted,0.9956612606687631,0,0,40,49
3044,807,propensity_weighted,0.9955089755113887,0,0,35,36
3045,3033,propensity_weighted,0.9946825393487116,0,0,43,35
3046,2775,propensity_weighted,0.9964462446455464,0,0,35,25
3047,1035,propensity_weighted,0.994663866877378,0,0,17,34
3048,2305,propensity_weighted,0.9962496083192444,0,0,42,14
3049,2857,propensity_weighted,0.9954880070744628,0,1,12,12
3050,3548,propensity_weighted,0.9923649011928073,0,0,48,24
3051,4136,propensity_weighted,0.994470733896161,0,0,21,22
3052,1701,propensity_weighted,0.9949474346983649,0,0,10,22
3053,4587,propensity_weighted,0.9961776570810108,0,0,46,36
3054,2281,propensity_weighted,0.9956061858627466,0,0,47,36
3055,4337,propensity_weighted,0.9947982437511395,0,0,0,10
3056,4760,propensity_weighted,0.995700796358824,0,0,17,22
3057,1921,propensity_weighted,0.9946139329476762,0,0,24,9
3058,1364,propensity_weighted,0.996319516663085,0,0,29,39
3059,699,propensity_weighted,0.9951594257068166,0,0,25,35
3060,3060,propensity_weighted,0.9491297498904528,1,1,49,49
3061,1761,propensity_weighted,0.9947581731765383,0,0,4,12
3062,4194,propensity_weighted,0.9958717092769069,0,0,13,0
3063,1480,propensity_weighted,0.9956443290802846,0,1,0,0
3064,3106,propensity_weighted,0.9954351380883225,0,0,33,28
3065,603,propensity_weighted,0.9942202137359106,0,0,48,38
3066,412,propensity_weighted,0.9944920816262361,0,1,12,12
3067,2464,propensity_weighted,0.9947374803204001,0,0,27,21
3068,1121,propensity_weighted,0.9938225505109172,0,0,8,3
3069,3792,propensity_weighted,0.9955600324054792,0,0,31,30
3070,1256,propensity_weighted,0.9891017928061974,0,0,47,46
3071,3711,propensity_weighted,0.9958904562532592,0,0,20,17
3072,626,propensity_weighted,0.9955036540427707,0,0,9,3
3073,3523,propensity_weighted,0.9950576934857537,0,1,39,39
3074,1355,propensity_weighted,0.9906208773929462,0,0,19,31
3075,1667,propensity_weighted,0.9930563991206462,0,0,26,21
3076,3076,propensity_weighted,0.9950125917121897,1,1,30,30
3077,1109,propensity_weighted,0.9956418454057379,0,0,9,23
3078,3529,propensity_weighted,0.995106458250454,0,0,27,30
3079,3577,propensity_weighted,0.9922748916424312,0,0,19,37
3080,3195,propensity_weighted,0.9949788455985947,0,0,0,4
3081,569,propensity_weighted,0.9955620563523327,0,0,40,43
3082,3227,propensity_weighted,0.995037437470731,0,0,21,7
3083,3083,propensity_weighted,0.9959470361731463,1,1,38,38
3084,2592,propensity_weighted,0.9946349517213141,0,1,37,37
3085,4908,propensity_weighted,0.9949490441463711,0,0,15,21
3086,1817,propensity_weighted,0.9958352281098969,0,0,28,7
3087,2679,propensity_weighted,0.9956530050043331,0,0,5,33
3088,2464,propensity_weighted,0.9954218736881728,0,1,21,21
3089,2853,propensity_weighted,0.9943749733930386,0,0,19,36
3090,1768,propensity_weighted,0.9964911740849502,0,0,18,17
3091,4726,propensity_weighted,0.9956812158250555,0,0,29,15
3092,3720,propensity_weighted,0.9940112809610919,0,0,2,9
3093,2182,propensity_weighted,0.995548382509341,0,0,7,22
3094,3484,propensity_weighted,0.9930779038357759,0,0,15,14
3095,538,propensity_weighted,0.9952053952854084,0,0,7,27
3096,1143,propensity_weighted,0.996052042821638,0,0,43,44
3097,757,propensity_weighted,0.9957340042990828,0,0,45,28
3098,3764,propensity_weighted,0.9955756554455181,0,1,5,5
3099,3825,propensity_weighted,0.9920128447013047,0,0,40,34
3100,3907,propensity_weighted,0.99350747013471,0,0,9,3
3101,2885,propensity_weighted,0.9960874780879828,0,1,12,12
3102,1396,propensity_weighted,0.9909509494831721,0,0,1,2
3103,1227,propensity_weighted,0.9948044886890745,0,0,28,36
3104,1225,propensity_weighted,0.99520063645127,0,1,46,46
3105,3589,propensity_weighted,0.9943099829296485,0,0,10,8
3106,230,propensity_weighted,0.9964782650668427,0,0,28,30
3107,4325,propensity_weighted,0.9959290836614815,0,0,15,5
3108,4786,propensity_weighted,0.9964610638087892,0,0,33,7
3109,4083,propensity_weighted,0.9962928277578511,0,0,4,13
3110,4838,propensity_weighted,0.9931740399136342,0,0,34,31
3111,1869,propensity_weighted,0.9960167666166809,0,0,44,28
3112,152,propensity_weighted,0.9960714017374721,0,0,15,34
3113,3618,propensity_weighted,0.995577274372163,0,0,5,26
3114,1571,propensity_weighted,0.9934681030667333,0,1,6,6
3115,1770,propensity_weighted,0.9959038727906693,0,0,44,28
3116,1326,propensity_weighted,0.9935354532025973,0,0,1,11
3117,3096,propensity_weighted,0.9959193978229519,0,1,43,43
3118,1675,propensity_weighted,0.9941143409872796,0,0,41,32
3119,1932,propensity_weighted,0.994551750559052,0,0,42,49
3120,2345,propensity_weighted,0.9958183656212428,0,0,26,25
3121,2907,propensity_weighted,0.9954485481993095,0,0,13,32
3122,1961,propensity_weighted,0.9960485124259236,0,0,1,15
3123,2419,propensity_weighted,0.9867922639862582,0,0,8,24
3124,4779,propensity_weighted,0.9960492481616656,0,0,31,32
3125,1086,propensity_weighted,0.9958359556663362,0,0,13,27
3126,1294,propensity_weighted,0.9954800755257891,0,1,37,37
3127,2508,propensity_weighted,0.9927920902514776,0,0,33,20
3128,4156,propensity_weighted,0.9944846834225161,0,0,22,7
3129,1005,propensity_weighted,0.9938306954974256,0,0,35,9
3130,2842,propensity_weighted,0.9956896189004891,0,0,10,16
3131,2473,propensity_weighted,0.9962305192073246,0,1,28,28
3132,2717,propensity_weighted,0.9949594344280286,0,0,14,17
3133,3556,propensity_weighted,0.9937296794595831,0,0,25,28
3134,1046,propensity_weighted,0.995397016617039,0,0,31,7
3135,3135,propensity_weighted,0.9964745296991505,1,1,12,12
3136,3168,propensity_weighted,0.9960544230581674,0,0,43,34
3137,1025,propensity_weighted,0.9932323972460267,0,0,25,42
3138,1672,propensity_weighted,0.9959691455744282,0,0,22,34
3139,824,propensity_weighted,0.9945099473073417,0,0,6,0
3140,425,propensity_weighted,0.9958291730884563,0,0,24,33
3141,3394,propensity_weighted,0.9951185987677041,0,0,39,35
3142,190,propensity_weighted,0.9891975604770247,0,1,46,46
3143,320,propensity_weighted,0.9957456810629117,0,0,9,23
3144,566,propensity_weighted,0.9954410125222394,0,0,30,39
3145,1899,propensity_weighted,0.9965705111292255,0,0,41,46
3146,614,propensity_weighted,0.9939103974117093,0,1,46,46
3147,4369,propensity_weighted,0.9964035451931931,0,0,15,16
3148,510,propensity_weighted,0.9961406047452153,0,0,24,48
3149,3149,propensity_weighted,0.9947470264207275,1,1,26,26
3150,2531,propensity_weighted,0.9957646797851283,0,1,42,42
3151,558,propensity_weighted,0.9930899092371542,0,0,49,38
3152,3240,propensity_weighted,0.9958337841358447,0,1,17,17
3153,1429,propensity_weighted,0.996167218435712,0,0,28,47
3154,3263,propensity_weighted,0.9953230634346961,0,0,43,49
3155,611,propensity_weighted,0.9954342259147103,0,1,22,22
3156,3570,propensity_weighted,0.9900599051274472,0,0,7,5
3157,3157,propensity_weighted,0.9941094083672488,1,1,30,30
3158,3507,propensity_weighted,0.996183879409034,0,0,33,24
3159,2393,propensity_weighted,0.99598715587407,0,0,6,0
3160,277,propensity_weighted,0.9951902241146148,0,0,30,14
3161,1861,propensity_weighted,0.9938835596419845,0,0,38,44
3162,4303,propensity_weighted,0.9932856239227932,0,1,0,0
3163,3163,propensity_weighted,0.9949948824610126,1,1,49,49
3164,4368,propensity_weighted,0.9952854441619633,0,0,48,37
3165,4042,propensity_weighted,0.9940389465810604,0,0,35,18
3166,2313,propensity_weighted,0.9926703029766895,0,1,7,7
3167,3016,propensity_weighted,0.9951891106609512,0,0,24,19
3168,2127,propensity_weighted,0.9957955490107985,0,0,34,40
3169,962,propensity_weighted,0.994744544224324,0,0,13,16
3170,1525,propensity_weighted,0.9941349990337066,0,0,12,25
3171,2165,propensity_weighted,0.9962074469513649,0,0,29,22
3172,3172,propensity_weighted,0.9956469659663842,1,1,6,6
3173,4517,propensity_weighted,0.9959613735469928,0,0,4,13
3174,3174,propensity_weighted,0.9946472375463332,1,1,8,8
3175,4148,propensity_weighted,0.9952843240277834,0,0,20,40
3176,1306,propensity_weighted,0.9954441295074756,0,0,24,13
3177,3177,propensity_weighted,0.9952227590414292,1,1,5,5
3178,3137,propensity_weighted,0.9878114053174982,0,0,26,25
3179,4285,propensity_weighted,0.996246701465559,0,0,5,28
3180,3213,propensity_weighted,0.99513607821415,0,0,15,14
3181,4228,propensity_weighted,0.9945980446243385,0,0,29,19
3182,3423,propensity_weighted,0.9953975661203396,0,0,25,10
3183,14,propensity_weighted,0.9955899063072932,0,1,19,19
3184,2114,propensity_weighted,0.9873513888366064,0,1,5,5
3185,1561,propensity_weighted,0.9949913469128107,0,0,40,49
3186,1197,propensity_weighted,0.9959331596919101,0,0,16,27
3187,1618,propensity_weighted,0.9958782385161038,0,0,27,14
3188,3651,propensity_weighted,0.9949054087148266,0,0,30,31
3189,3189,propensity_weighted,0.994762296529806,1,1,25,25
3190,4576,propensity_weighted,0.9951726246117686,0,1,40,40
3191,2826,propensity_weighted,0.995890148199881,0,0,15,16
3192,3203,propensity_weighted,0.9960525283479885,0,1,24,24
3193,2663,propensity_weighted,0.9956592590648337,0,0,14,15
3194,974,propensity_weighted,0.9959417385102788,0,0,33,43
3195,1865,propensity_weighted,0.9956879285820371,0,1,4,4
3196,1012,propensity_weighted,0.9958750737064922,0,0,15,26
3197,450,propensity_weighted,0.9885130331345774,0,0,13,4
3198,1435,propensity_weighted,0.9962474570300481,0,1,29,29
3199,1775,propensity_weighted,0.9964167767761181,0,0,29,38
3200,1990,propensity_weighted,0.9963691083424344,0,0,36,45
3201,2555,propensity_weighted,0.9946499662415494,0,0,25,23
3202,152,propensity_weighted,0.995294443658294,0,0,7,34
3203,725,propensity_weighted,0.9951672887628916,0,1,24,24
3204,4461,propensity_weighted,0.9961892791922623,0,0,8,28
3205,1014,propensity_weighted,0.9955574044628553,0,0,31,22
3206,4564,propensity_weighted,0.993691673949413,0,0,44,46
3207,3272,propensity_weighted,0.9953996024743055,0,0,43,30
3208,635,propensity_weighted,0.9958886182784523,0,0,17,23
3209,1566,propensity_weighted,0.9924690568087549,0,0,35,7
3210,4782,propensity_weighted,0.9935579260601073,0,0,2,7
3211,3409,propensity_weighted,0.9962042249235038,0,0,46,47
3212,2254,propensity_weighted,0.9956893821763932,0,0,32,17
3213,2180,propensity_weighted,0.9948128376309102,0,0,14,1
3214,1677,propensity_weighted,0.9926059860152404,0,0,34,26
3215,4679,propensity_weighted,0.9958759424056088,0,0,4,8
3216,4600,propensity_weighted,0.9945317266049333,0,0,48,31
3217,1595,propensity_weighted,0.9957572667939096,0,0,9,24
3218,985,propensity_weighted,0.9929278256681482,0,0,22,34
3219,3120,propensity_weighted,0.9949612048782547,0,1,26,26
3220,3091,propensity_weighted,0.9964028454044245,0,1,29,29
3221,97,propensity_weighted,0.9959300634697104,0,1,39,39
3222,3222,propensity_weighted,0.9952540924189553,1,1,21,21
3223,2189,propensity_weighted,0.9959004251997988,0,0,3,29
3224,4731,propensity_weighted,0.9957631666369232,0,0,21,14
3225,4170,propensity_weighted,0.9910897791773031,0,0,0,4
3226,776,propensity_weighted,0.9938683042344723,0,0,29,27
3227,867,propensity_weighted,0.9927498081757432,0,0,7,29
3228,512,propensity_weighted,0.995283105582408,0,0,31,32
3229,3938,propensity_weighted,0.9964532903969036,0,0,28,8
3230,924,propensity_weighted,0.9959874065582071,0,0,36,47
3231,1801,propensity_weighted,0.9959489247805035,0,0,33,20
3232,3232,propensity_weighted,0.9961930650001933,1,1,2,2
3233,2202,propensity_weighted,0.9952646758073469,0,0,26,34
3234,4001,propensity_weighted,0.9940914524244748,0,0,1,11
3235,3276,propensity_weighted,0.9950937956447341,0,0,10,12
3236,4748,propensity_weighted,0.9952628108244536,0,0,40,16
3237,2194,propensity_weighted,0.9937335349337123,0,0,11,13
3238,553,propensity_weighted,0.995470528470748,0,0,34,26
3239,4332,propensity_weighted,0.9960950152484107,0,0,21,27
3240,2254,propensity_weighted,0.9952603473955208,0,1,17,17
3241,3106,propensity_weighted,0.9952912021951593,0,0,9,28
3242,2460,propensity_weighted,0.9952768508185158,0,1,3,3
3243,4022,propensity_weighted,0.9929742130096478,0,0,32,17
3244,3710,propensity_weighted,0.9964885943748543,0,0,39,48
3245,3245,propensity_weighted,0.9952241343813966,1,1,11,11
3246,507,propensity_weighted,0.9955578384415176,0,0,14,27
3247,2208,propensity_weighted,0.9952088676611357,0,0,16,27
3248,1216,propensity_weighted,0.9903219833748341,0,0,48,44
3249,1745,propensity_weighted,0.9950938104627622,0,0,31,17
3250,757,propensity_weighted,0.9953849375458557,0,0,47,28
3251,1398,propensity_weighted,0.9949396910975511,0,0,41,31
3252,2987,propensity_weighted,0.9958193009947793,0,1,5,5
3253,3088,propensity_weighted,0.9958546651901213,0,1,21,21
3254,2704,propensity_weighted,0.9953999279153088,0,0,32,37
3255,4486,propensity_weighted,0.9949110783236157,0,0,36,1
3256,4717,propensity_weighted,0.9940780186401909,0,0,22,25
3257,2458,propensity_weighted,0.9939121825155938,0,1,17,17
3258,2346,propensity_weighted,0.9945539115333539,0,0,47,34
3259,4453,propensity_weighted,0.995330821870938,0,0,24,39
3260,824,propensity_weighted,0.9937771269661951,0,0,6,0
3261,341,propensity_weighted,0.9937531985319534,0,0,11,41
3262,4539,propensity_weighted,0.9960240906672735,0,0,8,9
3263,4794,propensity_weighted,0.9922433706379041,0,0,49,46
3264,4057,propensity_weighted,0.996057386517004,0,0,35,26
3265,3939,propensity_weighted,0.983954014128035,0,1,47,47
3266,3266,propensity_weighted,0.9941678569640529,1,1,17,17
3267,3098,propensity_weighted,0.994395530698097,0,0,31,5
3268,2078,propensity_weighted,0.9956879977001517,0,1,10,10
3269,3827,propensity_weighted,0.9960605228431125,0,1,40,40
3270,4866,propensity_weighted,0.9957423267394211,0,0,38,45
3271,4004,propensity_weighted,0.9961425599721272,0,0,48,17
3272,1020,propensity_weighted,0.9961234994159381,0,0,30,14
3273,1085,propensity_weighted,0.9963384445017581,0,0,46,36
3274,4950,propensity_weighted,0.9946650406929172,0,0,41,31
3275,1436,propensity_weighted,0.9922069248783896,0,1,7,7
3276,2529,propensity_weighted,0.9914132227163782,0,0,12,17
3277,3551,propensity_weighted,0.9959118885911374,0,0,23,41
3278,707,propensity_weighted,0.9962936047051036,0,0,3,9
3279,213,propensity_weighted,0.9958882391142649,0,1,39,39
3280,1215,propensity_weighted,0.9963545803746862,0,0,9,3
3281,4930,propensity_weighted,0.9956364593968813,0,0,40,48
3282,781,propensity_weighted,0.9954897641185656,0,1,13,13
3283,4675,propensity_weighted,0.9917198904888166,0,1,4,4
3284,2599,propensity_weighted,0.9940296945997733,0,0,30,7
3285,1194,propensity_weighted,0.9954430608299553,0,0,33,49
3286,3286,propensity_weighted,0.9951146990824525,1,1,24,24
3287,1773,propensity_weighted,0.9945279186479681,0,1,3,3
3288,4467,propensity_weighted,0.9962760933886545,0,0,41,22
3289,3420,propensity_weighted,0.9956341708201842,0,0,49,44
3290,705,propensity_weighted,0.9947680070688824,0,0,31,26
3291,4657,propensity_weighted,0.9933931784470027,0,0,0,10
3292,3292,propensity_weighted,0.9947042194145858,1,1,34,34
3293,3293,propensity_weighted,0.9934137214827456,1,1,9,9
3294,1367,propensity_weighted,0.9960617010181391,0,0,20,41
3295,2771,propensity_weighted,0.9939271366061221,0,0,16,3
3296,1903,propensity_weighted,0.993552641654274,0,0,29,40
3297,733,propensity_weighted,0.9946380182581384,0,0,5,14
3298,2146,propensity_weighted,0.9948375331300239,0,1,0,0
3299,3860,propensity_weighted,0.9915506135964856,0,1,28,28
3300,741,propensity_weighted,0.9963717679104284,0,0,18,7
3301,4102,propensity_weighted,0.9952116883450224,0,0,40,38
3302,3058,propensity_weighted,0.9956760015492554,0,0,39,29
3303,3303,propensity_weighted,0.9942554069814895,1,1,1,1
3304,286,propensity_weighted,0.9948832571944708,0,0,3,9
3305,2531,propensity_weighted,0.995012839634578,0,0,38,42
3306,4309,propensity_weighted,0.9957577556738557,0,0,29,49
3307,4198,propensity_weighted,0.9960550298543522,0,0,2,3
3308,3754,propensity_weighted,0.9932370680745997,0,0,14,7
3309,1279,propensity_weighted,0.9962533005685981,0,0,49,42
3310,136,propensity_weighted,0.9961818090637587,0,0,48,40
3311,1549,propensity_weighted,0.9924858908770381,0,1,41,41
3312,470,propensity_weighted,0.9951966055173872,0,0,42,29
3313,1012,propensity_weighted,0.9937677983505284,0,1,26,26
3314,3206,propensity_weighted,0.9959473407494379,0,1,44,44
3315,4294,propensity_weighted,0.9949224688769331,0,0,3,4
3316,2249,propensity_weighted,0.9950397868557949,0,0,4,0
3317,1734,propensity_weighted,0.9945944269326071,0,0,19,30
3318,2362,propensity_weighted,0.9960629115793612,0,1,45,45
3319,1236,propensity_weighted,0.9955146273655994,0,0,41,36
3320,1203,propensity_weighted,0.9959881587625061,0,1,16,16
3321,2818,propensity_weighted,0.9941560892393556,0,0,39,15
3322,4519,propensity_weighted,0.9959328849481359,0,0,2,1
3323,4411,propensity_weighted,0.994810380306159,0,0,40,23
3324,3718,propensity_weighted,0.9950732926681456,0,0,34,26
3325,1099,propensity_weighted,0.9949109153812121,0,0,30,22
3326,1961,propensity_weighted,0.9962999185829773,0,0,19,15
3327,3327,propensity_weighted,0.9960580278900973,1,1,15,15
3328,292,propensity_weighted,0.9933117985988111,0,0,17,7
3329,4129,propensity_weighted,0.9943259466357298,0,1,38,38
3330,3590,propensity_weighted,0.9945701325803492,0,0,49,42
3331,1421,propensity_weighted,0.9957270252737884,0,1,29,29
3332,1819,propensity_weighted,0.9959083431888003,0,0,13,6
3333,2508,propensity_weighted,0.9951942475344154,0,0,30,20
3334,3509,propensity_weighted,0.9949286570887016,0,0,19,32
3335,2245,propensity_weighted,0.995359758045687,0,1,22,22
3336,4856,propensity_weighted,0.9957742933745062,0,0,25,7
3337,462,propensity_weighted,0.9955910789480479,0,0,42,49
3338,1377,propensity_weighted,0.9951275960805903,0,0,28,25
3339,3135,propensity_weighted,0.9956329091476291,0,0,14,12
3340,924,propensity_weighted,0.9953661446491545,0,0,30,47
3341,3753,propensity_weighted,0.9954449776550282,0,0,32,6
3342,3553,propensity_weighted,0.9922092188298575,0,0,12,3
3343,4843,propensity_weighted,0.9962862208865554,0,0,27,36
3344,3107,propensity_weighted,0.9933405553847364,0,0,14,15
3345,3120,propensity_weighted,0.9956078541446571,0,0,34,26
3346,2251,propensity_weighted,0.9932451097957746,0,0,38,45
3347,3794,propensity_weighted,0.9950039924549017,0,0,3,9
3348,3314,propensity_weighted,0.9944746963570791,0,0,42,44
3349,1043,propensity_weighted,0.9962631390123909,0,0,24,33
3350,996,propensity_weighted,0.9945177292176572,0,0,14,26
3351,3391,propensity_weighted,0.9947597474026197,0,0,44,30
3352,1546,propensity_weighted,0.9941674648080435,0,0,45,40
3353,4114,propensity_weighted,0.9943648937530116,0,1,9,9
3354,1263,propensity_weighted,0.9943042266074901,0,0,45,35
3355,1742,propensity_weighted,0.9942627220062924,0,0,8,7
3356,9,propensity_weighted,0.9961552679514731,0,0,39,27
3357,2817,propensity_weighted,0.9945641575238823,0,0,18,16
3358,2510,propensity_weighted,0.9937162780578835,0,0,33,28
3359,3359,propensity_weighted,0.995844121449443,1,1,14,14
3360,742,propensity_weighted,0.9953723840953673,0,0,46,21
3361,3158,propensity_weighted,0.9956875483370772,0,0,5,33
3362,2492,propensity_weighted,0.9957332521663996,0,0,16,0
3363,3409,propensity_weighted,0.9908438055134966,0,0,30,47
3364,3904,propensity_weighted,0.9955832306597416,0,0,21,40
3365,2678,propensity_weighted,0.9946835177726485,0,0,42,29
3366,3366,propensity_weighted,0.9943732797945303,1,1,44,44
3367,1860,propensity_weighted,0.9954863212408193,0,0,1,2
3368,3368,propensity_weighted,0.9953892340400948,1,1,40,40
3369,4967,propensity_weighted,0.9957878554821336,0,1,10,10
3370,4673,propensity_weighted,0.9941086760313942,0,0,15,7
3371,2327,propensity_weighted,0.9957952881859559,0,0,35,5
3372,3372,propensity_weighted,0.9955331314794401,1,1,19,19
3373,4577,propensity_weighted,0.9956188231652309,0,0,38,28
3374,3751,propensity_weighted,0.9861632395120989,0,0,45,44
3375,3793,propensity_weighted,0.9948546666499672,0,0,37,16
3376,3995,propensity_weighted,0.9950308717596102,0,0,17,10
3377,3377,propensity_weighted,0.9961115982278776,1,1,20,20
3378,3378,propensity_weighted,0.9922320216750921,1,1,49,49
3379,4807,propensity_weighted,0.9915614566899787,0,0,32,48
3380,1608,propensity_weighted,0.9958692329063826,0,0,43,44
3381,1278,propensity_weighted,0.9951292058614586,0,0,19,18
3382,2831,propensity_weighted,0.9892895005946551,0,1,34,34
3383,3383,propensity_weighted,0.9957648064816798,1,1,24,24
3384,3268,propensity_weighted,0.9943162646213294,0,0,22,10
3385,1316,propensity_weighted,0.9956992386856237,0,0,39,43
3386,3386,propensity_weighted,0.9953183865276269,1,1,1,1
3387,3068,propensity_weighted,0.9957815500972913,0,0,3,8
3388,1605,propensity_weighted,0.9960963961067143,0,0,38,47
3389,450,propensity_weighted,0.9886799052555595,0,0,27,4
3390,2781,propensity_weighted,0.9961610698371336,0,0,15,27
3391,3003,propensity_weighted,0.9949666508904714,0,0,30,45
3392,3509,propensity_weighted,0.9928112787268131,0,0,31,32
3393,2834,propensity_weighted,0.996107476613744,0,0,36,28
3394,985,propensity_weighted,0.9961965029547958,0,0,35,34
3395,3395,propensity_weighted,0.9949546327776209,1,1,27,27
3396,3196,propensity_weighted,0.9958564243440364,0,0,26,15
3397,741,propensity_weighted,0.9953301071597044,0,0,30,7
3398,1588,propensity_weighted,0.9958805820401286,0,0,46,42
3399,4455,propensity_weighted,0.9945510303977115,0,0,21,40
3400,1336,propensity_weighted,0.9956090580938511,0,1,16,16
3401,2033,propensity_weighted,0.9960755729165739,0,1,3,3
3402,3932,propensity_weighted,0.996288824107658,0,0,17,19
3403,1612,propensity_weighted,0.9964183325392502,0,0,44,35
3404,3846,propensity_weighted,0.9953564360835399,0,1,37,37
3405,2092,propensity_weighted,0.9956328019527524,0,0,46,42
3406,1098,propensity_weighted,0.9959488893871932,0,0,33,31
3407,1048,propensity_weighted,0.9917832087768014,0,1,39,39
3408,279,propensity_weighted,0.9958420849737623,0,0,47,45
3409,2929,propensity_weighted,0.9954838485914859,0,0,47,34
3410,2655,propensity_weighted,0.9948770802477468,0,0,21,49
3411,3005,propensity_weighted,0.9893174067519936,0,1,46,46
3412,2134,propensity_weighted,0.9949834455184485,0,0,23,36
3413,2370,propensity_weighted,0.9938643830314042,0,1,36,36
3414,4842,propensity_weighted,0.9926439489216132,0,0,12,34
3415,4925,propensity_weighted,0.995486599986665,0,1,35,35
3416,1097,propensity_weighted,0.9958146690516056,0,0,16,37
3417,1932,propensity_weighted,0.9956903396018604,0,0,44,49
3418,2207,propensity_weighted,0.9929853622261129,0,0,9,2
3419,152,propensity_weighted,0.9955299841435254,0,0,21,34
3420,4534,propensity_weighted,0.996132048695632,0,1,44,44
3421,2897,propensity_weighted,0.9958619406108484,0,0,19,9
3422,4288,propensity_weighted,0.9958044372700102,0,0,23,25
3423,1441,propensity_weighted,0.9950513488363204,0,0,10,25
3424,937,propensity_weighted,0.9964363420432817,0,0,13,48
3425,3425,propensity_weighted,0.9926970412630441,1,1,14,14
3426,4437,propensity_weighted,0.9949923161494567,0,0,11,20
3427,2593,propensity_weighted,0.9927010554960958,0,0,7,17
3428,2894,propensity_weighted,0.9941534639852496,0,0,5,8
3429,1692,propensity_weighted,0.9963026967345658,0,0,21,42
3430,3036,propensity_weighted,0.9945166618960176,0,0,0,6
3431,2019,propensity_weighted,0.9950599610730011,0,0,19,35
3432,1072,propensity_weighted,0.9951428633887036,0,0,17,6
3433,3433,propensity_weighted,0.9960870396000389,1,1,11,11
3434,2665,propensity_weighted,0.9943487149172173,0,0,38,45
3435,3286,propensity_weighted,0.9957532030988011,0,0,18,24
3436,3163,propensity_weighted,0.9953321187789462,0,0,48,49
3437,415,propensity_weighted,0.9948001903200397,0,0,26,14
3438,3480,propensity_weighted,0.9945093283447191,0,0,9,1
3439,590,propensity_weighted,0.9965353649433144,0,0,42,49
3440,3770,propensity_weighted,0.992132829049615,0,1,34,34
3441,3441,propensity_weighted,0.9903658381675393,1,1,3,3
3442,3442,propensity_weighted,0.9950473192093957,1,1,46,46
3443,4889,propensity_weighted,0.9932464085552806,0,1,32,32
3444,4507,propensity_weighted,0.9887133492526781,0,0,5,12
3445,1996,propensity_weighted,0.9962064450948247,0,0,34,17
3446,3175,propensity_weighted,0.9928948294645495,0,0,39,20
3447,4057,propensity_weighted,0.9950371467624711,0,0,34,26
3448,3448,propensity_weighted,0.9961092237864595,1,1,1,1
3449,1099,propensity_weighted,0.9955868285401027,0,0,47,22
3450,4217,propensity_weighted,0.9908044894209842,0,0,42,32
3451,485,propensity_weighted,0.9938183128069098,0,0,18,16
3452,1413,propensity_weighted,0.9948587229331795,0,0,44,30
3453,4756,propensity_weighted,0.9957970135194772,0,0,22,7
3454,104,propensity_weighted,0.9944538103557714,0,0,19,30
3455,3314,propensity_weighted,0.9952026751225939,0,0,49,44
3456,1946,propensity_weighted,0.9943936101142276,0,0,8,10
3457,1434,propensity_weighted,0.9960892743893144,0,0,38,27
3458,784,propensity_weighted,0.9951504837746475,0,1,6,6
3459,726,propensity_weighted,0.994634562253382,0,0,10,15
3460,2394,propensity_weighted,0.9946164953040302,0,0,17,2
3461,3372,propensity_weighted,0.9925273548434409,0,0,20,19
3462,1016,propensity_weighted,0.995370795963582,0,0,14,29
3463,2214,propensity_weighted,0.9924817267548899,0,0,45,34
3464,3464,propensity_weighted,0.9912389771310268,1,1,20,20
3465,3465,propensity_weighted,0.993557772397496,1,1,5,5
3466,866,propensity_weighted,0.9942185246961991,0,1,10,10
3467,3862,propensity_weighted,0.9951808625858608,0,0,49,43
3468,357,propensity_weighted,0.995508021088689,0,0,17,7
3469,854,propensity_weighted,0.9948669674296753,0,0,42,13
3470,2141,propensity_weighted,0.996156043139985,0,1,9,9
3471,200,propensity_weighted,0.9959259105053239,0,0,20,13
3472,3699,propensity_weighted,0.9956583646571716,0,0,35,4
3473,4216,propensity_weighted,0.995863142014964,0,0,43,49
3474,306,propensity_weighted,0.9941267566458291,0,1,6,6
3475,2260,propensity_weighted,0.9954684003910133,0,0,29,7
3476,1285,propensity_weighted,0.9961648551341993,0,0,39,37
3477,2927,propensity_weighted,0.9958202647328892,0,0,28,24
3478,328,propensity_weighted,0.9964021166289101,0,0,18,24
3479,4352,propensity_weighted,0.9885395469109719,0,1,34,34
3480,3682,propensity_weighted,0.9948059481363816,0,0,1,2
3481,2213,propensity_weighted,0.9956644842340978,0,0,13,21
3482,4904,propensity_weighted,0.9932482961419559,0,0,33,38
3483,3918,propensity_weighted,0.9961160690303466,0,0,12,25
3484,2363,propensity_weighted,0.9950784531031797,0,0,14,4
3485,931,propensity_weighted,0.9953243068169699,0,1,4,4
3486,3701,propensity_weighted,0.9931626976969424,0,0,2,20
3487,2158,propensity_weighted,0.9963842401357953,0,0,13,4
3488,4785,propensity_weighted,0.9965285352260158,0,0,43,22
3489,3772,propensity_weighted,0.9939876375139205,0,0,40,28
3490,396,propensity_weighted,0.9918303746825001,0,0,49,27
3491,1959,propensity_weighted,0.9953957855170662,0,0,35,27
3492,2305,propensity_weighted,0.9961031119070212,0,0,33,14
3493,3973,propensity_weighted,0.992682451793118,0,0,26,38
3494,682,propensity_weighted,0.9958069898662454,0,0,34,13
3495,3619,propensity_weighted,0.9957698527205295,0,0,21,43
3496,3496,propensity_weighted,0.9882181202375152,1,1,37,37
3497,3497,propensity_weighted,0.995830417791314,1,1,2,2
3498,3849,propensity_weighted,0.996580752363396,0,0,45,36
3499,2833,propensity_weighted,0.9962973628388416,0,0,22,18
3500,1938,propensity_weighted,0.996185045097998,0,0,44,41
3501,817,propensity_weighted,0.9962703204158633,0,1,33,33
3502,3502,propensity_weighted,0.9926829613304905,1,1,11,11
3503,2360,propensity_weighted,0.9955692281653382,0,0,33,15
3504,1846,propensity_weighted,0.9932699864764356,0,0,25,24
3505,1986,propensity_weighted,0.9951763892589891,0,0,29,21
3506,73,propensity_weighted,0.9957364455998934,0,1,10,10
3507,543,propensity_weighted,0.9959611839884693,0,0,24,22
3508,3551,propensity_weighted,0.995589217277209,0,0,47,41
3509,4459,propensity_weighted,0.9946141235156452,0,0,32,38
3510,2784,propensity_weighted,0.9952902090446142,0,1,3,3
3511,4920,propensity_weighted,0.9963128835896218,0,0,28,44
3512,962,propensity_weighted,0.9950557181097311,0,0,13,16
3513,2876,propensity_weighted,0.9928314472831622,0,0,9,24
3514,3488,propensity_weighted,0.9957410414729657,0,0,29,43
3515,4015,propensity_weighted,0.9946896324409608,0,0,39,37
3516,3516,propensity_weighted,0.9883145427434803,1,1,39,39
3517,3336,propensity_weighted,0.9951331439295658,0,0,22,25
3518,3798,propensity_weighted,0.9931066359543358,0,0,7,16
3519,3145,propensity_weighted,0.993793153863248,0,1,41,41
3520,1104,propensity_weighted,0.988186494827125,0,0,40,43
3521,401,propensity_weighted,0.9964828848993782,0,1,27,27
3522,749,propensity_weighted,0.9953138693602346,0,1,4,4
3523,3073,propensity_weighted,0.991170198333606,0,1,39,39
3524,1801,propensity_weighted,0.9951613177054794,0,0,45,20
3525,2519,propensity_weighted,0.9947907122206542,0,0,49,26
3526,4632,propensity_weighted,0.9952491494054071,0,0,4,15
3527,3527,propensity_weighted,0.9951800334383393,1,1,37,37
3528,4630,propensity_weighted,0.9957468361703417,0,0,25,37
3529,1838,propensity_weighted,0.9956106334095306,0,0,30,43
3530,2842,propensity_weighted,0.9948235309572467,0,0,12,16
3531,893,propensity_weighted,0.9958904870831387,0,0,16,19
3532,4041,propensity_weighted,0.9948014857879381,0,0,18,21
3533,2274,propensity_weighted,0.9949515665761496,0,0,48,36
3534,698,propensity_weighted,0.9949770534680268,0,0,40,30
3535,862,propensity_weighted,0.9943321366756253,0,0,26,34
3536,1719,propensity_weighted,0.9956631043409973,0,0,2,1
3537,1978,propensity_weighted,0.990162626824539,0,0,2,1
3538,257,propensity_weighted,0.9959061102500435,0,1,39,39
3539,4246,propensity_weighted,0.996141900181732,0,0,4,0
3540,4329,propensity_weighted,0.9964343983694847,0,0,17,31
3541,44,propensity_weighted,0.9962006071012838,0,0,30,41
3542,2194,propensity_weighted,0.9956020385779737,0,0,27,13
3543,2507,propensity_weighted,0.9934524934062481,0,0,49,30
3544,1257,propensity_weighted,0.99549883877423,0,0,40,31
3545,2992,propensity_weighted,0.9948721566218893,0,0,14,5
3546,1472,propensity_weighted,0.9950151977337882,0,1,12,12
3547,258,propensity_weighted,0.9957321304799822,0,0,7,10
3548,1087,propensity_weighted,0.9962160243764544,0,0,24,43
3549,3549,propensity_weighted,0.995830058625712,1,1,41,41
3550,509,propensity_weighted,0.9962461584944625,0,0,45,49
3551,3756,propensity_weighted,0.9955796203008972,0,0,41,31
3552,4788,propensity_weighted,0.9956851801358384,0,1,44,44
3553,3553,propensity_weighted,0.9942100342597049,1,1,3,3
3554,1862,propensity_weighted,0.9956602771878023,0,0,13,8
3555,54,propensity_weighted,0.9948393322257112,0,1,32,32
3556,3889,propensity_weighted,0.9952784768321291,0,0,28,17
3557,3370,propensity_weighted,0.9930437836893555,0,0,5,15
3558,2215,propensity_weighted,0.9963953425882366,0,0,16,24
3559,3843,propensity_weighted,0.9959515478656195,0,0,27,13
3560,1353,propensity_weighted,0.9934093736047476,0,1,40,40
3561,3739,propensity_weighted,0.9965221384845896,0,0,26,49
3562,2274,propensity_weighted,0.9949734877021398,0,1,36,36
3563,645,propensity_weighted,0.9946992951373691,0,0,31,17
3564,2328,propensity_weighted,0.9938237292168324,0,0,0,19
3565,3350,propensity_weighted,0.9956497229905342,0,0,26,14
3566,2137,propensity_weighted,0.9954474941416873,0,1,48,48
3567,972,propensity_weighted,0.9949787887889318,0,1,16,16
3568,3568,propensity_weighted,0.9959949979834101,1,1,3,3
3569,2589,propensity_weighted,0.9875419422980294,0,0,46,37
3570,3545,propensity_weighted,0.9913176196744519,0,0,5,14
3571,4416,propensity_weighted,0.9958349298783905,0,0,29,16
3572,4009,propensity_weighted,0.996062874257605,0,0,21,29
3573,3573,propensity_weighted,0.9910699210297891,1,1,8,8
3574,3007,propensity_weighted,0.9937196024158371,0,1,48,48
3575,4754,propensity_weighted,0.995260693162262,0,0,30,7
3576,1532,propensity_weighted,0.9954703928524596,0,1,11,11
3577,259,propensity_weighted,0.9956711735739215,0,0,37,19
3578,1535,propensity_weighted,0.994967738250975,0,0,18,22
3579,377,propensity_weighted,0.9963076720079841,0,0,42,45
3580,4346,propensity_weighted,0.9948527989985823,0,0,4,1
3581,3935,propensity_weighted,0.994236925479483,0,0,7,12
3582,2417,propensity_weighted,0.9958082331839226,0,1,3,3
3583,861,propensity_weighted,0.9960505943891349,0,0,4,0
3584,1331,propensity_weighted,0.9965614487017789,0,0,19,16
3585,3604,propensity_weighted,0.9960899823586956,0,0,35,24
3586,912,propensity_weighted,0.9961262221752516,0,0,21,18
3587,4479,propensity_weighted,0.9950577276806715,0,0,28,7
3588,2966,propensity_weighted,0.9944133745207641,0,0,31,28
3589,439,propensity_weighted,0.995676273524822,0,0,8,9
3590,2374,propensity_weighted,0.9955470955027843,0,0,42,46
3591,4886,propensity_weighted,0.9963472842777216,0,0,10,0
3592,3155,propensity_weighted,0.9942420327564666,0,0,21,22
3593,1197,propensity_weighted,0.9953912194921319,0,0,21,27
3594,2433,propensity_weighted,0.9955270308695187,0,0,48,42
3595,3205,propensity_weighted,0.9942470443337856,0,0,37,31
3596,157,propensity_weighted,0.9946966689427171,0,0,41,31
3597,3813,propensity_weighted,0.9953568385730732,0,0,16,1
3598,4838,propensity_weighted,0.9948605262913643,0,0,7,31
3599,1233,propensity_weighted,0.9944484152852179,0,1,14,14
3600,36,propensity_weighted,0.9939843815259982,0,0,0,32
3601,3601,propensity_weighted,0.9947869689812344,1,1,49,49
3602,2077,propensity_weighted,0.9964183418280648,0,0,44,49
3603,4910,propensity_weighted,0.9956595367870639,0,0,30,34
3604,2353,propensity_weighted,0.9958163276877219,0,0,24,20
3605,4572,propensity_weighted,0.9743357962255673,0,1,0,0
3606,3606,propensity_weighted,0.9955853285557901,1,1,5,5
3607,635,propensity_weighted,0.9941477947886528,0,0,25,23
3608,3844,propensity_weighted,0.9959734060471586,0,0,44,28
3609,4776,propensity_weighted,0.9959135669675308,0,0,37,40
3610,4554,propensity_weighted,0.9958742776352049,0,0,15,5
3611,3346,propensity_weighted,0.9953482717104045,0,1,38,38
3612,371,propensity_weighted,0.9843122630340473,0,0,3,18
3613,3581,propensity_weighted,0.993312270166508,0,0,12,7
3614,730,propensity_weighted,0.995819402022874,0,0,38,35
3615,1037,propensity_weighted,0.994170296862433,0,0,5,26
3616,3469,propensity_weighted,0.9952097943754479,0,0,31,42
3617,2292,propensity_weighted,0.9963913002970721,0,0,29,21
3618,480,propensity_weighted,0.9950448210065077,0,0,26,31
3619,88,propensity_weighted,0.9953673766900019,0,0,43,42
3620,1506,propensity_weighted,0.996474265734196,0,0,19,32
3621,1735,propensity_weighted,0.9950176098603143,0,0,19,32
3622,3622,propensity_weighted,0.9945384082541661,1,1,7,7
3623,232,propensity_weighted,0.9954831581228721,0,0,15,10
3624,3543,propensity_weighted,0.9928520768213409,0,0,25,49
3625,2289,propensity_weighted,0.9912512773789909,0,0,43,46
3626,4531,propensity_weighted,0.9955231143430548,0,0,11,1
3627,1102,propensity_weighted,0.9963083137512578,0,0,4,15
3628,1130,propensity_weighted,0.9953419153452293,0,0,20,9
3629,3130,propensity_weighted,0.9953887083977578,0,0,22,10
3630,1267,propensity_weighted,0.9964824519077916,0,0,26,15
3631,3356,propensity_weighted,0.9957640974271396,0,0,16,39
3632,1731,propensity_weighted,0.9949913644989012,0,0,8,23
3633,4294,propensity_weighted,0.9955431942658989,0,0,18,4
3634,1001,propensity_weighted,0.9953738793711755,0,0,16,1
3635,3014,propensity_weighted,0.9954624501818746,0,0,4,5
3636,3467,propensity_weighted,0.9946547275415305,0,0,43,49
3637,1893,propensity_weighted,0.9951036021622405,0,1,9,9
3638,68,propensity_weighted,0.9948795878692345,0,0,28,8
3639,1876,propensity_weighted,0.9950158013902507,0,0,28,23
3640,3640,propensity_weighted,0.9820210395492529,1,1,12,12
3641,1334,propensity_weighted,0.9940558934975897,0,1,10,10
3642,223,propensity_weighted,0.9957904741477377,0,0,23,7
3643,924,propensity_weighted,0.9944631896055383,0,0,24,47
3644,1592,propensity_weighted,0.995829381826747,0,0,27,40
3645,135,propensity_weighted,0.9934133448385245,0,0,3,8
3646,3405,propensity_weighted,0.9957807927260057,0,0,42,46
3647,2715,propensity_weighted,0.9952245097626347,0,0,25,30
3648,2807,propensity_weighted,0.9884483469846571,0,0,34,29
3649,1605,propensity_weighted,0.9962366986097124,0,0,41,47
3650,2832,propensity_weighted,0.9951195851874859,0,0,8,9
3651,3651,propensity_weighted,0.9955939917114662,1,1,31,31
3652,2985,propensity_weighted,0.9950279272263732,0,0,34,43
3653,4309,propensity_weighted,0.9960045375217053,0,0,42,49
3654,4763,propensity_weighted,0.9952388462786435,0,0,3,6
3655,2637,propensity_weighted,0.9944297634251924,0,0,43,34
3656,741,propensity_weighted,0.99483461488921,0,0,18,7
3657,1182,propensity_weighted,0.9935924075353575,0,0,48,46
3658,3658,propensity_weighted,0.9958169124509312,1,1,43,43
3659,1840,propensity_weighted,0.995194230466235,0,0,26,39
3660,3660,propensity_weighted,0.9957392287331415,1,1,22,22
3661,2335,propensity_weighted,0.9957117783076955,0,0,36,47
3662,3013,propensity_weighted,0.9962476931759409,0,0,18,16
3663,113,propensity_weighted,0.9952604490839841,0,0,36,26
3664,3584,propensity_weighted,0.9951885412107695,0,0,16,19
3665,877,propensity_weighted,0.9953462844616062,0,0,40,21
3666,4085,propensity_weighted,0.9957575486791806,0,0,30,43
3667,4125,propensity_weighted,0.9944011954724822,0,0,26,5
3668,1045,propensity_weighted,0.9898106075743788,0,0,8,5
3669,3754,propensity_weighted,0.9924018533943975,0,0,22,7
3670,454,propensity_weighted,0.9951698876169132,0,0,10,23
3671,3629,propensity_weighted,0.9931818177149111,0,0,21,22
3672,54,propensity_weighted,0.9956224162765946,0,0,48,32
3673,4091,propensity_weighted,0.9937921551552416,0,0,48,44
3674,94,propensity_weighted,0.995864823505442,0,1,47,47
3675,2359,propensity_weighted,0.9947524387909965,0,1,31,31
3676,4610,propensity_weighted,0.9964168545272456,0,0,19,45
3677,1639,propensity_weighted,0.9961586387436536,0,0,35,47
3678,2905,propensity_weighted,0.9948208845496703,0,0,32,48
3679,4334,propensity_weighted,0.9958469181724905,0,1,37,37
3680,354,propensity_weighted,0.9955862051071198,0,0,31,17
3681,4834,propensity_weighted,0.9952778351349422,0,0,6,17
3682,4519,propensity_weighted,0.9958567527966378,0,0,2,1
3683,4807,propensity_weighted,0.9953289422141355,0,0,41,48
3684,4720,propensity_weighted,0.9949817158829884,0,1,2,2
3685,3884,propensity_weighted,0.9959571351247295,0,0,47,39
3686,1339,propensity_weighted,0.9963298552781142,0,0,42,43
3687,2649,propensity_weighted,0.995174839381213,0,1,4,4
3688,2122,propensity_weighted,0.9960128879824162,0,1,32,32
3689,1943,propensity_weighted,0.9956166947962302,0,0,30,39
3690,1144,propensity_weighted,0.99480231181638,0,0,20,33
3691,3152,propensity_weighted,0.9960054358685649,0,0,32,17
3692,460,propensity_weighted,0.9948288497056279,0,0,42,43
3693,2919,propensity_weighted,0.9951704837449223,0,0,6,9
3694,271,propensity_weighted,0.9958289696142301,0,0,18,35
3695,4076,propensity_weighted,0.9960884997307432,0,0,2,20
3696,2801,propensity_weighted,0.9959717245075912,0,0,4,5
3697,3950,propensity_weighted,0.9962588905995806,0,0,27,7
3698,3917,propensity_weighted,0.9939867861723898,0,0,21,5
3699,4495,propensity_weighted,0.9939389464988752,0,0,4,7
3700,1051,propensity_weighted,0.9963303843185398,0,0,18,2
3701,235,propensity_weighted,0.9961753297413992,0,0,20,11
3702,3702,propensity_weighted,0.9933665681351639,1,1,41,41
3703,4053,propensity_weighted,0.9964978215569251,0,0,45,38
3704,1864,propensity_weighted,0.996013081802953,0,0,9,8
3705,3732,propensity_weighted,0.9957023321202837,0,0,40,12
3706,1122,propensity_weighted,0.996140348562735,0,0,5,7
3707,1403,propensity_weighted,0.9958643714267787,0,0,16,20
3708,3708,propensity_weighted,0.992790502698292,1,1,10,10
3709,1393,propensity_weighted,0.9960359568764152,0,0,44,33
3710,4780,propensity_weighted,0.9949045899310551,0,1,48,48
3711,392,propensity_weighted,0.9949214181709534,0,0,17,32
3712,4163,propensity_weighted,0.9964103686044173,0,0,29,14
3713,3713,propensity_weighted,0.9957492486653318,1,1,30,30
3714,2438,propensity_weighted,0.9959011211200343,0,0,20,37
3715,946,propensity_weighted,0.9951363454356953,0,0,11,20
3716,4543,propensity_weighted,0.9964043150797258,0,0,14,7
3717,2853,propensity_weighted,0.9945072815361791,0,1,36,36
3718,2924,propensity_weighted,0.9966101549627975,0,0,26,7
3719,3332,propensity_weighted,0.9943122004341477,0,0,6,13
3720,310,propensity_weighted,0.993242291936018,0,0,9,2
3721,498,propensity_weighted,0.9956859139532787,0,0,48,39
3722,4799,propensity_weighted,0.9959413186982061,0,0,43,13
3723,2765,propensity_weighted,0.9961512868022737,0,0,11,1
3724,2300,propensity_weighted,0.9920398691407376,0,0,32,11
3725,3962,propensity_weighted,0.9947765061842422,0,0,1,2
3726,4606,propensity_weighted,0.9955861135861579,0,1,16,16
3727,1225,propensity_weighted,0.9954465121972125,0,0,39,46
3728,785,propensity_weighted,0.9957790124678498,0,0,21,27
3729,681,propensity_weighted,0.9956177913482891,0,0,38,30
3730,2853,propensity_weighted,0.994277952881771,0,0,44,36
3731,3062,propensity_weighted,0.9955770704492581,0,0,19,13
3732,842,propensity_weighted,0.9934325526276074,0,0,12,40
3733,986,propensity_weighted,0.9952816692950058,0,1,3,3
3734,604,propensity_weighted,0.9913468126823131,0,0,31,41
3735,645,propensity_weighted,0.9959215461747837,0,0,31,17
3736,3736,propensity_weighted,0.9906407446011425,1,1,7,7
3737,2855,propensity_weighted,0.9954482284246314,0,0,3,14
3738,1658,propensity_weighted,0.9945024513187044,0,0,47,14
3739,759,propensity_weighted,0.9936026378083637,0,0,49,26
3740,1778,propensity_weighted,0.996255866459877,0,0,35,30
3741,1742,propensity_weighted,0.9953041276408426,0,0,8,7
3742,2175,propensity_weighted,0.9962993773512733,0,0,28,45
3743,567,propensity_weighted,0.995931413453616,0,0,30,45
3744,3744,propensity_weighted,0.9960571989928393,1,1,0,0
3745,2646,propensity_weighted,0.9959395640397093,0,1,3,3
3746,4772,propensity_weighted,0.9939371982106393,0,1,37,37
3747,4059,propensity_weighted,0.9940475475288275,0,0,19,31
3748,3446,propensity_weighted,0.9939979219909747,0,1,39,39
3749,3749,propensity_weighted,0.9913851543602107,1,1,7,7
3750,3775,propensity_weighted,0.9958544900987469,0,0,19,37
3751,2369,propensity_weighted,0.9963922524305052,0,0,44,42
3752,3752,propensity_weighted,0.9930489382180402,1,1,2,2
3753,2959,propensity_weighted,0.9953139501028991,0,0,6,11
3754,3669,propensity_weighted,0.9926809736805232,0,0,7,22
3755,2187,propensity_weighted,0.9956702276001955,0,0,35,34
3756,61,propensity_weighted,0.9959179251099209,0,0,31,28
3757,2472,propensity_weighted,0.9950958739730881,0,0,24,48
3758,2048,propensity_weighted,0.9959788794529412,0,0,24,3
3759,4029,propensity_weighted,0.993759372630514,0,0,11,33
3760,4068,propensity_weighted,0.9948674567038124,0,0,12,25
3761,1314,propensity_weighted,0.9962434991234351,0,1,48,48
3762,2766,propensity_weighted,0.9963387834158617,0,0,30,39
3763,4396,propensity_weighted,0.9943720582210869,0,1,41,41
3764,4868,propensity_weighted,0.9946492528479346,0,1,5,5
3765,2131,propensity_weighted,0.995838520817869,0,0,14,21
3766,2097,propensity_weighted,0.9911193832179347,0,0,12,3
3767,2130,propensity_weighted,0.9962548372081549,0,0,22,5
3768,1180,propensity_weighted,0.9954518127126525,0,0,33,41
3769,789,propensity_weighted,0.9940223661584754,0,0,42,46
3770,985,propensity_weighted,0.9956185072275169,0,1,34,34
3771,203,propensity_weighted,0.9951389077901724,0,1,3,3
3772,2116,propensity_weighted,0.9963884653811221,0,0,28,23
3773,3189,propensity_weighted,0.9954163345418766,0,1,25,25
3774,4118,propensity_weighted,0.9947273798066812,0,0,41,46
3775,4447,propensity_weighted,0.9945174665924492,0,0,37,17
3776,3750,propensity_weighted,0.9961111984251139,0,0,22,19
3777,4129,propensity_weighted,0.9940668981992629,0,0,42,38
3778,2261,propensity_weighted,0.9955217356320244,0,1,12,12
3779,3269,propensity_weighted,0.9954158314698698,0,0,13,40
3780,3038,propensity_weighted,0.9955025732287255,0,0,23,32
3781,4054,propensity_weighted,0.9949213940899535,0,1,19,19
3782,601,propensity_weighted,0.9961000173043264,0,0,18,3
3783,4778,propensity_weighted,0.9957310678844674,0,0,20,19
3784,3618,propensity_weighted,0.9960495963656855,0,1,26,26
3785,1008,propensity_weighted,0.995972182870862,0,0,5,28
3786,3786,propensity_weighted,0.9931225139084414,1,1,48,48
3787,1685,propensity_weighted,0.9959382790528427,0,0,1,42
3788,3901,propensity_weighted,0.9958196064582231,0,0,32,42
3789,700,propensity_weighted,0.9941426244454771,0,0,9,10
3790,3486,propensity_weighted,0.9954434262603273,0,0,41,2
3791,2620,propensity_weighted,0.9956181136933234,0,0,27,15
3792,302,propensity_weighted,0.9956833036480558,0,0,30,35
3793,3020,propensity_weighted,0.9957024635422493,0,0,16,11
3794,1523,propensity_weighted,0.9954412352766692,0,1,9,9
3795,4269,propensity_weighted,0.9945258901014717,0,0,25,24
3796,4514,propensity_weighted,0.9951298120220842,0,0,22,4
3797,1283,propensity_weighted,0.9956265130447953,0,0,9,32
3798,3798,propensity_weighted,0.9959834658894434,1,1,16,16
3799,1391,propensity_weighted,0.9952594702403628,0,1,46,46
3800,3925,propensity_weighted,0.9943466282395268,0,0,23,8
3801,921,propensity_weighted,0.9944564156080913,0,0,6,0
3802,2679,propensity_weighted,0.9947484191136086,0,0,22,33
3803,3803,propensity_weighted,0.994659262916348,1,1,38,38
3804,41,propensity_weighted,0.9954867186161044,0,0,20,10
3805,4324,propensity_weighted,0.9956482370722756,0,0,43,47
3806,4516,propensity_weighted,0.995449704827572,0,0,22,0
3807,1893,propensity_weighted,0.9956014381447716,0,0,3,9
3808,691,propensity_weighted,0.9957947223503113,0,1,42,42
3809,3809,propensity_weighted,0.9963043101454178,1,1,19,19
3810,4797,propensity_weighted,0.9937459413221421,0,0,4,0
3811,4263,propensity_weighted,0.9954476846162031,0,1,27,27
3812,1154,propensity_weighted,0.9948288257085562,0,0,6,9
3813,739,propensity_weighted,0.9938629415458748,0,0,1,20
3814,3545,propensity_weighted,0.9936532725655793,0,0,26,14
3815,1205,propensity_weighted,0.9956316951837759,0,0,23,28
3816,541,propensity_weighted,0.995205135268265,0,0,47,45
3817,4528,propensity_weighted,0.9964114913594704,0,0,28,47
3818,1835,propensity_weighted,0.9927932804050825,0,0,11,37
3819,3658,propensity_weighted,0.9958059651380864,0,0,33,43
3820,3521,propensity_weighted,0.9961566464248562,0,0,16,27
3821,3922,propensity_weighted,0.995607962999363,0,0,11,41
3822,2218,propensity_weighted,0.9943501617773506,0,0,19,18
3823,428,propensity_weighted,0.9942917971021578,0,0,13,48
3824,3824,propensity_weighted,0.9942525054468633,1,1,33,33
3825,3033,propensity_weighted,0.9936795746100219,0,0,34,35
3826,172,propensity_weighted,0.9950899584907005,0,0,16,27
3827,2990,propensity_weighted,0.9955018274478653,0,0,40,39
3828,2975,propensity_weighted,0.9936565178159482,0,0,2,7
3829,828,propensity_weighted,0.9965856613328372,0,0,24,6
3830,2663,propensity_weighted,0.9960758315091437,0,0,21,15
3831,1270,propensity_weighted,0.9965384136153097,0,1,4,4
3832,603,propensity_weighted,0.9961824891688137,0,0,19,38
3833,1272,propensity_weighted,0.9959345726940412,0,1,0,0
3834,2250,propensity_weighted,0.9960171183365207,0,0,2,23
3835,210,propensity_weighted,0.9957535694677696,0,0,25,16
3836,4258,propensity_weighted,0.9952320093190575,0,0,38,28
3837,4035,propensity_weighted,0.9945248926919057,0,0,36,31
3838,2236,propensity_weighted,0.9933469833225321,0,1,35,35
3839,1560,propensity_weighted,0.9958014716534817,0,0,20,11
3840,4824,propensity_weighted,0.9957694189824251,0,0,37,30
3841,4128,propensity_weighted,0.9953206860595724,0,0,25,8
3842,2509,propensity_weighted,0.9928498677236643,0,0,47,41
3843,1278,propensity_weighted,0.9955395512918022,0,0,13,18
3844,1556,propensity_weighted,0.9956430389269738,0,0,28,44
3845,225,propensity_weighted,0.9962388211801395,0,0,47,45
3846,3963,propensity_weighted,0.9951160733174886,0,1,37,37
3847,323,propensity_weighted,0.9949079638952906,0,0,11,1
3848,4014,propensity_weighted,0.9963389447134375,0,0,28,41
3849,4952,propensity_weighted,0.9964760177087658,0,0,36,38
3850,2181,propensity_weighted,0.9959676176072618,0,1,11,11
3851,1678,propensity_weighted,0.9961795268241093,0,0,23,45
3852,1568,propensity_weighted,0.9959087186403164,0,0,10,25
3853,3853,propensity_weighted,0.9956088238564045,1,1,17,17
3854,4753,propensity_weighted,0.996061543710335,0,0,44,49
3855,1318,propensity_weighted,0.994152147316681,0,0,24,2
3856,2591,propensity_weighted,0.9964674736097933,0,0,36,47
3857,3477,propensity_weighted,0.9946935358169179,0,0,48,28
3858,3348,propensity_weighted,0.9953388850181479,0,0,44,42
3859,2216,propensity_weighted,0.9927116014227474,0,0,26,36
3860,3229,propensity_weighted,0.9955931281594241,0,1,28,28
3861,2041,propensity_weighted,0.9943266966480826,0,0,8,30
3862,3467,propensity_weighted,0.992108145652443,0,0,43,49
3863,3858,propensity_weighted,0.9966088814832322,0,1,44,44
3864,3290,propensity_weighted,0.9960601193442224,0,0,41,31
3865,1659,propensity_weighted,0.9962854201782031,0,0,16,13
3866,2194,propensity_weighted,0.996056170167651,0,0,16,13
3867,306,propensity_weighted,0.9960172626865813,0,0,20,6
3868,3868,propensity_weighted,0.9941423926531721,1,1,7,7
3869,3984,propensity_weighted,0.9937440110699443,0,0,33,44
3870,2793,propensity_weighted,0.9952791798357725,0,0,13,38
3871,3268,propensity_weighted,0.9960431216247099,0,0,19,10
3872,2579,propensity_weighted,0.9952464227581352,0,0,44,45
3873,343,propensity_weighted,0.9952214386356266,0,0,16,4
3874,2678,propensity_weighted,0.996051554222431,0,0,27,29
3875,1796,propensity_weighted,0.9954977360389009,0,1,41,41
3876,4899,propensity_weighted,0.9961204729573894,0,0,16,20
3877,540,propensity_weighted,0.9953818287855452,0,0,38,21
3878,4704,propensity_weighted,0.9951053107128754,0,0,30,43
3879,2020,propensity_weighted,0.9947457021834771,0,0,5,3
3880,1345,propensity_weighted,0.9951252123487119,0,1,48,48
3881,3292,propensity_weighted,0.9959659949709228,0,1,34,34
3882,3573,propensity_weighted,0.9879214725997373,0,1,8,8
3883,1410,propensity_weighted,0.9964211046768517,0,0,45,44
3884,2439,propensity_weighted,0.9953404315922766,0,0,39,47
3885,3114,propensity_weighted,0.9952958766676041,0,1,6,6
3886,2986,propensity_weighted,0.9961040205289031,0,0,33,9
3887,3887,propensity_weighted,0.9961061296098485,1,1,25,25
3888,4255,propensity_weighted,0.9958940352990958,0,0,43,21
3889,2285,propensity_weighted,0.9957954429674248,0,0,17,20
3890,2435,propensity_weighted,0.9958399298549229,0,0,15,18
3891,1255,propensity_weighted,0.9948651647887214,0,0,24,9
3892,1670,propensity_weighted,0.9954624776805135,0,0,37,12
3893,3563,propensity_weighted,0.9917663894446138,0,0,17,31
3894,4497,propensity_weighted,0.9960082324796717,0,0,37,25
3895,4952,propensity_weighted,0.9963421968217423,0,0,47,38
3896,4654,propensity_weighted,0.9961218686621667,0,1,14,14
3897,3458,propensity_weighted,0.995533701911296,0,0,1,6
3898,78,propensity_weighted,0.9965084046708825,0,1,2,2
3899,2111,propensity_weighted,0.9937708616568083,0,0,45,33
3900,468,propensity_weighted,0.9956359868640062,0,0,26,36
3901,3552,propensity_weighted,0.9964065680346976,0,0,42,44
3902,1877,propensity_weighted,0.9960904462434019,0,0,37,17
3903,4196,propensity_weighted,0.9939642820918607,0,0,47,34
3904,163,propensity_weighted,0.996601827512538,0,0,40,13
3905,3782,propensity_weighted,0.9964592580408242,0,0,9,18
3906,3504,propensity_weighted,0.9957283715975825,0,0,0,25
3907,973,propensity_weighted,0.9939555584944534,0,0,3,28
3908,2844,propensity_weighted,0.9958650203297034,0,0,47,41
3909,4626,propensity_weighted,0.9951649396790885,0,0,30,39
3910,3101,propensity_weighted,0.9952849064001407,0,1,12,12
3911,2522,propensity_weighted,0.9946689160253508,0,1,15,15
3912,4814,propensity_weighted,0.995309655549973,0,0,16,1
3913,3913,propensity_weighted,0.9941893161881054,1,1,28,28
3914,2066,propensity_weighted,0.9958566011019618,0,0,15,36
3915,4159,propensity_weighted,0.9939028763938957,0,1,12,12
3916,4434,propensity_weighted,0.9948911965639368,0,0,34,42
3917,2198,propensity_weighted,0.9963118092800756,0,1,5,5
3918,3705,propensity_weighted,0.9959720733378078,0,0,25,40
3919,3126,propensity_weighted,0.9951860165757493,0,0,30,37
3920,542,propensity_weighted,0.9954107886453448,0,0,6,23
3921,3913,propensity_weighted,0.9957273267208478,0,1,28,28
3922,645,propensity_weighted,0.9961334327357103,0,0,41,17
3923,4886,propensity_weighted,0.9941705699437942,0,1,0,0
3924,2434,propensity_weighted,0.9963097615658507,0,0,33,31
3925,4609,propensity_weighted,0.9952516391021988,0,0,8,23
3926,2906,propensity_weighted,0.9946362304165254,0,0,27,13
3927,4180,propensity_weighted,0.9949624278345723,0,0,41,45
3928,393,propensity_weighted,0.9959883134275702,0,0,18,29
3929,911,propensity_weighted,0.9958180028196104,0,0,10,20
3930,3077,propensity_weighted,0.9941856276340991,0,0,24,9
3931,3209,propensity_weighted,0.9961105449881813,0,0,28,35
3932,350,propensity_weighted,0.9920478896822342,0,0,19,32
3933,3933,propensity_weighted,0.9931791144424043,1,1,0,0
3934,2748,propensity_weighted,0.9836164625861632,0,0,17,0
3935,2261,propensity_weighted,0.9957443730341077,0,1,12,12
3936,4404,propensity_weighted,0.9905462422700064,0,1,8,8
3937,1407,propensity_weighted,0.994367849643724,0,0,39,12
3938,320,propensity_weighted,0.99632605000772,0,0,8,23
3939,3411,propensity_weighted,0.9912364019427613,0,0,47,46
3940,2059,propensity_weighted,0.9819254917160671,0,0,19,1
3941,1702,propensity_weighted,0.9960998005545603,0,0,4,27
3942,4716,propensity_weighted,0.9962995304328782,0,0,44,43
3943,1025,propensity_weighted,0.9932774696690718,0,0,26,42
3944,1084,propensity_weighted,0.9954774634215899,0,1,31,31
3945,2457,propensity_weighted,0.9947361268641642,0,0,20,1
3946,3027,propensity_weighted,0.9955069160718648,0,0,8,3
3947,2058,propensity_weighted,0.9924487062754136,0,0,3,12
3948,1330,propensity_weighted,0.9962396858142022,0,0,12,22
3949,3111,propensity_weighted,0.9958776985488883,0,0,33,44
3950,3813,propensity_weighted,0.9950199225193631,0,0,7,1
3951,1087,propensity_weighted,0.9951413265681106,0,0,49,43
3952,4300,propensity_weighted,0.9959267334514224,0,0,24,1
3953,3778,propensity_weighted,0.9943007857383558,0,1,12,12
3954,3735,propensity_weighted,0.9956494363136916,0,0,17,31
3955,2853,propensity_weighted,0.9960704743164429,0,0,41,36
3956,4777,propensity_weighted,0.9954879293814497,0,0,45,46
3957,1703,propensity_weighted,0.9965909649969189,0,0,4,15
3958,4100,propensity_weighted,0.995983540437489,0,0,6,1
3959,1620,propensity_weighted,0.9951729130674299,0,0,13,19
3960,3501,propensity_weighted,0.995727285583988,0,0,9,33
3961,4958,propensity_weighted,0.9959596572921333,0,0,45,44
3962,531,propensity_weighted,0.9946209693334722,0,0,2,7
3963,97,propensity_weighted,0.9951559924533675,0,0,37,39
3964,2549,propensity_weighted,0.9954942119839697,0,0,35,37
3965,4754,propensity_weighted,0.9955275935787468,0,0,30,7
3966,4667,propensity_weighted,0.9961309138512435,0,0,30,37
3967,2675,propensity_weighted,0.9942572783983071,0,0,28,1
3968,1307,propensity_weighted,0.9955666658475121,0,1,25,25
3969,4083,propensity_weighted,0.9956336764433315,0,0,18,13
3970,3970,propensity_weighted,0.9773341312554871,1,1,5,5
3971,3785,propensity_weighted,0.9951076006726807,0,0,28,5
3972,2081,propensity_weighted,0.9919788025208485,0,0,20,1
3973,1387,propensity_weighted,0.9958198766027283,0,1,38,38
3974,571,propensity_weighted,0.9957371216977571,0,0,24,33
3975,37,propensity_weighted,0.9951511749259917,0,0,29,46
3976,1742,propensity_weighted,0.9942197059819446,0,0,8,7
3977,611,propensity_weighted,0.9959605402257641,0,0,42,22
3978,3302,propensity_weighted,0.9955410540905927,0,0,48,39
3979,1741,propensity_weighted,0.9893767612231315,0,1,11,11
3980,2211,propensity_weighted,0.9962867466358835,0,1,29,29
3981,3975,propensity_weighted,0.995237958624639,0,1,29,29
3982,1581,propensity_weighted,0.9959008310200369,0,0,40,15
3983,3460,propensity_weighted,0.9951493963302438,0,0,30,17
3984,1657,propensity_weighted,0.9962009224550085,0,0,44,31
3985,1646,propensity_weighted,0.9954940562601903,0,1,20,20
3986,188,propensity_weighted,0.9952863322510824,0,0,36,47
3987,3146,propensity_weighted,0.9931519084264342,0,1,46,46
3988,4656,propensity_weighted,0.9957445040062767,0,0,7,17
3989,1287,propensity_weighted,0.9954948719489078,0,0,24,23
3990,2343,propensity_weighted,0.9944834065441915,0,0,20,18
3991,3109,propensity_weighted,0.9961274171545014,0,0,27,4
3992,1759,propensity_weighted,0.9902341035342277,0,0,39,10
3993,824,propensity_weighted,0.9920421687458565,0,1,0,0
3994,1001,propensity_weighted,0.9959908711790816,0,0,13,1
3995,3432,propensity_weighted,0.9946366318058784,0,0,10,17
3996,1490,propensity_weighted,0.9961111871657,0,0,35,8
3997,1922,propensity_weighted,0.9956214117999709,0,0,5,12
3998,3998,propensity_weighted,0.9957856909889606,1,1,28,28
3999,390,propensity_weighted,0.9956563842176895,0,1,13,13
4000,3579,propensity_weighted,0.996058696154144,0,0,33,42
4001,4531,propensity_weighted,0.9944636218236056,0,0,11,1
4002,2326,propensity_weighted,0.996115310858673,0,0,47,11
4003,613,propensity_weighted,0.9949830834925372,0,0,32,48
4004,2616,propensity_weighted,0.9944804900563172,0,0,17,28
4005,1355,propensity_weighted,0.9937883110502024,0,1,31,31
4006,4681,propensity_weighted,0.9930045976160857,0,0,17,4
4007,4649,propensity_weighted,0.9962951878972627,0,0,20,3
4008,1868,propensity_weighted,0.9947827094658813,0,0,3,35
4009,1197,propensity_weighted,0.9943209846626901,0,0,29,27
4010,1191,propensity_weighted,0.9946679586070545,0,0,1,13
4011,1713,propensity_weighted,0.979868170577382,0,0,3,1
4012,4472,propensity_weighted,0.9957825451815492,0,0,30,26
4013,4847,propensity_weighted,0.9927611497326911,0,0,34,35
4014,1098,propensity_weighted,0.9962757743142636,0,0,41,31
4015,1379,propensity_weighted,0.995335927732577,0,1,37,37
4016,1240,propensity_weighted,0.9949110442299334,0,0,4,10
4017,411,propensity_weighted,0.99575550255868,0,1,9,9
4018,1008,propensity_weighted,0.995153170204437,0,0,23,28
4019,2791,propensity_weighted,0.9955884177064179,0,0,37,18
4020,2455,propensity_weighted,0.9965552020499183,0,0,21,16
4021,4021,propensity_weighted,0.9944136989441305,1,1,19,19
4022,4756,propensity_weighted,0.9962493617292205,0,0,17,7
4023,1265,propensity_weighted,0.9959538762640614,0,0,23,24
4024,4755,propensity_weighted,0.9939222440820354,0,1,45,45
4025,145,propensity_weighted,0.9959275870340197,0,0,4,37
4026,4026,propensity_weighted,0.9960680073937869,1,1,35,35
4027,2373,propensity_weighted,0.9789536528854198,0,0,5,13
4028,1845,propensity_weighted,0.9955759023276172,0,0,29,21
4029,3346,propensity_weighted,0.9963732059890799,0,0,33,38
4030,2923,propensity_weighted,0.9955493114394328,0,0,35,34
4031,2806,propensity_weighted,0.994446178252897,0,0,11,6
4032,4250,propensity_weighted,0.9964356639114885,0,0,49,21
4033,2358,propensity_weighted,0.9962169189329336,0,0,25,41
4034,4919,propensity_weighted,0.9963964086389305,0,0,47,36
4035,922,propensity_weighted,0.9950132069539138,0,1,31,31
4036,2496,propensity_weighted,0.9954224613657588,0,1,25,25
4037,755,propensity_weighted,0.99594262077875,0,0,47,45
4038,517,propensity_weighted,0.9945430050912552,0,0,18,12
4039,124,propensity_weighted,0.9945921990166859,0,0,6,1
4040,2803,propensity_weighted,0.995376971930879,0,0,23,24
4041,1086,propensity_weighted,0.9955956146403985,0,0,21,27
4042,3279,propensity_weighted,0.9959508671081636,0,0,18,39
4043,1265,propensity_weighted,0.9956674422034237,0,0,33,24
4044,729,propensity_weighted,0.9963347476897313,0,0,43,39
4045,3513,propensity_weighted,0.995653783846121,0,0,24,9
4046,1422,propensity_weighted,0.9962934513946058,0,0,47,36
4047,801,propensity_weighted,0.9958188536162119,0,0,12,4
4048,3900,propensity_weighted,0.9956051013976979,0,0,7,26
4049,3945,propensity_weighted,0.9953597289767309,0,0,10,20
4050,874,propensity_weighted,0.9935599167176226,0,1,29,29
4051,3009,propensity_weighted,0.9951948983621689,0,0,23,28
4052,2485,propensity_weighted,0.9961593591757658,0,0,14,23
4053,1576,propensity_weighted,0.9942546414819098,0,0,38,41
4054,2328,propensity_weighted,0.9946459122920228,0,1,19,19
4055,4055,propensity_weighted,0.9947569080884345,1,1,32,32
4056,51,propensity_weighted,0.9938969169855043,0,0,23,1
4057,1931,propensity_weighted,0.9953866831466694,0,0,26,27
4058,2873,propensity_weighted,0.9954323763130772,0,0,7,22
4059,2946,propensity_weighted,0.992561130855653,0,0,31,17
4060,1656,propensity_weighted,0.9947136224589717,0,0,25,8
4061,2,propensity_weighted,0.9950015266023237,0,0,35,28
4062,3584,propensity_weighted,0.9942192648613076,0,0,27,19
4063,2767,propensity_weighted,0.9962617662898599,0,0,38,33
4064,1952,propensity_weighted,0.9951610047518001,0,0,21,19
4065,436,propensity_weighted,0.9956784842107138,0,0,25,22
4066,4066,propensity_weighted,0.9961286541392397,1,1,0,0
4067,2417,propensity_weighted,0.9961545768411165,0,0,28,3
4068,4047,propensity_weighted,0.995258860600422,0,0,25,12
4069,462,propensity_weighted,0.9950235780296581,0,0,46,49
4070,2829,propensity_weighted,0.9941305028083031,0,1,8,8
4071,1570,propensity_weighted,0.9955741586679813,0,0,40,16
4072,521,propensity_weighted,0.9956822979366575,0,0,10,20
4073,4379,propensity_weighted,0.9958141583270245,0,0,36,47
4074,1738,propensity_weighted,0.9958575841170023,0,0,30,47
4075,691,propensity_weighted,0.9953248597738674,0,0,43,42
4076,2848,propensity_weighted,0.9959558809679325,0,0,20,1
4077,2807,propensity_weighted,0.9961790075872544,0,0,7,29
4078,3646,propensity_weighted,0.9958881432392127,0,0,49,42
4079,3703,propensity_weighted,0.9958468295284996,0,0,23,45
4080,3225,propensity_weighted,0.9956569258727196,0,1,0,0
4081,2670,propensity_weighted,0.9960736129651756,0,0,18,28
4082,3477,propensity_weighted,0.9932486682057974,0,0,35,28
4083,1814,propensity_weighted,0.9939437294716756,0,0,13,39
4084,4803,propensity_weighted,0.9941281489144416,0,0,21,34
4085,3393,propensity_weighted,0.9963626398333415,0,0,43,36
4086,4066,propensity_weighted,0.9954478063679882,0,0,6,0
4087,4246,propensity_weighted,0.9956996308916405,0,1,0,0
4088,781,propensity_weighted,0.9954320494798305,0,0,31,13
4089,512,propensity_weighted,0.9959070339355325,0,0,17,32
4090,3976,propensity_weighted,0.9946972224823404,0,1,8,8
4091,4091,propensity_weighted,0.995777340965263,1,1,44,44
4092,1846,propensity_weighted,0.9936620225663839,0,0,6,24
4093,873,propensity_weighted,0.9925732274760027,0,1,46,46
4094,2151,propensity_weighted,0.9951508601199927,0,0,32,31
4095,800,propensity_weighted,0.9961633008222992,0,0,27,15
4096,3610,propensity_weighted,0.9958255440914757,0,0,29,15
4097,4097,propensity_weighted,0.9769118933438262,1,1,1,1
4098,2564,propensity_weighted,0.9956412858677797,0,1,41,41
4099,216,propensity_weighted,0.9954957160226797,0,0,12,4
4100,4100,propensity_weighted,0.9951370615485446,1,1,1,1
4101,1494,propensity_weighted,0.9936617144763961,0,0,49,42
4102,2567,propensity_weighted,0.9960840675748305,0,0,38,42
4103,2926,propensity_weighted,0.9945902193787461,0,0,3,9
4104,2849,propensity_weighted,0.9960005051326215,0,0,24,44
4105,2435,propensity_weighted,0.995702144455953,0,0,24,18
4106,3008,propensity_weighted,0.9962245599613127,0,0,10,22
4107,3594,propensity_weighted,0.9949254519031183,0,0,49,48
4108,598,propensity_weighted,0.9958756517180949,0,0,2,28
4109,3894,propensity_weighted,0.996502330810234,0,0,17,37
4110,2669,propensity_weighted,0.9960833207705811,0,0,22,30
4111,1438,propensity_weighted,0.9956948648828655,0,0,29,21
4112,1603,propensity_weighted,0.9928214241259518,0,0,41,38
4113,4113,propensity_weighted,0.9952906443547567,1,1,40,40
4114,3353,propensity_weighted,0.9953511000266321,0,1,9,9
4115,1573,propensity_weighted,0.9947104670931619,0,0,24,48
4116,4285,propensity_weighted,0.994555346104871,0,0,8,28
4117,4338,propensity_weighted,0.9955885976186559,0,0,38,42
4118,532,propensity_weighted,0.9956477699237807,0,0,46,41
4119,3175,propensity_weighted,0.9951321990257161,0,0,39,20
4120,2751,propensity_weighted,0.995449143932172,0,0,5,12
4121,4683,propensity_weighted,0.9945185801738354,0,1,39,39
4122,1272,propensity_weighted,0.9960850970963209,0,1,0,0
4123,3007,propensity_weighted,0.995693400245897,0,1,48,48
4124,1528,propensity_weighted,0.9937280278719748,0,0,40,27
4125,3177,propensity_weighted,0.9960572356170841,0,1,5,5
4126,1096,propensity_weighted,0.9925828325811145,0,1,6,6
4127,717,propensity_weighted,0.9946230137814785,0,1,25,25
4128,2850,propensity_weighted,0.9925395528065974,0,1,8,8
4129,4155,propensity_weighted,0.9950730561321427,0,1,38,38
4130,4153,propensity_weighted,0.9954421054931252,0,0,37,42
4131,2741,propensity_weighted,0.9958118160760051,0,1,39,39
4132,3677,propensity_weighted,0.9963251882730838,0,0,36,35
4133,271,propensity_weighted,0.9945154748908858,0,0,16,35
4134,4504,propensity_weighted,0.9959594722481881,0,1,10,10
4135,1048,propensity_weighted,0.9913746560907163,0,0,24,39
4136,3051,propensity_weighted,0.9957305694903905,0,0,22,21
4137,1422,propensity_weighted,0.9958727295375144,0,0,47,36
4138,3696,propensity_weighted,0.9944896108617043,0,0,12,4
4139,2710,propensity_weighted,0.996127532289474,0,0,1,9
4140,2922,propensity_weighted,0.9955492584696457,0,0,37,30
4141,4200,propensity_weighted,0.9958469529241544,0,0,33,9
4142,4635,propensity_weighted,0.9946961802137252,0,0,34,8
4143,1755,propensity_weighted,0.9958670615535554,0,0,25,4
4144,4144,propensity_weighted,0.9913249784414268,1,1,46,46
4145,4513,propensity_weighted,0.9957212843271356,0,0,26,34
4146,1255,propensity_weighted,0.9947377732002715,0,0,24,9
4147,1803,propensity_weighted,0.9964528563891156,0,0,41,47
4148,4119,propensity_weighted,0.9961407970754492,0,0,40,39
4149,4149,propensity_weighted,0.9956266119656666,1,1,27,27
4150,3913,propensity_weighted,0.9950681703784742,0,0,7,28
4151,1067,propensity_weighted,0.9953551310440868,0,0,15,27
4152,286,propensity_weighted,0.9962277371747176,0,0,3,9
4153,2961,propensity_weighted,0.9958282298478476,0,0,42,18
4154,2534,propensity_weighted,0.9956429947682157,0,1,36,36
4155,4880,propensity_weighted,0.9943220356697758,0,1,38,38
4156,1420,propensity_weighted,0.9964228692066153,0,0,7,17
4157,2503,propensity_weighted,0.9953741059982377,0,0,16,27
4158,1021,propensity_weighted,0.9952716605428351,0,0,8,26
4159,4159,propensity_weighted,0.9960295907455285,1,1,12,12
4160,1912,propensity_weighted,0.9961696925645057,0,0,23,41
4161,3823,propensity_weighted,0.9954625637285124,0,0,39,13
4162,3254,propensity_weighted,0.9944324760624809,0,0,40,32
4163,2464,propensity_weighted,0.9962647442160829,0,0,14,21
4164,4164,propensity_weighted,0.9954045591250977,1,1,11,11
4165,2378,propensity_weighted,0.9960007247249091,0,0,38,35
4166,3903,propensity_weighted,0.994214536395106,0,0,36,47
4167,3913,propensity_weighted,0.9949417172014429,0,1,28,28
4168,1403,propensity_weighted,0.9957959149146608,0,0,1,20
4169,2612,propensity_weighted,0.9954111333729343,0,0,23,2
4170,3605,propensity_weighted,0.9956293610149071,0,0,4,0
4171,2836,propensity_weighted,0.9951350337982836,0,0,37,47
4172,1540,propensity_weighted,0.9960625729065969,0,0,22,20
4173,3416,propensity_weighted,0.9949840598152158,0,0,12,16
4174,4174,propensity_weighted,0.9949547870729921,1,1,5,5
4175,4175,propensity_weighted,0.9956537896273709,1,1,27,27
4176,1418,propensity_weighted,0.993041735595474,0,0,1,2
4177,1109,propensity_weighted,0.9943527145018003,0,0,1,23
4178,4344,propensity_weighted,0.9941560226786611,0,0,17,35
4179,1565,propensity_weighted,0.9922416523315797,0,0,6,32
4180,4014,propensity_weighted,0.9961927655563665,0,0,45,41
4181,590,propensity_weighted,0.9918604996140963,0,0,42,49
4182,4932,propensity_weighted,0.9929055010669627,0,0,5,8
4183,518,propensity_weighted,0.9955119796004208,0,1,6,6
4184,3505,propensity_weighted,0.9964533845895589,0,0,21,29
4185,1093,propensity_weighted,0.9954578281397292,0,1,14,14
4186,4101,propensity_weighted,0.9934326534345063,0,1,49,49
4187,1530,propensity_weighted,0.9952993573426339,0,1,24,24
4188,1293,propensity_weighted,0.9946605798868865,0,0,25,5
4189,3926,propensity_weighted,0.9960857001102462,0,0,29,27
4190,1210,propensity_weighted,0.987893487709295,0,0,13,14
4191,1299,propensity_weighted,0.99460869091057,0,0,32,6
4192,3719,propensity_weighted,0.9857970587835652,0,1,6,6
4193,2770,propensity_weighted,0.9959466806800068,0,0,31,10
4194,687,propensity_weighted,0.9961970338748243,0,0,0,10
4195,4195,propensity_weighted,0.9944552556811617,1,1,31,31
4196,2574,propensity_weighted,0.9958664079337503,0,0,34,42
4197,1494,propensity_weighted,0.9961751815916889,0,0,33,42
4198,1249,propensity_weighted,0.9953974062427147,0,0,3,2
4199,4057,propensity_weighted,0.9959474152238659,0,0,34,26
4200,3745,propensity_weighted,0.9962326766907111,0,0,9,3
4201,1138,propensity_weighted,0.9955698939967766,0,0,3,18
4202,4375,propensity_weighted,0.9956957301537112,0,0,16,21
4203,154,propensity_weighted,0.995713603644929,0,0,16,14
4204,4552,propensity_weighted,0.9959886952355652,0,1,29,29
4205,4642,propensity_weighted,0.9922972897054836,0,0,38,40
4206,2538,propensity_weighted,0.9959221614714318,0,0,26,22
4207,1896,propensity_weighted,0.9957363371018794,0,0,13,5
4208,1857,propensity_weighted,0.9951149742353188,0,0,1,23
4209,3869,propensity_weighted,0.9954927023000383,0,1,33,33
4210,1064,propensity_weighted,0.9956666603547446,0,0,8,25
4211,1440,propensity_weighted,0.9946364400767057,0,0,18,35
4212,4485,propensity_weighted,0.9961788620320255,0,0,43,29
4213,3582,propensity_weighted,0.9955840530873838,0,0,12,3
4214,1027,propensity_weighted,0.9962950217816504,0,0,49,43
4215,2529,propensity_weighted,0.9963336114528003,0,0,10,17
4216,1149,propensity_weighted,0.9943365419184887,0,0,49,43
4217,2595,propensity_weighted,0.9954876809352959,0,0,32,48
4218,2728,propensity_weighted,0.9926738315053563,0,0,32,31
4219,4180,propensity_weighted,0.9949290364231401,0,0,28,45
4220,4395,propensity_weighted,0.9927289849967837,0,0,46,39
4221,3659,propensity_weighted,0.9955195528589816,0,1,26,26
4222,4222,propensity_weighted,0.9950030197183856,1,1,7,7
4223,4360,propensity_weighted,0.9961866764898678,0,0,14,8
4224,4957,propensity_weighted,0.9956203375903006,0,1,11,11
4225,4654,propensity_weighted,0.9947405453228308,0,0,15,14
4226,2227,propensity_weighted,0.9961742255224746,0,0,10,9
4227,4592,propensity_weighted,0.9957108706764277,0,1,42,42
4228,4810,propensity_weighted,0.9939678121522354,0,0,19,13
4229,654,propensity_weighted,0.9936571702009152,0,0,25,7
4230,1522,propensity_weighted,0.9953203506496042,0,1,42,42
4231,2758,propensity_weighted,0.9918960635471599,0,0,35,39
4232,2134,propensity_weighted,0.9958670364586507,0,1,36,36
4233,4233,propensity_weighted,0.9883436123741143,1,1,2,2
4234,4678,propensity_weighted,0.9940414969839955,0,0,23,32
4235,4000,propensity_weighted,0.9961186123186125,0,0,44,33
4236,4451,propensity_weighted,0.9956148880478839,0,1,0,0
4237,2638,propensity_weighted,0.9958302779848999,0,0,2,1
4238,840,propensity_weighted,0.9950292914853242,0,0,2,23
4239,3756,propensity_weighted,0.9956136421839782,0,1,31,31
4240,4240,propensity_weighted,0.9955701181383535,1,1,19,19
4241,3871,propensity_weighted,0.996356006617497,0,0,4,19
4242,500,propensity_weighted,0.9962024145469727,0,0,38,30
4243,253,propensity_weighted,0.9929797059560249,0,0,47,43
4244,4490,propensity_weighted,0.9947531541669261,0,0,0,4
4245,4245,propensity_weighted,0.9945973962491792,1,1,17,17
4246,2522,propensity_weighted,0.9959295342903906,0,0,0,15
4247,359,propensity_weighted,0.9961963149405094,0,0,0,10
4248,594,propensity_weighted,0.995679013321002,0,0,22,21
4249,955,propensity_weighted,0.9956143501400605,0,0,24,2
4250,719,propensity_weighted,0.9961597343143849,0,0,21,42
4251,1230,propensity_weighted,0.989435242181745,0,0,47,42
4252,379,propensity_weighted,0.9939239221215931,0,0,18,13
4253,1733,propensity_weighted,0.9950324737419429,0,0,20,46
4254,4976,propensity_weighted,0.9950876778718456,0,0,9,24
4255,2691,propensity_weighted,0.9953543974516832,0,1,21,21
4256,4256,propensity_weighted,0.9849604293486692,1,1,8,8
4257,3373,propensity_weighted,0.9940635260185775,0,0,35,38
4258,3836,propensity_weighted,0.9946252259014419,0,0,28,38
4259,4024,propensity_weighted,0.9892189991476715,0,1,45,45
4260,4085,propensity_weighted,0.9956770832550138,0,0,38,43
4261,3614,propensity_weighted,0.9952568652286997,0,0,34,38
4262,1966,propensity_weighted,0.9964539451413068,0,0,20,37
4263,1528,propensity_weighted,0.9958307566145538,0,1,27,27
4264,625,propensity_weighted,0.9957606921671768,0,0,37,22
4265,4265,propensity_weighted,0.9917564532031791,1,1,35,35
4266,3763,propensity_weighted,0.9960066206189309,0,1,41,41
4267,3864,propensity_weighted,0.9942986983632767,0,1,41,41
4268,3037,propensity_weighted,0.9930595021614289,0,0,20,35
4269,3802,propensity_weighted,0.9952328046656096,0,0,24,22
4270,3599,propensity_weighted,0.9958711427813298,0,0,7,14
4271,1213,propensity_weighted,0.9958172738861206,0,0,27,14
4272,1410,propensity_weighted,0.9930918227818627,0,0,47,44
4273,534,propensity_weighted,0.9906292614750362,0,0,12,3
4274,2771,propensity_weighted,0.9944084555723973,0,0,20,3
4275,514,propensity_weighted,0.9903282404276467,0,0,2,14
4276,738,propensity_weighted,0.9956190466686792,0,0,1,2
4277,2742,propensity_weighted,0.9960823633048133,0,0,23,24
4278,3160,propensity_weighted,0.9939028256222566,0,0,1,30
4279,2195,propensity_weighted,0.9931361567477777,0,0,34,22
4280,768,propensity_weighted,0.9961375849117067,0,0,38,41
4281,1940,propensity_weighted,0.9940458687078204,0,0,34,30
4282,1293,propensity_weighted,0.9952975448264174,0,0,7,5
4283,2158,propensity_weighted,0.9959192591181288,0,0,13,4
4284,946,propensity_weighted,0.9937376327921973,0,0,6,20
4285,4285,propensity_weighted,0.9937846069182911,1,1,28,28
4286,2435,propensity_weighted,0.995456021333241,0,0,39,18
4287,4437,propensity_weighted,0.9962692362439877,0,0,11,20
4288,1862,propensity_weighted,0.9963471867559309,0,0,25,8
4289,180,propensity_weighted,0.9963032104524104,0,1,0,0
4290,1901,propensity_weighted,0.9954040315910075,0,0,42,43
4291,529,propensity_weighted,0.996381332457962,0,0,21,24
4292,164,propensity_weighted,0.9952705075109661,0,0,24,48
4293,612,propensity_weighted,0.994626029516704,0,0,12,18
4294,194,propensity_weighted,0.9957180964250246,0,0,4,14
4295,3248,propensity_weighted,0.9949779300103905,0,0,44,48
4296,4296,propensity_weighted,0.9929542303129504,1,1,45,45
4297,4336,propensity_weighted,0.9959241107390927,0,0,47,46
4298,2095,propensity_weighted,0.9929799533951771,0,0,37,19
4299,759,propensity_weighted,0.9958544860303004,0,1,26,26
4300,247,propensity_weighted,0.9962140435188626,0,0,1,15
4301,4302,propensity_weighted,0.9958300432225516,0,0,41,28
4302,3453,propensity_weighted,0.9960474728771922,0,0,28,22
4303,3885,propensity_weighted,0.994875072459884,0,0,0,6
4304,2434,propensity_weighted,0.9961339715674018,0,0,32,31
4305,3845,propensity_weighted,0.9947660618340182,0,0,31,47
4306,885,propensity_weighted,0.9905048262272621,0,1,34,34
4307,1675,propensity_weighted,0.9944136660151445,0,0,41,32
4308,3920,propensity_weighted,0.9962041387020445,0,0,24,6
4309,4181,propensity_weighted,0.9956079052356803,0,0,49,42
4310,3250,propensity_weighted,0.9955804689884962,0,0,41,47
4311,2431,propensity_weighted,0.9957403327840397,0,1,20,20
4312,3954,propensity_weighted,0.9958638165294783,0,0,23,17
4313,1634,propensity_weighted,0.9951666762716127,0,1,23,23
4314,4020,propensity_weighted,0.9962816995650456,0,0,27,21
4315,3101,propensity_weighted,0.9952720175767469,0,0,22,12
4316,1862,propensity_weighted,0.9950692679255578,0,0,6,8
4317,3943,propensity_weighted,0.9907608608046624,0,1,26,26
4318,258,propensity_weighted,0.9959912764718182,0,0,3,10
4319,1805,propensity_weighted,0.9960100157306506,0,0,23,25
4320,210,propensity_weighted,0.9957829963931408,0,0,39,16
4321,1057,propensity_weighted,0.9954939598561693,0,1,8,8
4322,386,propensity_weighted,0.9961988910040134,0,0,17,26
4323,802,propensity_weighted,0.9963880596583428,0,0,26,33
4324,2109,propensity_weighted,0.9953835247336311,0,0,47,38
4325,1385,propensity_weighted,0.9947803363385352,0,0,5,14
4326,294,propensity_weighted,0.9960721090615177,0,0,0,16
4327,1100,propensity_weighted,0.9954959894943988,0,0,10,4
4328,3009,propensity_weighted,0.9946859114708925,0,0,35,28
4329,901,propensity_weighted,0.9956750336814469,0,0,31,41
4330,3329,propensity_weighted,0.9964585325937463,0,1,38,38
4331,4346,propensity_weighted,0.9929304085694878,0,0,13,1
4332,877,propensity_weighted,0.9962303036983937,0,0,27,21
4333,4016,propensity_weighted,0.9934825688841623,0,1,4,4
4334,1545,propensity_weighted,0.996057395067322,0,0,37,20
4335,4464,propensity_weighted,0.9953239295058304,0,0,48,26
4336,483,propensity_weighted,0.9950088937242954,0,0,46,22
4337,3911,propensity_weighted,0.9961880208293624,0,0,10,15
4338,1941,propensity_weighted,0.9961522279708894,0,0,42,43
4339,4414,propensity_weighted,0.9961569620385101,0,0,27,22
4340,4340,propensity_weighted,0.9958552012885769,1,1,0,0
4341,2895,propensity_weighted,0.994349066556603,0,0,29,47
4342,3196,propensity_weighted,0.9961166304254695,0,0,7,15
4343,2416,propensity_weighted,0.9964189523322325,0,0,40,49
4344,3128,propensity_weighted,0.9958307202206179,0,0,35,22
4345,1142,propensity_weighted,0.9952631625960476,0,0,23,34
4346,3400,propensity_weighted,0.995329922413536,0,0,1,16
4347,4761,propensity_weighted,0.9943320465451311,0,0,10,2
4348,4087,propensity_weighted,0.9963379192551571,0,1,0,0
4349,600,propensity_weighted,0.9904252442249197,0,0,40,37
4350,1881,propensity_weighted,0.9962510155444599,0,0,10,22
4351,4330,propensity_weighted,0.9955820835786876,0,0,44,38
4352,3479,propensity_weighted,0.98725970357251,0,1,34,34
4353,3707,propensity_weighted,0.9964771800954725,0,0,30,16
4354,3317,propensity_weighted,0.9957624272022029,0,0,27,19
4355,4320,propensity_weighted,0.9957504640381641,0,0,17,39
4356,632,propensity_weighted,0.9955313326706198,0,0,5,23
4357,4578,propensity_weighted,0.9963281437894846,0,1,49,49
4358,4899,propensity_weighted,0.9958179970900695,0,0,27,20
4359,4038,propensity_weighted,0.9960786085555462,0,0,8,18
4360,2224,propensity_weighted,0.996420999554396,0,0,8,21
4361,2981,propensity_weighted,0.9939554412097547,0,0,7,4
4362,3288,propensity_weighted,0.995616405826694,0,0,9,41
4363,3698,propensity_weighted,0.9958601934602834,0,0,22,21
4364,2350,propensity_weighted,0.9917170583698869,0,0,10,15
4365,1131,propensity_weighted,0.9964595868442828,0,0,4,0
4366,3658,propensity_weighted,0.9958224562892862,0,0,42,43
4367,2834,propensity_weighted,0.9964225726219635,0,0,30,28
4368,2284,propensity_weighted,0.9955871036125737,0,0,37,17
4369,2047,propensity_weighted,0.9960874893273085,0,0,16,21
4370,896,propensity_weighted,0.9961709319380913,0,0,45,36
4371,3947,propensity_weighted,0.9955003546986385,0,0,18,3
4372,2623,propensity_weighted,0.9962512518233141,0,0,6,18
4373,803,propensity_weighted,0.9952855448992896,0,0,37,19
4374,4198,propensity_weighted,0.9957672280055514,0,0,2,3
4375,143,propensity_weighted,0.9961718661089137,0,1,21,21
4376,3531,propensity_weighted,0.99582814285844,0,1,16,16
4377,3801,propensity_weighted,0.9962848461813606,0,1,6,6
4378,1740,propensity_weighted,0.9948391007608692,0,0,11,2
4379,2355,propensity_weighted,0.9894208339298357,0,0,47,36
4380,2068,propensity_weighted,0.9947689646090644,0,1,5,5
4381,4381,propensity_weighted,0.9949916544215499,1,1,12,12
4382,4810,propensity_weighted,0.9928136323551168,0,0,29,13
4383,1082,propensity_weighted,0.9952571390793664,0,0,31,41
4384,1733,propensity_weighted,0.9947222483179133,0,0,36,46
4385,4181,propensity_weighted,0.9942682732005177,0,0,47,42
4386,4372,propensity_weighted,0.9940962023385325,0,0,1,6
4387,2678,propensity_weighted,0.9954923662622572,0,0,43,29
4388,1232,propensity_weighted,0.9944809889398271,0,1,19,19
4389,397,propensity_weighted,0.9913323857404067,0,0,6,19
4390,4963,propensity_weighted,0.9962478463169031,0,0,40,37
4391,4382,propensity_weighted,0.9945741624630946,0,0,13,29
4392,2597,propensity_weighted,0.996369814777029,0,0,15,39
4393,1264,propensity_weighted,0.9952507073118543,0,0,14,29
4394,2521,propensity_weighted,0.9952356128662212,0,0,36,45
4395,407,propensity_weighted,0.9950718949713303,0,0,39,48
4396,4396,propensity_weighted,0.9953341775504921,1,1,41,41
4397,776,propensity_weighted,0.9943422810996136,0,0,29,27
4398,1953,propensity_weighted,0.993852405822808,0,0,7,25
4399,3283,propensity_weighted,0.9953173100540047,0,1,4,4
4400,4400,propensity_weighted,0.994048343681731,1,1,14,14
4401,2860,propensity_weighted,0.9956655737448884,0,0,18,35
4402,2253,propensity_weighted,0.9964441543243829,0,0,5,0
4403,1820,propensity_weighted,0.9955221709318219,0,0,24,18
4404,2114,propensity_weighted,0.9777440999722986,0,0,8,5
4405,2701,propensity_weighted,0.9948326768218154,0,0,18,21
4406,507,propensity_weighted,0.9961603492401212,0,0,29,27
4407,380,propensity_weighted,0.9957744986947826,0,0,29,34
4408,2336,propensity_weighted,0.9933364352262357,0,0,47,31
4409,4306,propensity_weighted,0.9958548701156525,0,1,34,34
4410,2776,propensity_weighted,0.9946938555089899,0,0,6,13
4411,1507,propensity_weighted,0.9958206027354887,0,0,23,17
4412,4709,propensity_weighted,0.9961861952871676,0,0,34,27
4413,821,propensity_weighted,0.9956220474531334,0,0,8,5
4414,1877,propensity_weighted,0.99600732367005,0,0,22,17
4415,4826,propensity_weighted,0.9960484791370839,0,0,30,40
4416,651,propensity_weighted,0.9963230477356911,0,0,16,18
4417,371,propensity_weighted,0.99503218600473,0,0,13,18
4418,4398,propensity_weighted,0.9962621157676339,0,0,17,7
4419,4419,propensity_weighted,0.993902324916318,1,1,43,43
4420,3046,propensity_weighted,0.9939981664915114,0,0,36,35
4421,451,propensity_weighted,0.9908491851281815,0,1,3,3
4422,718,propensity_weighted,0.9945427065034821,0,1,9,9
4423,4423,propensity_weighted,0.9952116630770222,1,1,26,26
4424,1960,propensity_weighted,0.9956562057656676,0,0,39,40
4425,4300,propensity_weighted,0.9958008085951949,0,0,18,1
4426,3860,propensity_weighted,0.9929995024848428,0,1,28,28
4427,1070,propensity_weighted,0.9952553518498123,0,1,37,37
4428,4961,propensity_weighted,0.9916621937769127,0,1,42,42
4429,1974,propensity_weighted,0.9938569132290453,0,0,47,34
4430,4602,propensity_weighted,0.9944810451055227,0,0,1,2
4431,4431,propensity_weighted,0.9938458280350958,1,1,38,38
4432,1004,propensity_weighted,0.9961342995159883,0,1,32,32
4433,2782,propensity_weighted,0.996024122157961,0,0,44,47
4434,4434,propensity_weighted,0.9960469930080951,1,1,42,42
4435,586,propensity_weighted,0.9944096561565358,0,1,2,2
4436,4614,propensity_weighted,0.9943434688709004,0,0,24,45
4437,2710,propensity_weighted,0.9962586866242374,0,0,20,9
4438,2703,propensity_weighted,0.9949850244413471,0,0,32,4
4439,1937,propensity_weighted,0.9917565747234364,0,0,10,6
4440,3040,propensity_weighted,0.9964267484709893,0,0,38,42
4441,238,propensity_weighted,0.9882472300050875,0,0,47,48
4442,3374,propensity_weighted,0.994699961486754,0,0,36,45
4443,2989,propensity_weighted,0.9951797582344512,0,0,19,36
4444,3759,propensity_weighted,0.992701872250833,0,0,36,11
4445,847,propensity_weighted,0.9955019994446689,0,0,24,9
4446,4016,propensity_weighted,0.9938837172715974,0,0,10,4
4447,841,propensity_weighted,0.9959081047280681,0,0,17,35
4448,2792,propensity_weighted,0.996344769567661,0,0,48,41
4449,4449,propensity_weighted,0.9896348108347017,1,1,25,25
4450,4173,propensity_weighted,0.9960514914070947,0,0,16,12
4451,661,propensity_weighted,0.9957058745056258,0,0,0,10
4452,3539,propensity_weighted,0.9956046093247651,0,1,4,4
4453,963,propensity_weighted,0.9949735372348403,0,0,39,37
4454,1207,propensity_weighted,0.9956729225413103,0,0,2,14
4455,1345,propensity_weighted,0.9935512094570695,0,0,40,48
4456,657,propensity_weighted,0.9951295998622334,0,0,4,16
4457,1959,propensity_weighted,0.9957091593387949,0,0,34,27
4458,46,propensity_weighted,0.9941615174726915,0,0,46,43
4459,834,propensity_weighted,0.9953142912755725,0,0,38,46
4460,3019,propensity_weighted,0.9950750424361335,0,0,46,42
4461,3971,propensity_weighted,0.9946369394650567,0,1,28,28
4462,122,propensity_weighted,0.9956717072386245,0,1,45,45
4463,4890,propensity_weighted,0.995980812240849,0,0,46,44
4464,3618,propensity_weighted,0.9945857046647166,0,1,26,26
4465,657,propensity_weighted,0.9964210889435268,0,0,10,16
4466,0,propensity_weighted,0.9954400768397595,0,0,38,35
4467,3277,propensity_weighted,0.9949348253139649,0,0,22,23
4468,4468,propensity_weighted,0.9961949169205989,1,1,16,16
4469,2929,propensity_weighted,0.9959858837907248,0,0,46,34
4470,1841,propensity_weighted,0.993069314494973,0,0,8,25
4471,2417,propensity_weighted,0.9958918908496518,0,1,3,3
4472,4012,propensity_weighted,0.9960813203257557,0,0,26,30
4473,4473,propensity_weighted,0.9882786745014149,1,1,34,34
4474,705,propensity_weighted,0.9956134759139477,0,0,22,26
4475,3869,propensity_weighted,0.9957413070074824,0,0,44,33
4476,1388,propensity_weighted,0.9951512735509415,0,0,14,15
4477,3557,propensity_weighted,0.994343832028606,0,0,7,5
4478,2509,propensity_weighted,0.9929738347004375,0,0,48,41
4479,3921,propensity_weighted,0.9954558384294859,0,0,7,28
4480,4938,propensity_weighted,0.9961215775294738,0,0,18,15
4481,2452,propensity_weighted,0.9956563385879549,0,0,9,44
4482,129,propensity_weighted,0.9946718815493695,0,0,14,34
4483,1209,propensity_weighted,0.9947842527668169,0,0,12,18
4484,3830,propensity_weighted,0.9949714898480151,0,1,21,21
4485,2702,propensity_weighted,0.9957738468654016,0,0,29,40
4486,1847,propensity_weighted,0.99470933287147,0,0,1,15
4487,4321,propensity_weighted,0.993353879414563,0,0,5,8
4488,2320,propensity_weighted,0.9942853054642176,0,0,17,48
4489,3713,propensity_weighted,0.9944027911448176,0,1,30,30
4490,2062,propensity_weighted,0.9928460947298627,0,0,4,10
4491,718,propensity_weighted,0.9955550796646134,0,0,2,9
4492,1628,propensity_weighted,0.9949636223347834,0,0,45,28
4493,2708,propensity_weighted,0.9941444924879457,0,0,41,32
4494,4494,propensity_weighted,0.9846881677126111,1,1,13,13
4495,1199,propensity_weighted,0.9952042021750636,0,1,7,7
4496,2716,propensity_weighted,0.9964991595123777,0,0,10,2
4497,3894,propensity_weighted,0.9950749226716672,0,0,25,37
4498,2107,propensity_weighted,0.9881946364449581,0,0,49,48
4499,4499,propensity_weighted,0.9917471431244859,1,1,12,12
4500,2018,propensity_weighted,0.9911959002933669,0,0,6,0
4501,3708,propensity_weighted,0.9948166570841516,0,0,4,10
4502,3872,propensity_weighted,0.9956504300114298,0,0,36,44
4503,2522,propensity_weighted,0.9955820192758199,0,0,4,15
4504,3831,propensity_weighted,0.9963309656808773,0,0,10,4
4505,412,propensity_weighted,0.994441108116006,0,1,12,12
4506,889,propensity_weighted,0.9947165357354038,0,0,47,31
4507,690,propensity_weighted,0.9945476210335332,0,1,12,12
4508,4888,propensity_weighted,0.9963987819715582,0,0,38,31
4509,3310,propensity_weighted,0.9957480771960167,0,0,16,48
4510,2700,propensity_weighted,0.9949660571275487,0,0,34,30
4511,117,propensity_weighted,0.9946308893775695,0,0,44,34
4512,4512,propensity_weighted,0.9898590354711596,1,1,3,3
4513,1778,propensity_weighted,0.9945064967793223,0,0,34,30
4514,1949,propensity_weighted,0.9940718761217414,0,0,4,12
4515,1770,propensity_weighted,0.99595166177491,0,1,28,28
4516,364,propensity_weighted,0.995446670072656,0,0,0,13
4517,2206,propensity_weighted,0.9962979744294725,0,0,13,29
4518,4785,propensity_weighted,0.9937207430401693,0,0,29,22
4519,621,propensity_weighted,0.9946331762691577,0,1,1,1
4520,1666,propensity_weighted,0.9961644618174144,0,0,35,39
4521,1577,propensity_weighted,0.9941200269140674,0,0,9,10
4522,2933,propensity_weighted,0.9958789988484101,0,0,38,24
4523,3841,propensity_weighted,0.993787955755579,0,0,22,25
4524,1197,propensity_weighted,0.9946694036835375,0,0,21,27
4525,4584,propensity_weighted,0.9947619012468029,0,0,3,16
4526,2247,propensity_weighted,0.9947122190205352,0,0,39,36
4527,4847,propensity_weighted,0.9842905966696239,0,0,34,35
4528,1628,propensity_weighted,0.9959221191938606,0,0,47,28
4529,3733,propensity_weighted,0.9952380785159507,0,0,1,3
4530,1767,propensity_weighted,0.9948895456502106,0,1,20,20
4531,583,propensity_weighted,0.9960089826005711,0,0,1,11
4532,1481,propensity_weighted,0.9961629091838735,0,1,37,37
4533,2780,propensity_weighted,0.9963074230455479,0,0,44,33
4534,4534,propensity_weighted,0.9951464020796826,1,1,44,44
4535,4535,propensity_weighted,0.994622430899,1,1,3,3
4536,34,propensity_weighted,0.9960627411069065,0,0,4,39
4537,4127,propensity_weighted,0.995111041646867,0,0,6,25
4538,964,propensity_weighted,0.9951620019446201,0,0,1,6
4539,4653,propensity_weighted,0.9953733600814297,0,0,9,23
4540,38,propensity_weighted,0.995850799033373,0,0,17,10
4541,4021,propensity_weighted,0.9945827039567668,0,0,11,19
4542,4323,propensity_weighted,0.994794433591394,0,0,30,26
4543,3322,propensity_weighted,0.9960684606341482,0,0,7,2
4544,976,propensity_weighted,0.9943042884486036,0,0,33,12
4545,602,propensity_weighted,0.9954206547068359,0,0,0,13
4546,4546,propensity_weighted,0.9950803761996752,1,1,12,12
4547,406,propensity_weighted,0.9935959930839336,0,0,28,33
4548,4432,propensity_weighted,0.9956774901456825,0,0,48,32
4549,2617,propensity_weighted,0.995288785259726,0,0,15,18
4550,4898,propensity_weighted,0.9963685261586702,0,0,14,46
4551,1197,propensity_weighted,0.9946948341532588,0,1,27,27
4552,667,propensity_weighted,0.9960974524417254,0,0,29,12
4553,4821,propensity_weighted,0.9956086252837334,0,1,24,24
4554,3344,propensity_weighted,0.9962366406412634,0,0,5,14
4555,4455,propensity_weighted,0.9963313617466566,0,0,25,40
4556,582,propensity_weighted,0.994852720836361,0,0,2,23
4557,3698,propensity_weighted,0.9957352096898496,0,0,14,21
4558,891,propensity_weighted,0.9957174739172203,0,0,28,41
4559,4559,propensity_weighted,0.9927572418632242,1,1,46,46
4560,392,propensity_weighted,0.9938734577087237,0,1,32,32
4561,1776,propensity_weighted,0.9951598433221887,0,0,32,7
4562,1559,propensity_weighted,0.9959408774485161,0,0,33,38
4563,2342,propensity_weighted,0.9945450737155436,0,1,26,26
4564,2957,propensity_weighted,0.9905758791553564,0,0,46,44
4565,4420,propensity_weighted,0.9904295949962245,0,0,47,36
4566,4001,propensity_weighted,0.994422928662004,0,1,11,11
4567,4155,propensity_weighted,0.9960565257106713,0,0,26,38
4568,3975,propensity_weighted,0.9958956321853678,0,0,49,29
4569,930,propensity_weighted,0.986602406680172,0,0,34,30
4570,2022,propensity_weighted,0.9955283843537807,0,1,44,44
4571,667,propensity_weighted,0.9954180164210897,0,0,34,12
4572,3605,propensity_weighted,0.9944072764743905,0,1,0,0
4573,3945,propensity_weighted,0.995285761916585,0,0,19,20
4574,2758,propensity_weighted,0.9919062733928541,0,0,37,39
4575,635,propensity_weighted,0.9939373973384463,0,0,25,23
4576,2435,propensity_weighted,0.9960492917173317,0,0,40,18
4577,4257,propensity_weighted,0.996270698151048,0,0,28,35
4578,3380,propensity_weighted,0.9932331674567807,0,0,49,43
4579,2656,propensity_weighted,0.9945287019102963,0,0,49,48
4580,4211,propensity_weighted,0.9944328585940704,0,0,37,18
4581,2041,propensity_weighted,0.9954555042302682,0,1,30,30
4582,1088,propensity_weighted,0.9955919606336006,0,0,33,45
4583,2347,propensity_weighted,0.9960241984863044,0,0,27,43
4584,673,propensity_weighted,0.9953832181936544,0,0,16,20
4585,3425,propensity_weighted,0.9932930608396605,0,0,21,14
4586,2554,propensity_weighted,0.9952568864418727,0,0,6,32
4587,2430,propensity_weighted,0.9935897188642733,0,0,36,47
4588,2710,propensity_weighted,0.9957799140361829,0,0,33,9
4589,788,propensity_weighted,0.9903748537980276,0,0,8,22
4590,2059,propensity_weighted,0.9947275459330106,0,0,15,1
4591,1930,propensity_weighted,0.9922435831718038,0,0,19,20
4592,610,propensity_weighted,0.9942715410028266,0,1,42,42
4593,3307,propensity_weighted,0.995941430348337,0,0,1,2
4594,243,propensity_weighted,0.9960942062380118,0,0,15,18
4595,4595,propensity_weighted,0.9801291498428117,1,1,5,5
4596,1952,propensity_weighted,0.996090900424226,0,0,29,19
4597,4464,propensity_weighted,0.9948036193483865,0,1,26,26
4598,2432,propensity_weighted,0.9954497011025878,0,0,21,25
4599,468,propensity_weighted,0.9955661172431393,0,0,22,36
4600,2100,propensity_weighted,0.9959182823675267,0,0,31,48
4601,3339,propensity_weighted,0.9952417124056959,0,0,7,14
4602,1058,propensity_weighted,0.9948347875065336,0,0,2,6
4603,4763,propensity_weighted,0.995349521515729,0,0,3,6
4604,1860,propensity_weighted,0.9951349215692432,0,1,2,2
4605,2550,propensity_weighted,0.9952249435788165,0,0,44,36
4606,401,propensity_weighted,0.9953104461570278,0,0,16,27
4607,3944,propensity_weighted,0.9957986121117018,0,1,31,31
4608,3329,propensity_weighted,0.9955568201490848,0,0,44,38
4609,3925,propensity_weighted,0.9958351146576077,0,0,23,8
4610,2268,propensity_weighted,0.996564185685705,0,0,45,38
4611,2202,propensity_weighted,0.9966105862936246,0,0,28,34
4612,2762,propensity_weighted,0.9952465660589969,0,0,0,13
4613,2879,propensity_weighted,0.9964910003106819,0,0,43,45
4614,4614,propensity_weighted,0.9961699581194786,1,1,45,45
4615,4615,propensity_weighted,0.9943298503985076,1,1,34,34
4616,198,propensity_weighted,0.9957455427605205,0,0,12,3
4617,3698,propensity_weighted,0.9953539389523546,0,0,14,21
4618,1004,propensity_weighted,0.9963260429912806,0,1,32,32
4619,181,propensity_weighted,0.9957978830954037,0,0,32,48
4620,24,propensity_weighted,0.9960279604297863,0,0,6,10
4621,3758,propensity_weighted,0.9959472132880979,0,0,2,24
4622,2645,propensity_weighted,0.9925376411342212,0,0,20,30
4623,4118,propensity_weighted,0.9948665533466995,0,0,47,46
4624,1067,propensity_weighted,0.9964285731352593,0,0,16,27
4625,4625,propensity_weighted,0.9950253526666633,1,1,6,6
4626,3909,propensity_weighted,0.9963444631359824,0,0,39,30
4627,4431,propensity_weighted,0.9895177036862152,0,0,40,38
4628,3128,propensity_weighted,0.9957442743414601,0,1,22,22
4629,3660,propensity_weighted,0.9955612630451975,0,0,17,22
4630,555,propensity_weighted,0.9941466673976643,0,0,37,32
4631,1592,propensity_weighted,0.995857517260512,0,0,35,40
4632,3830,propensity_weighted,0.9953828340336348,0,0,15,21
4633,1022,propensity_weighted,0.9952501595863437,0,0,10,9
4634,4378,propensity_weighted,0.9960989880218206,0,0,20,11
4635,3029,propensity_weighted,0.9930301146867779,0,1,8,8
4636,27,propensity_weighted,0.9957021716032661,0,0,8,5
4637,1402,propensity_weighted,0.9956563211360657,0,0,46,36
4638,3406,propensity_weighted,0.9945363786327514,0,0,2,33
4639,742,propensity_weighted,0.9956024323540382,0,0,49,21
4640,2221,propensity_weighted,0.9962068530152907,0,0,11,1
4641,863,propensity_weighted,0.9950340264953709,0,0,44,41
4642,396,propensity_weighted,0.9959837310269727,0,0,40,27
4643,1638,propensity_weighted,0.9955147315837126,0,0,14,43
4644,1249,propensity_weighted,0.9949339836629227,0,0,23,2
4645,1022,propensity_weighted,0.995790459179931,0,1,9,9
4646,3506,propensity_weighted,0.9913691611161981,0,0,17,10
4647,4651,propensity_weighted,0.9954886584082219,0,0,8,3
4648,1422,propensity_weighted,0.9957858508011412,0,0,47,36
4649,2257,propensity_weighted,0.9955885690046563,0,0,3,23
4650,348,propensity_weighted,0.9961513421657534,0,1,35,35
4651,2011,propensity_weighted,0.992784202014366,0,0,3,2
4652,3812,propensity_weighted,0.9961326665071906,0,0,9,6
4653,4445,propensity_weighted,0.9959382337427044,0,0,23,24
4654,4225,propensity_weighted,0.9931323006145173,0,0,14,15
4655,807,propensity_weighted,0.9958619023777899,0,1,36,36
4656,3669,propensity_weighted,0.9944645852795843,0,0,17,22
4657,4812,propensity_weighted,0.9957865993767785,0,0,10,31
4658,3357,propensity_weighted,0.9959894415760245,0,0,3,18
4659,4659,propensity_weighted,0.9958429487458732,1,1,26,26
4660,2816,propensity_weighted,0.9960114927251353,0,0,40,47
4661,4661,propensity_weighted,0.9926048579112996,1,1,12,12
4662,4943,propensity_weighted,0.9961328152146278,0,1,11,11
4663,1078,propensity_weighted,0.995119962252147,0,0,3,33
4664,651,propensity_weighted,0.9955627087237576,0,0,27,18
4665,3600,propensity_weighted,0.9923583230527349,0,0,32,0
4666,3799,propensity_weighted,0.9937897006343984,0,0,36,46
4667,1646,propensity_weighted,0.9962855705578937,0,0,37,20
4668,2013,propensity_weighted,0.996124646974598,0,0,45,44
4669,974,propensity_weighted,0.9956993328485624,0,0,24,43
4670,3545,propensity_weighted,0.9944563440361534,0,0,7,14
4671,1256,propensity_weighted,0.9924571321533071,0,0,41,46
4672,1353,propensity_weighted,0.99602912693165,0,0,37,40
4673,2428,propensity_weighted,0.9959484588122978,0,1,7,7
4674,4531,propensity_weighted,0.9962814359731043,0,0,11,1
4675,562,propensity_weighted,0.992909820244002,0,1,4,4
4676,2777,propensity_weighted,0.9963712244498945,0,0,18,30
4677,2154,propensity_weighted,0.9965480605185526,0,0,38,28
4678,3015,propensity_weighted,0.995595332149365,0,0,32,31
4679,2261,propensity_weighted,0.9948097179453879,0,0,8,12
4680,628,propensity_weighted,0.9918441541804572,0,0,48,49
4681,4681,propensity_weighted,0.9948997261539113,1,1,4,4
4682,4992,propensity_weighted,0.995643205184133,0,1,25,25
4683,2916,propensity_weighted,0.9948063482057212,0,0,39,49
4684,2149,propensity_weighted,0.9958074934241582,0,0,13,42
4685,2800,propensity_weighted,0.9933517324095553,0,0,5,8
4686,4436,propensity_weighted,0.9934497974067658,0,0,41,24
4687,3366,propensity_weighted,0.995822162799567,0,0,23,44
4688,925,propensity_weighted,0.9945600617284216,0,0,18,4
4689,1845,propensity_weighted,0.9955783773611542,0,0,29,21
4690,1828,propensity_weighted,0.9939659585460989,0,1,0,0
4691,2040,propensity_weighted,0.994852279097207,0,0,13,15
4692,2316,propensity_weighted,0.9894086161124852,0,0,0,9
4693,4686,propensity_weighted,0.9945814018209348,0,0,35,41
4694,1591,propensity_weighted,0.9952581842091411,0,0,20,39
4695,4545,propensity_weighted,0.9912121329710604,0,0,14,0
4696,3380,propensity_weighted,0.9943929249853722,0,0,44,43
4697,2732,propensity_weighted,0.9961039885240315,0,1,49,49
4698,3842,propensity_weighted,0.9963024448448639,0,0,46,47
4699,4160,propensity_weighted,0.9962566905173104,0,0,31,23
4700,1642,propensity_weighted,0.9964176228032032,0,0,42,26
4701,2759,propensity_weighted,0.9955959100312722,0,0,23,41
4702,3059,propensity_weighted,0.995269038847939,0,0,35,25
4703,340,propensity_weighted,0.9964227511201341,0,0,36,47
4704,3193,propensity_weighted,0.9933907002413787,0,0,43,14
4705,714,propensity_weighted,0.994400560596768,0,1,12,12
4706,741,propensity_weighted,0.9958208236232658,0,0,16,7
4707,2202,propensity_weighted,0.9957287900110224,0,0,44,34
4708,2274,propensity_weighted,0.9959153308133757,0,0,39,36
4709,2127,propensity_weighted,0.996060397605714,0,0,27,40
4710,2191,propensity_weighted,0.9958606486178807,0,0,10,14
4711,1023,propensity_weighted,0.9942335523885848,0,1,38,38
4712,872,propensity_weighted,0.9953424567622619,0,0,13,6
4713,1022,propensity_weighted,0.9963535671620448,0,0,35,9
4714,4714,propensity_weighted,0.9952596374609243,1,1,26,26
4715,1959,propensity_weighted,0.9932591023536875,0,0,22,27
4716,3314,propensity_weighted,0.9964552664046226,0,0,43,44
4717,4575,propensity_weighted,0.9964662004344645,0,1,25,25
4718,1512,propensity_weighted,0.9950214797382506,0,0,41,47
4719,2454,propensity_weighted,0.9959663087170175,0,0,29,34
4720,4980,propensity_weighted,0.9939867089543576,0,1,2,2
4721,3190,propensity_weighted,0.9929085769394348,0,1,40,40
4722,2087,propensity_weighted,0.9936573601879141,0,1,19,19
4723,4818,propensity_weighted,0.9913870773042208,0,0,45,35
4724,2828,propensity_weighted,0.9950221777597072,0,0,25,12
4725,1070,propensity_weighted,0.9957726212509871,0,1,37,37
4726,742,propensity_weighted,0.9955805006458597,0,0,15,21
4727,1037,propensity_weighted,0.9940901923929446,0,1,26,26
4728,4728,propensity_weighted,0.9915052601985507,1,1,41,41
4729,150,propensity_weighted,0.9958109345993362,0,0,40,33
4730,799,propensity_weighted,0.994620447232964,0,0,8,25
4731,4009,propensity_weighted,0.9961759051235936,0,0,14,29
4732,1869,propensity_weighted,0.9960101985759723,0,0,47,28
4733,126,propensity_weighted,0.9956731669546879,0,0,1,20
4734,4953,propensity_weighted,0.996123681065347,0,0,3,8
4735,2221,propensity_weighted,0.9952149870522917,0,0,46,1
4736,1675,propensity_weighted,0.9961169762546559,0,0,35,32
4737,3312,propensity_weighted,0.9926183128484964,0,1,42,42
4738,2942,propensity_weighted,0.9946585710316087,0,1,0,0
4739,140,propensity_weighted,0.9956614694418374,0,0,41,31
4740,4967,propensity_weighted,0.9961895201595682,0,1,10,10
4741,4904,propensity_weighted,0.9956037378468447,0,0,25,38
4742,1078,propensity_weighted,0.9950352566699799,0,0,3,33
4743,3263,propensity_weighted,0.9955740433925246,0,0,46,49
4744,2425,propensity_weighted,0.9956306657178545,0,0,1,2
4745,1410,propensity_weighted,0.9951747242049036,0,0,45,44
4746,3483,propensity_weighted,0.9953695041904599,0,0,16,12
4747,3927,propensity_weighted,0.9959148702722878,0,0,36,41
4748,4332,propensity_weighted,0.9960662754059897,0,0,16,27
4749,4749,propensity_weighted,0.9956415958475314,1,1,8,8
4750,1145,propensity_weighted,0.9931351301033605,0,0,0,4
4751,1335,propensity_weighted,0.9919303107629928,0,0,21,40
4752,1860,propensity_weighted,0.995953788227449,0,1,2,2
4753,1601,propensity_weighted,0.9943568198575803,0,1,49,49
4754,856,propensity_weighted,0.991876264986712,0,0,7,17
4755,3729,propensity_weighted,0.9962828067659992,0,0,45,38
4756,645,propensity_weighted,0.9957586613442776,0,0,7,17
4757,3110,propensity_weighted,0.9952357552027249,0,0,17,34
4758,4442,propensity_weighted,0.9920756676749588,0,0,49,36
4759,627,propensity_weighted,0.995543890611154,0,0,42,33
4760,508,propensity_weighted,0.9952722445866915,0,0,22,28
4761,4233,propensity_weighted,0.9892805312784694,0,1,2,2
4762,2136,propensity_weighted,0.9953223047945766,0,0,45,14
4763,832,propensity_weighted,0.9958074587709068,0,0,6,24
4764,3743,propensity_weighted,0.9957928473767096,0,0,23,30
4765,743,propensity_weighted,0.9950805545786707,0,0,47,28
4766,3202,propensity_weighted,0.9961582099176866,0,0,30,7
4767,1499,propensity_weighted,0.9964198311259163,0,0,27,16
4768,3805,propensity_weighted,0.9955226489230863,0,0,47,43
4769,1421,propensity_weighted,0.9959492731404721,0,0,26,29
4770,4770,propensity_weighted,0.9956685373788711,1,1,19,19
4771,1275,propensity_weighted,0.99591968253679,0,1,2,2
4772,2758,propensity_weighted,0.9928193239246663,0,0,37,39
4773,4722,propensity_weighted,0.9942051445164602,0,0,29,19
4774,3606,propensity_weighted,0.9957434448056662,0,0,18,5
4775,3829,propensity_weighted,0.995399840933173,0,1,24,24
4776,4862,propensity_weighted,0.995434887836703,0,0,40,22
4777,1063,propensity_weighted,0.9964061249212246,0,0,46,23
4778,1646,propensity_weighted,0.9957492422835885,0,0,19,20
4779,2334,propensity_weighted,0.9963724343808398,0,0,32,20
4780,3244,propensity_weighted,0.9944112380005331,0,0,48,39
4781,879,propensity_weighted,0.9960348619188776,0,0,35,40
4782,3813,propensity_weighted,0.9954926273368752,0,0,7,1
4783,2606,propensity_weighted,0.9951521181066506,0,1,11,11
4784,4326,propensity_weighted,0.9957205240969605,0,0,7,0
4785,4309,propensity_weighted,0.9959170362399385,0,0,22,49
4786,1082,propensity_weighted,0.995584043946469,0,0,7,41
4787,4624,propensity_weighted,0.9952028675182424,0,0,39,16
4788,3417,propensity_weighted,0.9948060991118072,0,1,44,44
4789,338,propensity_weighted,0.9955302318426755,0,0,48,29
4790,1858,propensity_weighted,0.9958138712879088,0,0,13,4
4791,3992,propensity_weighted,0.9965620075867715,0,0,37,39
4792,1012,propensity_weighted,0.9949356424583137,0,0,49,26
4793,1487,propensity_weighted,0.9899173438999352,0,0,32,39
4794,1252,propensity_weighted,0.9951827733585624,0,0,46,49
4795,4917,propensity_weighted,0.9952201261942778,0,0,48,33
4796,3248,propensity_weighted,0.9949643552290423,0,0,49,48
4797,2886,propensity_weighted,0.9935183912861737,0,1,0,0
4798,3671,propensity_weighted,0.9957638206841736,0,1,21,21
4799,2545,propensity_weighted,0.9954068181820183,0,0,13,21
4800,827,propensity_weighted,0.9957687894504055,0,0,9,2
4801,3700,propensity_weighted,0.9957462961869585,0,1,18,18
4802,3670,propensity_weighted,0.9944536116968274,0,0,17,10
4803,3973,propensity_weighted,0.9941483397810548,0,0,34,38
4804,2435,propensity_weighted,0.9966096163075409,0,0,29,18
4805,3190,propensity_weighted,0.9939047433904412,0,0,35,40
4806,1767,propensity_weighted,0.996477683277426,0,1,20,20
4807,3683,propensity_weighted,0.9888348570682158,0,0,48,41
4808,2909,propensity_weighted,0.9913146812961765,0,0,27,49
4809,1242,propensity_weighted,0.9957680739875991,0,0,37,36
4810,4977,propensity_weighted,0.9930835159749283,0,0,13,19
4811,1090,propensity_weighted,0.9955120326936615,0,0,38,36
4812,3885,propensity_weighted,0.9961999447969015,0,0,31,6
4813,1429,propensity_weighted,0.9958467649059543,0,0,26,47
4814,3826,propensity_weighted,0.9942382183944185,0,0,1,16
4815,4818,propensity_weighted,0.9909566049504472,0,0,45,35
4816,2889,propensity_weighted,0.9933500674539114,0,0,1,2
4817,3495,propensity_weighted,0.9948988555904236,0,0,49,21
4818,4723,propensity_weighted,0.996210285236427,0,0,35,45
4819,52,propensity_weighted,0.995222714695746,0,0,42,26
4820,3230,propensity_weighted,0.9955426075170124,0,0,35,36
4821,3709,propensity_weighted,0.9929587959067198,0,0,24,44
4822,776,propensity_weighted,0.9960595319921624,0,0,42,27
4823,1781,propensity_weighted,0.9947534516933026,0,0,16,29
4824,876,propensity_weighted,0.995296422472627,0,0,30,18
4825,4474,propensity_weighted,0.9953034862110616,0,0,17,22
4826,1935,propensity_weighted,0.9953913872123108,0,0,40,35
4827,442,propensity_weighted,0.9957621285558607,0,0,9,24
4828,2270,propensity_weighted,0.9912652721845772,0,0,25,21
4829,3334,propensity_weighted,0.9951720701412834,0,0,32,19
4830,510,propensity_weighted,0.9958257520237858,0,0,45,48
4831,4611,propensity_weighted,0.9958948725138818,0,0,44,28
4832,2429,propensity_weighted,0.9957137476070986,0,0,46,29
4833,3047,propensity_weighted,0.9950229152483,0,0,35,17
4834,1130,propensity_weighted,0.9965295874487293,0,0,17,9
4835,964,propensity_weighted,0.9963672223660535,0,1,6,6
4836,3538,propensity_weighted,0.9961259779006701,0,0,37,39
4837,1215,propensity_weighted,0.9953810138053327,0,0,9,3
4838,526,propensity_weighted,0.9934983270573812,0,1,31,31
4839,183,propensity_weighted,0.9954250765171163,0,1,6,6
4840,3043,propensity_weighted,0.9946891061824189,0,0,49,40
4841,3828,propensity_weighted,0.9949536174644694,0,0,7,2
4842,4510,propensity_weighted,0.9949894566594066,0,1,34,34
4843,3837,propensity_weighted,0.9962740410055313,0,1,36,36
4844,3355,propensity_weighted,0.9954971644950329,0,0,10,8
4845,1743,propensity_weighted,0.994019845937696,0,0,21,25
4846,4547,propensity_weighted,0.9949528243074491,0,0,23,28
4847,95,propensity_weighted,0.9930146620294557,0,0,35,38
4848,1433,propensity_weighted,0.9958724909008069,0,0,18,10
4849,4447,propensity_weighted,0.9956681329700664,0,0,35,17
4850,4850,propensity_weighted,0.9909346345786982,1,1,41,41
4851,1477,propensity_weighted,0.9965077635226396,0,0,7,9
4852,3919,propensity_weighted,0.9943693004060039,0,0,40,30
4853,3368,propensity_weighted,0.9925988326549307,0,1,40,40
4854,4912,propensity_weighted,0.9946322250170946,0,1,5,5
4855,4855,propensity_weighted,0.9947884185577622,1,1,30,30
4856,2973,propensity_weighted,0.9965022644953235,0,0,7,34
4857,1969,propensity_weighted,0.994844314110585,0,0,42,49
4858,341,propensity_weighted,0.9950021731143018,0,0,31,41
4859,3929,propensity_weighted,0.9955419548922815,0,0,33,10
4860,2177,propensity_weighted,0.9951367541735909,0,0,4,25
4861,4852,propensity_weighted,0.9962016041641822,0,0,25,40
4862,4995,propensity_weighted,0.9953214892745323,0,0,22,37
4863,1024,propensity_weighted,0.9961588826623422,0,0,2,3
4864,2214,propensity_weighted,0.9963573137168911,0,0,45,34
4865,2763,propensity_weighted,0.9930502825177004,0,0,49,34
4866,1208,propensity_weighted,0.9952863772698819,0,0,45,36
4867,4867,propensity_weighted,0.9888308216577337,1,1,0,0
4868,4174,propensity_weighted,0.9952741395999884,0,1,5,5
4869,4053,propensity_weighted,0.9959937848378866,0,0,28,38
4870,4110,propensity_weighted,0.9934972872100362,0,0,16,22
4871,1243,propensity_weighted,0.9954004755512188,0,1,45,45
4872,4475,propensity_weighted,0.9953891420535672,0,0,23,44
4873,470,propensity_weighted,0.9944815178890655,0,0,43,29
4874,1239,propensity_weighted,0.9964556543595611,0,0,8,5
4875,616,propensity_weighted,0.99563606821315,0,0,40,49
4876,347,propensity_weighted,0.9949808786037448,0,0,10,30
4877,3645,propensity_weighted,0.9956257099560712,0,0,10,3
4878,4606,propensity_weighted,0.9964436692768991,0,0,15,16
4879,2520,propensity_weighted,0.9961543178297515,0,0,25,14
4880,4716,propensity_weighted,0.9956394525591478,0,0,38,43
4881,4881,propensity_weighted,0.9943687703798822,1,1,40,40
4882,1901,propensity_weighted,0.9955791095593761,0,0,29,43
4883,3194,propensity_weighted,0.9945834305031204,0,0,49,33
4884,2663,propensity_weighted,0.9960967287713102,0,0,43,15
4885,4885,propensity_weighted,0.9961015985981267,1,1,42,42
4886,1498,propensity_weighted,0.9960327087068146,0,1,0,0
4887,3298,propensity_weighted,0.9960434302953104,0,1,0,0
4888,2646,propensity_weighted,0.9960993814986713,0,0,31,3
4889,4889,propensity_weighted,0.9896559019855806,1,1,32,32
4890,1689,propensity_weighted,0.9943006925900313,0,0,44,36
4891,2257,propensity_weighted,0.9958635417301074,0,0,9,23
4892,2991,propensity_weighted,0.9954307114664324,0,1,0,0
4893,1047,propensity_weighted,0.9949375170041287,0,0,24,15
4894,3764,propensity_weighted,0.9942393384427471,0,0,14,5
4895,1905,propensity_weighted,0.9952443448824285,0,0,14,31
4896,4882,propensity_weighted,0.996037502141112,0,0,39,29
4897,4175,propensity_weighted,0.996389798764634,0,0,21,27
4898,3343,propensity_weighted,0.9954266211269982,0,0,46,27
4899,554,propensity_weighted,0.996054465051208,0,0,20,37
4900,3085,propensity_weighted,0.9944846270766262,0,0,29,15
4901,2463,propensity_weighted,0.995727955232907,0,0,28,23
4902,4293,propensity_weighted,0.991347438723329,0,0,5,12
4903,258,propensity_weighted,0.9954327138049874,0,0,14,10
4904,4904,propensity_weighted,0.9945543692752474,1,1,38,38
4905,2510,propensity_weighted,0.9954370296765832,0,1,28,28
4906,4906,propensity_weighted,0.9850330659346076,1,1,35,35
4907,3108,propensity_weighted,0.9953510116538001,0,0,25,33
4908,2705,propensity_weighted,0.9944890921908751,0,0,21,27
4909,1686,propensity_weighted,0.9939419451628715,0,0,37,39
4910,3755,propensity_weighted,0.9953299307148026,0,0,34,35
4911,484,propensity_weighted,0.992177895414648,0,0,32,13
4912,4854,propensity_weighted,0.9937007000415308,0,1,5,5
4913,3327,propensity_weighted,0.9961431741596801,0,0,21,15
4914,2771,propensity_weighted,0.9938131674855104,0,0,4,3
4915,4819,propensity_weighted,0.9934186421931261,0,1,42,42
4916,4662,propensity_weighted,0.9908680376310055,0,1,11,11
4917,2913,propensity_weighted,0.9953016721498741,0,0,33,24
4918,3944,propensity_weighted,0.9954812024001513,0,0,47,31
4919,2002,propensity_weighted,0.9939655586617292,0,1,36,36
4920,1269,propensity_weighted,0.9953108108757395,0,0,44,33
4921,2851,propensity_weighted,0.9949400109453724,0,1,1,1
4922,2704,propensity_weighted,0.9960595886017476,0,1,37,37
4923,2333,propensity_weighted,0.9962611640967558,0,0,26,42
4924,2267,propensity_weighted,0.9955582070564657,0,0,35,41
4925,4925,propensity_weighted,0.9963361787625982,1,1,35,35
4926,1523,propensity_weighted,0.9953116263909059,0,1,9,9
4927,186,propensity_weighted,0.9952284890023678,0,1,32,32
4928,123,propensity_weighted,0.9955615433763123,0,0,18,29
4929,1681,propensity_weighted,0.9950957222383046,0,1,23,23
4930,4930,propensity_weighted,0.9945091506738997,1,1,48,48
4931,2107,propensity_weighted,0.9934339973216701,0,0,49,48
4932,135,propensity_weighted,0.9838464695163103,0,1,8,8
4933,2902,propensity_weighted,0.9964134994479843,0,0,27,13
4934,1335,propensity_weighted,0.9964005637027675,0,0,29,40
4935,3279,propensity_weighted,0.995290753588113,0,0,27,39
4936,4815,propensity_weighted,0.9913907365011194,0,1,45,45
4937,4344,propensity_weighted,0.9942858272193253,0,0,27,35
4938,864,propensity_weighted,0.9956277977454154,0,1,15,15
4939,3136,propensity_weighted,0.9963100563515469,0,0,49,43
4940,2991,propensity_weighted,0.9956010571046273,0,0,13,0
4941,124,propensity_weighted,0.9945210635417232,0,0,6,1
4942,506,propensity_weighted,0.9962614384041852,0,0,35,39
4943,4662,propensity_weighted,0.9934543725391095,0,1,11,11
4944,1260,propensity_weighted,0.9954139808333358,0,0,25,12
4945,579,propensity_weighted,0.995942235873954,0,0,30,17
4946,373,propensity_weighted,0.9958705207884365,0,0,15,18
4947,442,propensity_weighted,0.995584751277178,0,0,20,24
4948,2087,propensity_weighted,0.9965967530433995,0,1,19,19
4949,2317,propensity_weighted,0.993283905485803,0,0,19,11
4950,2148,propensity_weighted,0.9961916537006437,0,0,31,22
4951,4610,propensity_weighted,0.9963697883059862,0,0,24,45
4952,102,propensity_weighted,0.9953240489177483,0,0,38,47
4953,4512,propensity_weighted,0.9912689913893636,0,0,8,3
4954,3186,propensity_weighted,0.9928483107230371,0,0,1,16
4955,3911,propensity_weighted,0.9960646854793181,0,0,13,15
4956,4956,propensity_weighted,0.994181597867741,1,1,48,48
4957,4783,propensity_weighted,0.9952818307639292,0,1,11,11
4958,4869,propensity_weighted,0.9965551032886539,0,0,44,28
4959,3561,propensity_weighted,0.9951698176765491,0,1,26,26
4960,2109,propensity_weighted,0.9957281224300142,0,0,36,38
4961,1279,propensity_weighted,0.9921791278972356,0,1,42,42
4962,2026,propensity_weighted,0.9943828446436022,0,0,9,3
4963,4995,propensity_weighted,0.995768188164081,0,1,37,37
4964,1733,propensity_weighted,0.9948866720198274,0,0,36,46
4965,1460,propensity_weighted,0.9948175976027067,0,1,15,15
4966,3011,propensity_weighted,0.995455564777377,0,0,27,7
4967,909,propensity_weighted,0.9944931123044524,0,1,10,10
4968,1701,propensity_weighted,0.9963024890824949,0,0,27,22
4969,4557,propensity_weighted,0.9957781444693371,0,0,5,14
4970,3355,propensity_weighted,0.9932383882979164,0,1,8,8
4971,4218,propensity_weighted,0.9953938987284969,0,0,31,32
4972,1847,propensity_weighted,0.9959401119324215,0,1,15,15
4973,374,propensity_weighted,0.9951222466005485,0,0,31,19
4974,3019,propensity_weighted,0.9961443170529668,0,0,46,42
4975,860,propensity_weighted,0.9952948448454578,0,0,39,37
4976,2380,propensity_weighted,0.9958814311662368,0,0,24,33
4977,2173,propensity_weighted,0.9941204246363078,0,1,19,19
4978,1923,propensity_weighted,0.9963529054235473,0,0,49,26
4979,4827,propensity_weighted,0.9952061358405732,0,0,28,9
4980,621,propensity_weighted,0.994505820532602,0,0,2,1
4981,1328,propensity_weighted,0.9939780305356213,0,0,19,2
4982,1248,propensity_weighted,0.9957904637490956,0,0,32,28
4983,4501,propensity_weighted,0.9959291962808853,0,0,10,4
4984,1263,propensity_weighted,0.9957254317787363,0,0,33,35
4985,4779,propensity_weighted,0.9935659539440196,0,1,32,32
4986,4561,propensity_weighted,0.994594312678707,0,0,40,32
4987,3435,propensity_weighted,0.9961410389176666,0,0,33,18
4988,254,propensity_weighted,0.9945722980950717,0,1,37,37
4989,2026,propensity_weighted,0.9954628106803857,0,0,6,3
4990,2043,propensity_weighted,0.9963163743487472,0,0,21,14
4991,1562,propensity_weighted,0.9957812360782753,0,0,25,23
4992,6,propensity_weighted,0.9954339458100975,0,0,25,35
4993,767,propensity_weighted,0.983289244477234,0,0,37,39
4994,1362,propensity_weighted,0.9934977458702979,0,0,49,24
4995,4988,propensity_weighted,0.995107146550543,0,1,37,37
4996,119,propensity_weighted,0.9961057480660845,0,0,41,36
4997,3028,propensity_weighted,0.9955367815047618,0,0,39,22
4998,2141,propensity_weighted,0.9959211538530879,0,0,2,9
4999,3198,propensity_weighted,0.9949967915243679,0,0,22,29
