a_id,b_id,pair_strategy,pair_score,is_true_pair,is_same_group,a_group_id,b_group_id
0,1535,random,1.0,0,0,35,22
1,1183,random,1.0,0,0,33,26
2,3378,random,1.0,0,0,28,49
3,3825,random,1.0,0,0,25,34
4,643,random,1.0,0,0,43,41
5,90,random,1.0,0,0,40,48
6,2835,random,1.0,0,0,35,0
7,3865,random,1.0,0,0,15,16
8,2220,random,1.0,0,0,20,37
9,2177,random,1.0,0,0,27,25
10,3753,random,1.0,0,0,3,6
11,3552,random,1.0,0,0,2,44
12,935,random,1.0,0,0,35,28
13,4236,random,1.0,0,0,36,0
14,719,random,1.0,0,0,19,42
15,1325,random,1.0,0,0,25,24
16,455,random,1.0,0,0,5,6
17,3846,random,1.0,0,0,46,37
18,2518,random,1.0,0,0,18,19
19,4894,random,1.0,0,0,44,14
20,2915,random,1.0,0,0,15,31
21,3050,random,1.0,0,0,0,48
22,4746,random,1.0,0,0,46,16
23,3992,random,1.0,0,0,42,39
24,660,random,1.0,0,0,10,36
25,2678,random,1.0,0,0,28,29
26,1225,random,1.0,0,0,25,46
27,3105,random,1.0,0,0,5,10
28,2273,random,1.0,0,0,23,31
29,4060,random,1.0,0,0,10,25
30,330,random,1.0,0,0,30,35
31,1695,random,1.0,0,0,45,24
32,2864,random,1.0,0,0,14,13
33,2703,random,1.0,0,0,3,4
34,4739,random,1.0,0,0,39,41
35,381,random,1.0,0,0,31,41
36,2982,random,1.0,0,0,32,40
37,4996,random,1.0,0,0,46,41
38,3460,random,1.0,0,0,10,17
39,1495,random,1.0,0,0,45,3
40,4173,random,1.0,0,0,23,12
41,3310,random,1.0,0,0,10,48
42,4398,random,1.0,0,0,48,7
43,3367,random,1.0,0,0,17,1
44,2841,random,1.0,0,0,41,27
45,2973,random,1.0,0,0,23,34
46,293,random,1.0,0,0,43,11
47,387,random,1.0,0,0,37,20
48,4206,random,1.0,0,0,6,26
49,4763,random,1.0,0,0,13,6
50,3207,random,1.0,0,0,7,43
51,4301,random,1.0,0,0,1,41
52,2826,random,1.0,0,0,26,16
53,2100,random,1.0,0,0,0,48
54,1082,random,1.0,0,0,32,41
55,1463,random,1.0,0,0,13,14
56,2722,random,1.0,0,0,22,37
57,4917,random,1.0,0,0,17,33
58,80,random,1.0,0,0,30,44
59,3455,random,1.0,0,0,5,49
60,870,random,1.0,0,0,20,44
61,4178,random,1.0,0,0,28,17
62,4832,random,1.0,0,0,32,46
63,1455,random,1.0,0,0,5,48
64,4077,random,1.0,0,0,27,7
65,4556,random,1.0,0,0,6,2
66,1633,random,1.0,0,0,33,27
67,3635,random,1.0,0,0,35,4
68,3658,random,1.0,0,0,8,43
69,1422,random,1.0,0,0,22,36
70,265,random,1.0,0,0,15,7
71,585,random,1.0,0,0,35,4
72,4131,random,1.0,0,0,31,39
73,4310,random,1.0,0,0,10,41
74,3183,random,1.0,0,0,33,19
75,2486,random,1.0,0,0,36,14
76,2197,random,1.0,0,0,47,24
77,1160,random,1.0,0,0,10,36
78,3202,random,1.0,0,0,2,7
79,1228,random,1.0,0,0,28,3
80,4744,random,1.0,0,0,44,1
81,1720,random,1.0,0,0,20,26
82,3809,random,1.0,0,0,9,19
83,4001,random,1.0,0,0,1,11
84,3915,random,1.0,0,0,15,12
85,2553,random,1.0,0,0,3,16
86,3039,random,1.0,0,0,39,43
87,2531,random,1.0,0,0,31,42
88,1092,random,1.0,0,0,42,18
89,1624,random,1.0,0,0,24,14
90,4548,random,1.0,0,1,48,48
91,4520,random,1.0,0,0,20,35
92,1834,random,1.0,0,0,34,29
93,245,random,1.0,0,0,45,11
94,2247,random,1.0,0,0,47,36
95,1138,random,1.0,0,0,38,18
96,4361,random,1.0,0,0,11,7
97,1839,random,1.0,0,0,39,27
98,1847,random,1.0,0,0,47,15
99,3072,random,1.0,0,0,22,9
100,2095,random,1.0,0,0,45,19
101,456,random,1.0,0,0,6,48
102,3097,random,1.0,0,0,47,45
103,3400,random,1.0,0,0,0,16
104,4280,random,1.0,0,0,30,38
105,1221,random,1.0,0,0,21,26
106,779,random,1.0,0,1,29,29
107,3002,random,1.0,0,0,2,44
108,2760,random,1.0,0,0,10,9
109,4238,random,1.0,0,0,38,2
110,96,random,1.0,0,0,46,11
111,4488,random,1.0,0,0,38,17
112,4129,random,1.0,0,0,29,38
113,3476,random,1.0,0,0,26,39
114,530,random,1.0,0,0,30,8
115,4438,random,1.0,0,0,38,32
116,3138,random,1.0,0,0,38,22
117,1984,random,1.0,0,0,34,30
118,651,random,1.0,0,0,1,18
119,4836,random,1.0,0,0,36,37
120,3850,random,1.0,0,0,0,11
121,2684,random,1.0,0,0,34,27
122,4145,random,1.0,0,0,45,26
123,3379,random,1.0,0,0,29,32
124,2251,random,1.0,0,0,1,45
125,3344,random,1.0,0,0,44,14
126,2470,random,1.0,0,0,20,4
127,1308,random,1.0,0,0,8,39
128,2879,random,1.0,0,0,29,45
129,4534,random,1.0,0,0,34,44
130,1606,random,1.0,0,0,6,48
131,2001,random,1.0,0,0,1,41
132,4549,random,1.0,0,0,49,15
133,712,random,1.0,0,0,12,32
134,1645,random,1.0,0,0,45,38
135,4458,random,1.0,0,0,8,46
136,890,random,1.0,0,0,40,42
137,122,random,1.0,0,0,22,45
138,889,random,1.0,0,0,39,31
139,591,random,1.0,0,0,41,39
140,3231,random,1.0,0,0,31,33
141,1896,random,1.0,0,0,46,5
142,4760,random,1.0,0,0,10,22
143,3171,random,1.0,0,0,21,29
144,2859,random,1.0,0,0,9,28
145,2487,random,1.0,0,0,37,33
146,1093,random,1.0,0,0,43,14
147,4961,random,1.0,0,0,11,42
148,4499,random,1.0,0,0,49,12
149,130,random,1.0,0,0,30,6
150,433,random,1.0,0,0,33,8
151,1951,random,1.0,0,1,1,1
152,1334,random,1.0,0,0,34,10
153,2667,random,1.0,0,0,17,36
154,4564,random,1.0,0,0,14,46
155,3543,random,1.0,0,0,43,49
156,956,random,1.0,0,0,6,45
157,4031,random,1.0,0,0,31,11
158,1973,random,1.0,0,0,23,45
159,4016,random,1.0,0,0,16,4
160,2266,random,1.0,0,0,16,0
161,3716,random,1.0,0,0,16,14
162,8,random,1.0,0,0,8,20
163,3963,random,1.0,0,0,13,37
164,3298,random,1.0,0,0,48,0
165,1132,random,1.0,0,0,32,25
166,3810,random,1.0,0,0,10,4
167,4986,random,1.0,0,0,36,40
168,3082,random,1.0,0,0,32,21
169,4569,random,1.0,0,0,19,34
170,4670,random,1.0,0,0,20,7
171,1323,random,1.0,0,0,23,22
172,2427,random,1.0,0,0,27,20
173,3972,random,1.0,0,0,22,20
174,2848,random,1.0,0,0,48,1
175,3434,random,1.0,0,0,34,38
176,2428,random,1.0,0,0,28,7
177,4352,random,1.0,0,0,2,34
178,3607,random,1.0,0,0,7,25
179,4166,random,1.0,0,0,16,36
180,2900,random,1.0,0,0,0,16
181,398,random,1.0,0,0,48,36
182,1850,random,1.0,0,0,0,44
183,3756,random,1.0,0,0,6,31
184,1131,random,1.0,0,0,31,0
185,4799,random,1.0,0,0,49,13
186,2532,random,1.0,0,0,32,38
187,2349,random,1.0,0,0,49,48
188,47,random,1.0,0,0,47,37
189,4474,random,1.0,0,0,24,22
190,2146,random,1.0,0,0,46,0
191,1694,random,1.0,0,0,44,18
192,4081,random,1.0,0,0,31,18
193,4957,random,1.0,0,0,7,11
194,3864,random,1.0,0,0,14,41
195,129,random,1.0,0,0,29,34
196,2544,random,1.0,0,0,44,35
197,2945,random,1.0,0,0,45,32
198,2603,random,1.0,0,0,3,38
199,350,random,1.0,0,0,0,32
200,2463,random,1.0,0,0,13,23
201,3189,random,1.0,0,0,39,25
202,854,random,1.0,0,0,4,13
203,4703,random,1.0,0,0,3,36
204,4825,random,1.0,0,0,25,17
205,1945,random,1.0,0,0,45,43
206,4599,random,1.0,0,0,49,22
207,2955,random,1.0,0,0,5,4
208,638,random,1.0,0,0,38,30
209,195,random,1.0,0,0,45,29
210,16,random,1.0,0,0,16,5
211,1677,random,1.0,0,0,27,26
212,4936,random,1.0,0,0,36,45
213,3839,random,1.0,0,0,39,20
214,208,random,1.0,0,0,8,38
215,4096,random,1.0,0,0,46,29
216,2304,random,1.0,0,0,4,37
217,2574,random,1.0,0,0,24,42
218,2089,random,1.0,0,0,39,14
219,1519,random,1.0,0,0,19,8
220,1435,random,1.0,0,0,35,29
221,3981,random,1.0,0,0,31,29
222,453,random,1.0,0,0,3,13
223,557,random,1.0,0,0,7,12
224,4969,random,1.0,0,0,19,5
225,995,random,1.0,0,0,45,8
226,4898,random,1.0,0,0,48,46
227,1444,random,1.0,0,0,44,34
228,517,random,1.0,0,0,17,12
229,4819,random,1.0,0,0,19,42
230,4430,random,1.0,0,0,30,1
231,234,random,1.0,0,0,34,27
232,4010,random,1.0,0,0,10,1
233,3005,random,1.0,0,0,5,46
234,4777,random,1.0,0,0,27,46
235,2811,random,1.0,0,0,11,36
236,430,random,1.0,0,0,30,11
237,4687,random,1.0,0,0,37,23
238,2348,random,1.0,0,0,48,23
239,1498,random,1.0,0,0,48,0
240,365,random,1.0,0,0,15,38
241,3404,random,1.0,0,0,4,37
242,1783,random,1.0,0,0,33,39
243,1568,random,1.0,0,0,18,25
244,2989,random,1.0,0,0,39,36
245,3561,random,1.0,0,0,11,26
246,922,random,1.0,0,0,22,31
247,1165,random,1.0,0,0,15,23
248,3629,random,1.0,0,0,29,22
249,1198,random,1.0,0,0,48,14
250,757,random,1.0,0,0,7,28
251,1881,random,1.0,0,0,31,22
252,2630,random,1.0,0,0,30,17
253,2443,random,1.0,0,0,43,26
254,1087,random,1.0,0,0,37,43
255,31,random,1.0,0,0,31,45
256,4593,random,1.0,0,0,43,1
257,4689,random,1.0,0,0,39,29
258,2110,random,1.0,0,0,10,31
259,769,random,1.0,0,0,19,25
260,2538,random,1.0,0,0,38,22
261,3591,random,1.0,0,0,41,10
262,3316,random,1.0,0,0,16,4
263,1999,random,1.0,0,0,49,39
264,3088,random,1.0,0,0,38,21
265,3707,random,1.0,0,0,7,16
266,1489,random,1.0,0,0,39,41
267,2780,random,1.0,0,0,30,33
268,3452,random,1.0,0,0,2,44
269,4679,random,1.0,0,0,29,8
270,4461,random,1.0,0,0,11,28
271,285,random,1.0,0,0,35,17
272,2567,random,1.0,0,0,17,42
273,2787,random,1.0,0,0,37,26
274,2745,random,1.0,0,0,45,46
275,686,random,1.0,0,0,36,32
276,3754,random,1.0,0,0,4,7
277,2014,random,1.0,0,0,14,43
278,17,random,1.0,0,0,17,46
279,2845,random,1.0,0,0,45,19
280,3503,random,1.0,0,0,3,33
281,2641,random,1.0,0,0,41,0
282,4179,random,1.0,0,0,29,6
283,3749,random,1.0,0,0,49,7
284,2408,random,1.0,0,0,8,36
285,4117,random,1.0,0,0,17,38
286,359,random,1.0,0,0,9,10
287,1527,random,1.0,0,0,27,5
288,3133,random,1.0,0,0,33,25
289,2477,random,1.0,0,0,27,14
290,4724,random,1.0,0,0,24,25
291,4046,random,1.0,0,0,46,47
292,4407,random,1.0,0,0,7,29
293,4061,random,1.0,0,0,11,35
294,466,random,1.0,0,0,16,27
295,1865,random,1.0,0,0,15,4
296,2979,random,1.0,0,0,29,18
297,2374,random,1.0,0,0,24,46
298,1217,random,1.0,0,0,17,13
299,4012,random,1.0,0,0,12,30
300,1503,random,1.0,0,0,3,30
301,4647,random,1.0,0,0,47,8
302,1685,random,1.0,0,0,35,42
303,797,random,1.0,0,0,47,42
304,2734,random,1.0,0,0,34,43
305,1208,random,1.0,0,0,8,36
306,3706,random,1.0,0,0,6,5
307,3740,random,1.0,0,0,40,35
308,3618,random,1.0,0,0,18,26
309,2956,random,1.0,0,0,6,42
310,502,random,1.0,0,0,2,5
311,1031,random,1.0,0,0,31,33
312,3731,random,1.0,0,0,31,19
313,4514,random,1.0,0,0,14,4
314,3111,random,1.0,0,0,11,44
315,621,random,1.0,0,0,21,1
316,1793,random,1.0,0,0,43,19
317,4607,random,1.0,0,0,7,31
318,3592,random,1.0,0,0,42,21
319,623,random,1.0,0,1,23,23
320,2323,random,1.0,0,0,23,49
321,665,random,1.0,0,1,15,15
322,4990,random,1.0,0,0,40,21
323,2651,random,1.0,0,0,1,26
324,1719,random,1.0,0,0,19,1
325,3355,random,1.0,0,0,5,8
326,4143,random,1.0,0,0,43,25
327,1034,random,1.0,0,0,34,2
328,774,random,1.0,0,0,24,17
329,1811,random,1.0,0,0,11,15
330,4235,random,1.0,0,0,35,44
331,1097,random,1.0,0,0,47,37
332,4715,random,1.0,0,0,15,22
333,4774,random,1.0,0,0,24,18
334,1912,random,1.0,0,0,12,41
335,2750,random,1.0,0,0,0,43
336,4671,random,1.0,0,0,21,41
337,223,random,1.0,0,0,23,7
338,4879,random,1.0,0,0,29,25
339,2406,random,1.0,0,0,6,21
340,497,random,1.0,0,0,47,43
341,1391,random,1.0,0,0,41,46
342,361,random,1.0,0,1,11,11
343,3804,random,1.0,0,0,4,20
344,2625,random,1.0,0,0,25,31
345,1119,random,1.0,0,0,19,24
346,4526,random,1.0,0,0,26,39
347,1930,random,1.0,0,0,30,20
348,1935,random,1.0,0,1,35,35
349,846,random,1.0,0,0,46,9
350,782,random,1.0,0,0,32,7
351,1070,random,1.0,0,0,20,37
352,903,random,1.0,0,0,3,20
353,1144,random,1.0,0,0,44,33
354,3617,random,1.0,0,0,17,29
355,3419,random,1.0,0,0,19,21
356,2668,random,1.0,0,0,18,47
357,1307,random,1.0,0,0,7,25
358,3974,random,1.0,0,1,24,24
359,910,random,1.0,0,0,10,35
360,617,random,1.0,0,0,17,24
361,161,random,1.0,0,0,11,16
362,1716,random,1.0,0,0,16,37
363,951,random,1.0,0,0,1,18
364,2813,random,1.0,0,0,13,15
365,1438,random,1.0,0,0,38,21
366,240,random,1.0,0,0,40,15
367,1055,random,1.0,0,0,5,2
368,2474,random,1.0,0,0,24,47
369,2300,random,1.0,0,0,0,11
370,233,random,1.0,0,0,33,5
371,3568,random,1.0,0,0,18,3
372,1777,random,1.0,0,0,27,6
373,1218,random,1.0,0,0,18,43
374,519,random,1.0,0,0,19,41
375,1063,random,1.0,0,0,13,23
376,3486,random,1.0,0,0,36,2
377,1745,random,1.0,0,0,45,17
378,3153,random,1.0,0,0,3,28
379,2563,random,1.0,0,0,13,10
380,4384,random,1.0,0,0,34,36
381,2091,random,1.0,0,0,41,23
382,2179,random,1.0,0,0,29,13
383,3483,random,1.0,0,0,33,12
384,1148,random,1.0,0,0,48,31
385,960,random,1.0,0,0,10,14
386,3976,random,1.0,0,0,26,8
387,820,random,1.0,0,0,20,29
388,2584,random,1.0,0,0,34,32
389,2221,random,1.0,0,0,21,1
390,4213,random,1.0,0,0,13,12
391,3277,random,1.0,0,0,27,23
392,2032,random,1.0,0,0,32,13
393,1329,random,1.0,0,0,29,14
394,4383,random,1.0,0,0,33,31
395,3733,random,1.0,0,0,33,3
396,4927,random,1.0,0,0,27,32
397,419,random,1.0,0,0,19,46
398,1236,random,1.0,0,1,36,36
399,866,random,1.0,0,0,16,10
400,2660,random,1.0,0,0,10,20
401,777,random,1.0,0,0,27,2
402,2158,random,1.0,0,0,8,4
403,2184,random,1.0,0,0,34,4
404,2011,random,1.0,0,0,11,2
405,1446,random,1.0,0,0,46,21
406,2483,random,1.0,0,0,33,45
407,3848,random,1.0,0,0,48,28
408,770,random,1.0,0,0,20,19
409,1291,random,1.0,0,0,41,26
410,2705,random,1.0,0,0,5,27
411,2659,random,1.0,0,0,9,32
412,1962,random,1.0,0,0,12,32
413,628,random,1.0,0,0,28,49
414,1204,random,1.0,0,0,4,19
415,2264,random,1.0,0,0,14,40
416,2399,random,1.0,0,0,49,29
417,654,random,1.0,0,0,4,7
418,2115,random,1.0,0,0,15,17
419,2346,random,1.0,0,0,46,34
420,1769,random,1.0,0,0,19,31
421,3194,random,1.0,0,0,44,33
422,4743,random,1.0,0,0,43,46
423,4779,random,1.0,0,0,29,32
424,2000,random,1.0,0,0,0,23
425,983,random,1.0,0,0,33,16
426,1552,random,1.0,0,1,2,2
427,1276,random,1.0,0,0,26,34
428,4298,random,1.0,0,0,48,37
429,3062,random,1.0,0,0,12,13
430,4861,random,1.0,0,0,11,25
431,4036,random,1.0,0,0,36,25
432,56,random,1.0,0,0,6,22
433,3108,random,1.0,0,0,8,33
434,3295,random,1.0,0,0,45,16
435,3768,random,1.0,0,0,18,33
436,4122,random,1.0,0,0,22,0
437,3069,random,1.0,0,0,19,31
438,3790,random,1.0,0,0,40,41
439,2809,random,1.0,0,0,9,27
440,3018,random,1.0,0,0,18,2
441,102,random,1.0,0,0,2,47
442,724,random,1.0,0,0,24,38
443,1879,random,1.0,0,0,29,23
444,1760,random,1.0,0,0,10,31
445,2417,random,1.0,0,0,17,3
446,2139,random,1.0,0,0,39,47
447,3137,random,1.0,0,0,37,25
448,3633,random,1.0,0,0,33,18
449,1653,random,1.0,0,0,3,33
450,3004,random,1.0,0,0,4,46
451,853,random,1.0,0,0,3,43
452,174,random,1.0,0,0,24,48
453,3413,random,1.0,0,0,13,36
454,4123,random,1.0,0,0,23,48
455,4106,random,1.0,0,0,6,10
456,3648,random,1.0,0,0,48,34
457,612,random,1.0,0,0,12,18
458,1417,random,1.0,0,0,17,44
459,4069,random,1.0,0,0,19,46
460,1593,random,1.0,0,0,43,41
461,181,random,1.0,0,0,31,48
462,1099,random,1.0,0,0,49,22
463,1843,random,1.0,0,0,43,18
464,2886,random,1.0,0,0,36,0
465,1330,random,1.0,0,0,30,22
466,3327,random,1.0,0,0,27,15
467,592,random,1.0,0,0,42,16
468,336,random,1.0,0,0,36,21
469,1483,random,1.0,0,0,33,40
470,429,random,1.0,0,0,29,12
471,580,random,1.0,0,0,30,44
472,272,random,1.0,0,0,22,17
473,1493,random,1.0,0,0,43,12
474,3264,random,1.0,0,0,14,35
475,1116,random,1.0,0,0,16,1
476,416,random,1.0,0,0,16,49
477,3014,random,1.0,0,0,14,5
478,4195,random,1.0,0,0,45,31
479,3970,random,1.0,0,0,20,5
480,2731,random,1.0,0,1,31,31
481,1666,random,1.0,0,0,16,39
482,1862,random,1.0,0,0,12,8
483,72,random,1.0,0,0,22,31
484,763,random,1.0,0,0,13,45
485,4516,random,1.0,0,0,16,0
486,4975,random,1.0,0,0,25,39
487,1860,random,1.0,0,0,10,2
488,4515,random,1.0,0,0,15,28
489,4417,random,1.0,0,0,17,13
490,2076,random,1.0,0,0,26,42
491,4322,random,1.0,0,0,22,17
492,4100,random,1.0,0,0,0,1
493,3911,random,1.0,0,0,11,15
494,783,random,1.0,0,0,33,47
495,3735,random,1.0,0,0,35,31
496,2195,random,1.0,0,0,45,22
497,2193,random,1.0,0,0,43,4
498,2589,random,1.0,0,0,39,37
499,4908,random,1.0,0,0,8,21
500,3430,random,1.0,0,0,30,0
501,656,random,1.0,0,0,6,43
502,1305,random,1.0,0,0,5,12
503,4976,random,1.0,0,0,26,24
504,3594,random,1.0,0,0,44,48
505,4447,random,1.0,0,0,47,17
506,2639,random,1.0,0,0,39,44
507,4477,random,1.0,0,0,27,7
508,3878,random,1.0,0,0,28,30
509,2149,random,1.0,0,0,49,42
510,4248,random,1.0,0,0,48,22
511,1570,random,1.0,0,0,20,16
512,4182,random,1.0,0,0,32,5
513,3449,random,1.0,0,0,49,47
514,2214,random,1.0,0,0,14,34
515,3173,random,1.0,0,0,23,4
516,1008,random,1.0,0,0,8,28
517,212,random,1.0,0,0,12,36
518,3956,random,1.0,0,0,6,45
519,3841,random,1.0,0,0,41,25
520,2953,random,1.0,0,0,3,6
521,1470,random,1.0,0,0,20,14
522,2365,random,1.0,0,0,15,18
523,1409,random,1.0,0,0,9,23
524,3765,random,1.0,0,0,15,14
525,4315,random,1.0,0,0,15,22
526,1431,random,1.0,0,0,31,11
527,4000,random,1.0,0,0,0,33
528,933,random,1.0,0,0,33,32
529,3174,random,1.0,0,0,24,8
530,158,random,1.0,0,0,8,23
531,907,random,1.0,0,0,7,13
532,3341,random,1.0,0,0,41,32
533,1960,random,1.0,0,0,10,40
534,4353,random,1.0,0,0,3,30
535,4587,random,1.0,0,0,37,36
536,4246,random,1.0,0,0,46,0
537,1158,random,1.0,0,0,8,14
538,3827,random,1.0,0,0,27,40
539,929,random,1.0,0,0,29,21
540,1021,random,1.0,0,0,21,26
541,795,random,1.0,0,0,45,43
542,3323,random,1.0,0,0,23,40
543,522,random,1.0,0,0,22,15
544,4848,random,1.0,0,0,48,18
545,1884,random,1.0,0,0,34,46
546,3940,random,1.0,0,0,40,19
547,792,random,1.0,0,0,42,23
548,4175,random,1.0,0,0,25,27
549,4883,random,1.0,0,0,33,49
550,4596,random,1.0,0,0,46,29
551,531,random,1.0,0,0,31,7
552,275,random,1.0,0,0,25,36
553,4476,random,1.0,0,0,26,14
554,2287,random,1.0,0,0,37,14
555,3332,random,1.0,0,0,32,13
556,2124,random,1.0,0,0,24,0
557,1112,random,1.0,0,0,12,11
558,4938,random,1.0,0,0,38,15
559,2390,random,1.0,0,0,40,42
560,3983,random,1.0,0,0,33,30
561,352,random,1.0,0,0,2,3
562,604,random,1.0,0,0,4,41
563,1993,random,1.0,0,1,43,43
564,3673,random,1.0,0,0,23,48
565,4340,random,1.0,0,0,40,0
566,2889,random,1.0,0,0,39,2
567,1445,random,1.0,0,0,45,33
568,1744,random,1.0,0,0,44,32
569,1543,random,1.0,0,0,43,20
570,1818,random,1.0,0,0,18,2
571,1433,random,1.0,0,0,33,10
572,1389,random,1.0,0,0,39,7
573,367,random,1.0,0,0,17,5
574,3197,random,1.0,0,0,47,13
575,3220,random,1.0,0,0,20,29
576,1686,random,1.0,0,0,36,39
577,4929,random,1.0,0,0,29,23
578,4546,random,1.0,0,0,46,12
579,1717,random,1.0,0,0,17,15
580,2444,random,1.0,0,0,44,43
581,2638,random,1.0,0,0,38,1
582,2373,random,1.0,0,0,23,13
583,11,random,1.0,0,0,11,2
584,4287,random,1.0,0,0,37,11
585,354,random,1.0,0,0,4,17
586,4852,random,1.0,0,0,2,40
587,4358,random,1.0,0,0,8,27
588,4110,random,1.0,0,0,10,22
589,3054,random,1.0,0,0,4,47
590,99,random,1.0,0,0,49,22
591,2389,random,1.0,0,0,39,18
592,1266,random,1.0,0,0,16,11
593,4101,random,1.0,0,0,1,49
594,3521,random,1.0,0,0,21,27
595,1849,random,1.0,0,0,49,41
596,3952,random,1.0,0,0,2,24
597,3239,random,1.0,0,0,39,21
598,4678,random,1.0,0,0,28,32
599,1926,random,1.0,0,0,26,11
600,4337,random,1.0,0,0,37,10
601,2053,random,1.0,0,0,3,33
602,863,random,1.0,0,0,13,41
603,88,random,1.0,0,0,38,42
604,4191,random,1.0,0,0,41,32
605,609,random,1.0,0,0,9,33
606,4041,random,1.0,0,0,41,21
607,4822,random,1.0,0,0,22,42
608,1149,random,1.0,0,0,49,43
609,3433,random,1.0,0,0,33,11
610,192,random,1.0,0,0,42,31
611,3372,random,1.0,0,0,22,19
612,2918,random,1.0,0,0,18,39
613,898,random,1.0,0,0,48,19
614,3546,random,1.0,0,0,46,12
615,2309,random,1.0,0,0,9,47
616,4649,random,1.0,0,0,49,3
617,624,random,1.0,0,0,24,4
618,1650,random,1.0,0,0,0,1
619,3461,random,1.0,0,0,11,20
620,3251,random,1.0,0,0,1,41
621,751,random,1.0,0,0,1,3
622,2036,random,1.0,0,0,36,10
623,4073,random,1.0,0,0,23,36
624,4604,random,1.0,0,0,4,2
625,2222,random,1.0,0,0,22,23
626,4553,random,1.0,0,0,3,24
627,883,random,1.0,0,0,33,48
628,2799,random,1.0,0,0,49,38
629,4388,random,1.0,0,0,38,19
630,191,random,1.0,0,0,41,44
631,2068,random,1.0,0,0,18,5
632,3773,random,1.0,0,0,23,25
633,2675,random,1.0,0,0,25,1
634,2901,random,1.0,0,0,1,33
635,4723,random,1.0,0,0,23,45
636,1457,random,1.0,0,0,7,31
637,4807,random,1.0,0,0,7,48
638,3680,random,1.0,0,0,30,31
639,828,random,1.0,0,0,28,6
640,2851,random,1.0,0,1,1,1
641,2896,random,1.0,0,0,46,27
642,2144,random,1.0,0,0,44,13
643,1441,random,1.0,0,0,41,25
644,2967,random,1.0,0,0,17,26
645,3117,random,1.0,0,0,17,43
646,4007,random,1.0,0,0,7,20
647,1359,random,1.0,0,0,9,13
648,1302,random,1.0,0,0,2,12
649,4694,random,1.0,0,0,44,20
650,499,random,1.0,0,0,49,8
651,1418,random,1.0,0,0,18,2
652,682,random,1.0,0,0,32,13
653,2181,random,1.0,0,0,31,11
654,1707,random,1.0,0,0,7,27
655,337,random,1.0,0,0,37,23
656,743,random,1.0,0,0,43,28
657,2766,random,1.0,0,0,16,39
658,2934,random,1.0,0,0,34,22
659,2311,random,1.0,0,0,11,32
660,2386,random,1.0,0,0,36,21
661,2310,random,1.0,0,0,10,43
662,1372,random,1.0,0,0,22,39
663,2051,random,1.0,0,0,1,6
664,4921,random,1.0,0,0,21,1
665,3615,random,1.0,0,0,15,5
666,1152,random,1.0,0,0,2,19
667,1412,random,1.0,0,1,12,12
668,3398,random,1.0,0,0,48,46
669,672,random,1.0,0,0,22,31
670,4851,random,1.0,0,0,1,7
671,3764,random,1.0,0,0,14,5
672,131,random,1.0,0,0,31,1
673,3320,random,1.0,0,0,20,16
674,2372,random,1.0,0,0,22,38
675,1704,random,1.0,0,0,4,41
676,2178,random,1.0,0,0,28,31
677,4810,random,1.0,0,0,10,13
678,3943,random,1.0,0,0,43,26
679,1711,random,1.0,0,0,11,19
680,3411,random,1.0,0,0,11,46
681,4380,random,1.0,0,0,30,5
682,4063,random,1.0,0,0,13,38
683,3682,random,1.0,0,0,32,2
684,1475,random,1.0,0,0,25,23
685,4279,random,1.0,0,0,29,34
686,82,random,1.0,0,0,32,9
687,1910,random,1.0,0,0,10,5
688,735,random,1.0,0,0,35,0
689,535,random,1.0,0,0,35,37
690,1312,random,1.0,0,0,12,48
691,3342,random,1.0,0,0,42,12
692,2162,random,1.0,0,0,12,11
693,3882,random,1.0,0,0,32,8
694,2013,random,1.0,0,0,13,44
695,1725,random,1.0,0,0,25,16
696,2872,random,1.0,0,0,22,49
697,3501,random,1.0,0,0,1,33
698,3130,random,1.0,0,0,30,10
699,2935,random,1.0,0,0,35,29
700,3860,random,1.0,0,0,10,28
701,1460,random,1.0,0,0,10,15
702,3060,random,1.0,0,0,10,49
703,1774,random,1.0,0,0,24,39
704,4771,random,1.0,0,0,21,2
705,176,random,1.0,0,0,26,28
706,3614,random,1.0,0,0,14,38
707,9,random,1.0,0,0,9,27
708,1072,random,1.0,0,0,22,6
709,683,random,1.0,0,0,33,32
710,3800,random,1.0,0,0,0,23
711,4749,random,1.0,0,0,49,8
712,4032,random,1.0,0,0,32,49
713,348,random,1.0,0,0,48,35
714,3312,random,1.0,0,0,12,42
715,3286,random,1.0,0,0,36,24
716,3547,random,1.0,0,0,47,7
717,2425,random,1.0,0,0,25,2
718,4209,random,1.0,0,0,9,33
719,2292,random,1.0,0,0,42,21
720,2446,random,1.0,0,0,46,40
721,2295,random,1.0,0,0,45,39
722,3061,random,1.0,0,0,11,4
723,4442,random,1.0,0,0,42,36
724,1638,random,1.0,0,0,38,43
725,3224,random,1.0,0,0,24,21
726,1965,random,1.0,0,0,15,25
727,3697,random,1.0,0,0,47,27
728,248,random,1.0,0,0,48,29
729,1939,random,1.0,0,0,39,24
730,385,random,1.0,0,0,35,10
731,303,random,1.0,0,0,3,47
732,4194,random,1.0,0,0,44,0
733,1464,random,1.0,0,0,14,28
734,2613,random,1.0,0,0,13,23
735,100,random,1.0,0,0,0,45
736,3719,random,1.0,0,0,19,6
737,4397,random,1.0,0,0,47,29
738,3852,random,1.0,0,0,2,10
739,2120,random,1.0,0,0,20,5
740,2791,random,1.0,0,0,41,18
741,2557,random,1.0,0,0,7,6
742,3121,random,1.0,0,0,21,13
743,1428,random,1.0,0,0,28,21
744,4713,random,1.0,0,0,13,35
745,986,random,1.0,0,0,36,3
746,2308,random,1.0,0,0,8,12
747,1048,random,1.0,0,0,48,39
748,4589,random,1.0,0,0,39,8
749,2854,random,1.0,0,0,4,33
750,1397,random,1.0,0,0,47,40
751,4253,random,1.0,0,0,3,20
752,3627,random,1.0,0,0,27,4
753,4698,random,1.0,0,0,48,46
754,3317,random,1.0,0,0,17,19
755,4845,random,1.0,0,0,45,21
756,1953,random,1.0,0,0,3,25
757,578,random,1.0,0,0,28,46
758,70,random,1.0,0,0,20,15
759,676,random,1.0,0,0,26,28
760,940,random,1.0,0,0,40,36
761,880,random,1.0,0,0,30,20
762,458,random,1.0,0,0,8,17
763,1895,random,1.0,0,0,45,2
764,3821,random,1.0,0,0,21,11
765,4343,random,1.0,0,0,43,40
766,2716,random,1.0,0,0,16,2
767,2339,random,1.0,0,1,39,39
768,4591,random,1.0,0,0,41,19
769,775,random,1.0,0,0,25,27
770,4919,random,1.0,0,0,19,36
771,2253,random,1.0,0,0,3,0
772,3762,random,1.0,0,0,12,30
773,765,random,1.0,0,0,15,43
774,2067,random,1.0,0,0,17,14
775,377,random,1.0,0,0,27,45
776,127,random,1.0,0,0,27,8
777,2902,random,1.0,0,0,2,13
778,4714,random,1.0,0,0,14,26
779,2379,random,1.0,0,0,29,12
780,4997,random,1.0,0,0,47,39
781,3513,random,1.0,0,0,13,9
782,1657,random,1.0,0,0,7,31
783,4597,random,1.0,0,0,47,26
784,2806,random,1.0,0,1,6,6
785,4827,random,1.0,0,0,27,9
786,452,random,1.0,0,0,2,24
787,1052,random,1.0,0,0,2,6
788,3422,random,1.0,0,0,22,23
789,3896,random,1.0,0,0,46,14
790,4562,random,1.0,0,0,12,33
791,1032,random,1.0,0,0,32,38
792,3473,random,1.0,0,0,23,43
793,2605,random,1.0,0,0,5,28
794,1352,random,1.0,0,0,2,20
795,4393,random,1.0,0,0,43,14
796,3120,random,1.0,0,0,20,26
797,2242,random,1.0,0,0,42,30
798,2707,random,1.0,0,0,7,21
799,2825,random,1.0,0,0,25,42
800,1715,random,1.0,0,0,15,28
801,1604,random,1.0,0,0,4,9
802,2683,random,1.0,0,0,33,34
803,4369,random,1.0,0,0,19,16
804,2096,random,1.0,0,0,46,10
805,865,random,1.0,0,0,15,25
806,2713,random,1.0,0,0,13,46
807,4886,random,1.0,0,0,36,0
808,1958,random,1.0,0,0,8,0
809,4727,random,1.0,0,0,27,26
810,4043,random,1.0,0,0,43,33
811,3578,random,1.0,0,0,28,18
812,13,random,1.0,0,0,13,36
813,3427,random,1.0,0,0,27,7
814,2652,random,1.0,0,0,2,15
815,2932,random,1.0,0,0,32,49
816,4058,random,1.0,0,0,8,7
817,2783,random,1.0,0,0,33,9
818,3158,random,1.0,0,0,8,33
819,1918,random,1.0,0,0,18,21
820,1129,random,1.0,0,0,29,12
821,3705,random,1.0,0,0,5,40
822,108,random,1.0,0,0,8,10
823,3802,random,1.0,0,0,2,22
824,400,random,1.0,0,0,0,10
825,3246,random,1.0,0,0,46,14
826,2454,random,1.0,0,0,4,34
827,3352,random,1.0,0,0,2,45
828,4606,random,1.0,0,0,6,16
829,75,random,1.0,0,0,25,36
830,2565,random,1.0,0,0,15,42
831,2657,random,1.0,0,0,7,25
832,1324,random,1.0,0,0,24,32
833,2021,random,1.0,0,0,21,23
834,3296,random,1.0,0,0,46,29
835,896,random,1.0,0,0,46,36
836,1168,random,1.0,0,0,18,22
837,512,random,1.0,0,0,12,32
838,709,random,1.0,0,0,9,33
839,4149,random,1.0,0,0,49,27
840,2723,random,1.0,0,0,23,9
841,1185,random,1.0,0,0,35,18
842,4640,random,1.0,0,0,40,11
843,4747,random,1.0,0,0,47,36
844,3571,random,1.0,0,0,21,29
845,244,random,1.0,0,0,44,39
846,1509,random,1.0,0,0,9,47
847,1009,random,1.0,0,0,9,4
848,1660,random,1.0,0,0,10,34
849,1118,random,1.0,0,0,18,5
850,864,random,1.0,0,0,14,15
851,4568,random,1.0,0,0,18,49
852,1127,random,1.0,0,0,27,11
853,2143,random,1.0,0,0,43,25
854,663,random,1.0,0,0,13,1
855,408,random,1.0,0,0,8,20
856,4567,random,1.0,0,0,17,26
857,2235,random,1.0,0,0,35,20
858,3958,random,1.0,0,0,8,6
859,3165,random,1.0,0,0,15,35
860,3237,random,1.0,0,0,37,11
861,4600,random,1.0,0,0,0,31
862,4184,random,1.0,0,0,34,21
863,2041,random,1.0,0,0,41,30
864,3715,random,1.0,0,0,15,11
865,4625,random,1.0,0,0,25,6
866,2610,random,1.0,0,0,10,46
867,3429,random,1.0,0,0,29,21
868,1662,random,1.0,0,0,12,29
869,2876,random,1.0,0,0,26,24
870,2594,random,1.0,0,0,44,5
871,4003,random,1.0,0,0,3,32
872,1306,random,1.0,0,0,6,13
873,1346,random,1.0,0,0,46,6
874,4229,random,1.0,0,0,29,25
875,540,random,1.0,0,0,40,21
876,2118,random,1.0,0,0,18,14
877,1071,random,1.0,0,0,21,1
878,490,random,1.0,0,0,40,26
879,290,random,1.0,0,0,40,24
880,4870,random,1.0,0,0,20,16
881,1171,random,1.0,0,0,21,30
882,4922,random,1.0,0,0,22,37
883,3998,random,1.0,0,0,48,28
884,4788,random,1.0,0,0,38,44
885,884,random,1.0,0,0,34,38
886,1044,random,1.0,0,0,44,46
887,2530,random,1.0,0,0,30,41
888,3838,random,1.0,0,0,38,35
889,4931,random,1.0,0,0,31,49
890,4842,random,1.0,0,0,42,34
891,1491,random,1.0,0,0,41,27
892,1270,random,1.0,0,0,20,4
893,3919,random,1.0,0,0,19,30
894,1001,random,1.0,0,1,1,1
895,1507,random,1.0,0,0,7,17
896,286,random,1.0,0,0,36,9
897,4909,random,1.0,0,0,9,37
898,619,random,1.0,0,0,19,11
899,4470,random,1.0,0,0,20,8
900,720,random,1.0,0,0,20,46
901,941,random,1.0,0,0,41,26
902,1010,random,1.0,0,0,10,16
903,420,random,1.0,0,0,20,19
904,1452,random,1.0,0,0,2,45
905,1012,random,1.0,0,0,12,26
906,3989,random,1.0,0,0,39,24
907,4463,random,1.0,0,0,13,46
908,3373,random,1.0,0,0,23,38
909,210,random,1.0,0,0,10,16
910,1135,random,1.0,0,0,35,0
911,1670,random,1.0,0,0,20,12
912,1668,random,1.0,0,0,18,22
913,3549,random,1.0,0,0,49,41
914,1899,random,1.0,0,0,49,46
915,954,random,1.0,0,0,4,41
916,3136,random,1.0,0,0,36,43
917,4858,random,1.0,0,0,8,31
918,4329,random,1.0,0,0,29,31
919,685,random,1.0,0,0,35,29
920,3665,random,1.0,0,0,15,40
921,2200,random,1.0,0,0,0,29
922,3031,random,1.0,0,0,31,34
923,326,random,1.0,0,0,26,43
924,2647,random,1.0,0,0,47,30
925,404,random,1.0,0,0,4,11
926,1478,random,1.0,0,0,28,23
927,4078,random,1.0,0,0,28,49
928,1414,random,1.0,0,0,14,3
929,871,random,1.0,0,0,21,3
930,1430,random,1.0,0,0,30,36
931,1804,random,1.0,0,0,4,6
932,3314,random,1.0,0,0,14,44
933,1332,random,1.0,0,0,32,45
934,4415,random,1.0,0,0,15,30
935,4228,random,1.0,0,0,28,19
936,4446,random,1.0,0,0,46,10
937,3248,random,1.0,0,1,48,48
938,470,random,1.0,0,0,20,29
939,4945,random,1.0,0,0,45,30
940,1186,random,1.0,0,0,36,24
941,4576,random,1.0,0,0,26,40
942,4721,random,1.0,0,0,21,40
943,3968,random,1.0,0,0,18,25
944,4672,random,1.0,0,0,22,37
945,1451,random,1.0,0,0,1,20
946,3820,random,1.0,0,0,20,16
947,2451,random,1.0,0,0,1,39
948,4923,random,1.0,0,0,23,26
949,2911,random,1.0,0,0,11,23
950,4216,random,1.0,0,0,16,49
951,368,random,1.0,0,0,18,24
952,2672,random,1.0,0,0,22,11
953,1145,random,1.0,0,0,45,4
954,4741,random,1.0,0,0,41,25
955,4102,random,1.0,0,0,2,38
956,895,random,1.0,0,0,45,7
957,3157,random,1.0,0,0,7,30
958,2016,random,1.0,0,0,16,33
959,1701,random,1.0,0,0,1,22
960,3964,random,1.0,0,0,14,35
961,2597,random,1.0,0,0,47,39
962,4716,random,1.0,0,0,16,43
963,37,random,1.0,0,0,37,46
964,106,random,1.0,0,0,6,29
965,3736,random,1.0,0,0,36,7
966,680,random,1.0,0,0,30,11
967,1244,random,1.0,0,0,44,26
968,4618,random,1.0,0,0,18,32
969,3995,random,1.0,0,0,45,10
970,4296,random,1.0,0,0,46,45
971,2098,random,1.0,0,0,48,24
972,2466,random,1.0,0,0,16,3
973,3428,random,1.0,0,0,28,5
974,2893,random,1.0,0,0,43,5
975,84,random,1.0,0,0,34,15
976,2262,random,1.0,0,0,12,18
977,1286,random,1.0,0,0,36,43
978,3872,random,1.0,0,0,22,44
979,2548,random,1.0,0,0,48,25
980,2757,random,1.0,0,0,7,1
981,1747,random,1.0,0,0,47,33
982,1947,random,1.0,0,0,47,5
983,1416,random,1.0,0,0,16,22
984,1830,random,1.0,0,0,30,36
985,2234,random,1.0,0,0,34,41
986,3453,random,1.0,0,0,3,22
987,3335,random,1.0,0,0,35,22
988,3893,random,1.0,0,0,43,17
989,1000,random,1.0,0,0,0,11
990,4926,random,1.0,0,0,26,9
991,2375,random,1.0,0,0,25,3
992,2164,random,1.0,0,0,14,13
993,255,random,1.0,0,0,5,31
994,3164,random,1.0,0,0,14,48
995,2558,random,1.0,0,0,8,26
996,4726,random,1.0,0,0,26,15
997,1378,random,1.0,0,0,28,6
998,2228,random,1.0,0,0,28,15
999,2637,random,1.0,0,0,37,34
1000,2411,random,1.0,0,0,11,45
1001,451,random,1.0,0,0,1,3
1002,4846,random,1.0,0,0,46,23
1003,3744,random,1.0,0,0,44,0
1004,1282,random,1.0,0,0,32,20
1005,2509,random,1.0,0,0,9,41
1006,1563,random,1.0,0,0,13,1
1007,4523,random,1.0,0,0,23,22
1008,178,random,1.0,0,0,28,7
1009,4504,random,1.0,0,0,4,10
1010,4616,random,1.0,0,0,16,12
1011,3077,random,1.0,0,0,27,9
1012,2626,random,1.0,0,0,26,24
1013,3905,random,1.0,0,0,5,9
1014,4372,random,1.0,0,0,22,6
1015,4884,random,1.0,0,0,34,43
1016,3679,random,1.0,0,0,29,37
1017,832,random,1.0,0,0,32,24
1018,3035,random,1.0,0,0,35,34
1019,860,random,1.0,0,0,10,37
1020,614,random,1.0,0,0,14,46
1021,4276,random,1.0,0,0,26,1
1022,1859,random,1.0,0,0,9,14
1023,2838,random,1.0,0,0,38,40
1024,4953,random,1.0,0,0,3,8
1025,4942,random,1.0,0,0,42,35
1026,1512,random,1.0,0,0,12,47
1027,2293,random,1.0,0,1,43,43
1028,800,random,1.0,0,0,0,15
1029,2771,random,1.0,0,0,21,3
1030,2972,random,1.0,0,0,22,49
1031,4483,random,1.0,0,0,33,12
1032,3188,random,1.0,0,0,38,30
1033,3978,random,1.0,0,0,28,48
1034,2302,random,1.0,0,0,2,23
1035,684,random,1.0,0,0,34,25
1036,1022,random,1.0,0,0,22,9
1037,876,random,1.0,0,0,26,18
1038,4964,random,1.0,0,0,14,36
1039,167,random,1.0,0,0,17,36
1040,1590,random,1.0,0,0,40,47
1041,1163,random,1.0,0,0,13,32
1042,1103,random,1.0,0,0,3,18
1043,3383,random,1.0,0,0,33,24
1044,4796,random,1.0,0,0,46,49
1045,955,random,1.0,0,0,5,2
1046,257,random,1.0,0,0,7,39
1047,2765,random,1.0,0,0,15,1
1048,1089,random,1.0,0,0,39,48
1049,1534,random,1.0,0,0,34,32
1050,625,random,1.0,0,0,25,22
1051,3252,random,1.0,0,0,2,5
1052,3256,random,1.0,0,0,6,22
1053,3868,random,1.0,0,0,18,7
1054,4267,random,1.0,0,0,17,41
1055,1702,random,1.0,0,0,2,27
1056,1949,random,1.0,0,0,49,12
1057,1758,random,1.0,0,0,8,15
1058,4756,random,1.0,0,0,6,7
1059,2301,random,1.0,0,0,1,44
1060,4132,random,1.0,0,0,32,36
1061,3548,random,1.0,0,0,48,24
1062,3456,random,1.0,0,0,6,8
1063,3873,random,1.0,0,0,23,16
1064,1675,random,1.0,0,0,25,32
1065,185,random,1.0,0,0,35,49
1066,1714,random,1.0,0,0,14,29
1067,1877,random,1.0,0,0,27,17
1068,3448,random,1.0,0,0,48,1
1069,3340,random,1.0,0,0,40,30
1070,2987,random,1.0,0,0,37,5
1071,2701,random,1.0,0,0,1,21
1072,2056,random,1.0,0,0,6,35
1073,3887,random,1.0,0,0,37,25
1074,695,random,1.0,0,0,45,25
1075,3033,random,1.0,0,0,33,35
1076,3877,random,1.0,0,0,27,38
1077,2970,random,1.0,0,0,20,38
1078,3683,random,1.0,0,0,33,41
1079,4456,random,1.0,0,0,6,4
1080,2231,random,1.0,0,0,31,7
1081,2729,random,1.0,0,0,29,9
1082,4541,random,1.0,0,0,41,11
1083,3871,random,1.0,0,0,21,19
1084,1981,random,1.0,0,0,31,43
1085,1586,random,1.0,0,0,36,3
1086,2327,random,1.0,0,0,27,5
1087,1243,random,1.0,0,0,43,45
1088,4695,random,1.0,0,0,45,14
1089,4348,random,1.0,0,0,48,0
1090,2586,random,1.0,0,0,36,26
1091,1531,random,1.0,0,0,31,41
1092,2018,random,1.0,0,0,18,0
1093,4314,random,1.0,0,0,14,27
1094,1906,random,1.0,0,0,6,29
1095,943,random,1.0,0,0,43,18
1096,2506,random,1.0,0,0,6,9
1097,4037,random,1.0,0,0,37,47
1098,2031,random,1.0,0,0,31,42
1099,1622,random,1.0,0,0,22,0
1100,2904,random,1.0,0,0,4,16
1101,3200,random,1.0,0,0,0,36
1102,3315,random,1.0,0,0,15,3
1103,518,random,1.0,0,0,18,6
1104,1693,random,1.0,0,1,43,43
1105,3313,random,1.0,0,0,13,26
1106,4750,random,1.0,0,1,0,0
1107,3365,random,1.0,0,0,15,42
1108,975,random,1.0,0,0,25,34
1109,273,random,1.0,0,0,23,37
1110,1059,random,1.0,0,0,9,1
1111,3937,random,1.0,0,0,37,39
1112,3811,random,1.0,0,0,11,27
1113,662,random,1.0,0,0,12,22
1114,2277,random,1.0,0,0,27,46
1115,4872,random,1.0,0,0,22,23
1116,2551,random,1.0,0,0,1,23
1117,4278,random,1.0,0,0,28,1
1118,4605,random,1.0,0,0,5,44
1119,1174,random,1.0,0,0,24,4
1120,3597,random,1.0,0,0,47,16
1121,3103,random,1.0,0,0,3,28
1122,1107,random,1.0,0,0,7,15
1123,4973,random,1.0,0,0,23,31
1124,2429,random,1.0,0,1,29,29
1125,4944,random,1.0,0,0,44,25
1126,4090,random,1.0,0,0,40,8
1127,1961,random,1.0,0,0,11,15
1128,3636,random,1.0,0,0,36,43
1129,2112,random,1.0,0,0,12,16
1130,1109,random,1.0,0,0,9,23
1131,3300,random,1.0,0,0,0,18
1132,2575,random,1.0,0,0,25,49
1133,2082,random,1.0,0,0,32,40
1134,4271,random,1.0,0,0,21,27
1135,50,random,1.0,0,0,0,7
1136,1357,random,1.0,0,0,7,5
1137,3462,random,1.0,0,0,12,14
1138,1268,random,1.0,0,0,18,24
1139,2824,random,1.0,0,0,24,46
1140,3160,random,1.0,0,0,10,30
1141,641,random,1.0,0,0,41,46
1142,1634,random,1.0,0,0,34,23
1143,444,random,1.0,0,0,44,10
1144,2183,random,1.0,0,0,33,37
1145,3554,random,1.0,0,0,4,13
1146,1528,random,1.0,0,0,28,27
1147,697,random,1.0,0,0,47,1
1148,4881,random,1.0,0,0,31,40
1149,343,random,1.0,0,0,43,4
1150,2109,random,1.0,0,0,9,38
1151,45,random,1.0,0,0,45,23
1152,3319,random,1.0,0,0,19,41
1153,786,random,1.0,0,0,36,2
1154,3309,random,1.0,0,0,9,49
1155,1096,random,1.0,0,0,46,6
1156,1358,random,1.0,0,0,8,40
1157,1170,random,1.0,0,0,20,4
1158,3464,random,1.0,0,0,14,20
1159,4112,random,1.0,0,0,12,41
1160,536,random,1.0,0,0,36,46
1161,2735,random,1.0,0,0,35,44
1162,516,random,1.0,0,0,16,8
1163,2682,random,1.0,0,0,32,13
1164,321,random,1.0,0,0,21,15
1165,2573,random,1.0,0,0,23,8
1166,1799,random,1.0,0,0,49,5
1167,4018,random,1.0,0,0,18,23
1168,2022,random,1.0,0,0,22,44
1169,788,random,1.0,0,0,38,22
1170,804,random,1.0,0,0,4,46
1171,1230,random,1.0,0,0,30,42
1172,3446,random,1.0,0,0,46,39
1173,3897,random,1.0,0,0,47,1
1174,2254,random,1.0,0,0,4,17
1175,3030,random,1.0,0,0,30,5
1176,4805,random,1.0,0,0,5,35
1177,596,random,1.0,0,0,46,2
1178,4545,random,1.0,0,0,45,0
1179,2140,random,1.0,0,0,40,24
1180,3091,random,1.0,0,0,41,29
1181,132,random,1.0,0,0,32,49
1182,1496,random,1.0,0,0,46,15
1183,3376,random,1.0,0,0,26,17
1184,3815,random,1.0,0,0,15,23
1185,3718,random,1.0,0,0,18,26
1186,24,random,1.0,0,0,24,10
1187,4980,random,1.0,0,0,30,2
1188,4887,random,1.0,0,0,37,0
1189,2198,random,1.0,0,0,48,5
1190,506,random,1.0,0,0,6,39
1191,1413,random,1.0,0,0,13,30
1192,1821,random,1.0,0,0,21,1
1193,135,random,1.0,0,0,35,8
1194,3999,random,1.0,0,0,49,13
1195,3115,random,1.0,0,0,15,44
1196,4127,random,1.0,0,0,27,25
1197,3927,random,1.0,0,0,27,41
1198,214,random,1.0,0,0,14,8
1199,957,random,1.0,0,1,7,7
1200,4762,random,1.0,0,0,12,45
1201,1868,random,1.0,0,0,18,35
1202,1743,random,1.0,0,0,43,25
1203,1916,random,1.0,0,0,16,0
1204,2519,random,1.0,0,0,19,26
1205,2578,random,1.0,0,0,28,24
1206,2167,random,1.0,0,0,17,28
1207,1664,random,1.0,0,0,14,20
1208,1636,random,1.0,0,0,36,38
1209,668,random,1.0,0,0,18,48
1210,514,random,1.0,0,1,14,14
1211,2232,random,1.0,0,0,32,14
1212,1915,random,1.0,0,0,15,8
1213,3664,random,1.0,0,0,14,16
1214,3575,random,1.0,0,0,25,30
1215,4603,random,1.0,0,1,3,3
1216,594,random,1.0,0,0,44,21
1217,3663,random,1.0,0,0,13,36
1218,3493,random,1.0,0,0,43,26
1219,3906,random,1.0,0,0,6,0
1220,3065,random,1.0,0,0,15,48
1221,1176,random,1.0,0,0,26,5
1222,4273,random,1.0,0,0,23,12
1223,3107,random,1.0,0,0,7,15
1224,1494,random,1.0,0,0,44,42
1225,2796,random,1.0,0,0,46,19
1226,3573,random,1.0,0,0,23,8
1227,2736,random,1.0,0,0,36,35
1228,1803,random,1.0,0,0,3,47
1229,2887,random,1.0,0,0,37,21
1230,4592,random,1.0,0,1,42,42
1231,4272,random,1.0,0,0,22,47
1232,2019,random,1.0,0,0,19,35
1233,264,random,1.0,0,0,14,38
1234,2249,random,1.0,0,0,49,0
1235,2278,random,1.0,0,0,28,33
1236,4686,random,1.0,0,0,36,41
1237,2467,random,1.0,0,0,17,21
1238,529,random,1.0,0,0,29,24
1239,2155,random,1.0,0,0,5,35
1240,4510,random,1.0,0,0,10,34
1241,3026,random,1.0,0,0,26,49
1242,3436,random,1.0,0,0,36,48
1243,3145,random,1.0,0,0,45,41
1244,2176,random,1.0,0,0,26,40
1245,3532,random,1.0,0,0,32,18
1246,2609,random,1.0,0,0,9,36
1247,3489,random,1.0,0,0,39,40
1248,4378,random,1.0,0,0,28,11
1249,1852,random,1.0,0,0,2,40
1250,3630,random,1.0,0,0,30,26
1251,1284,random,1.0,0,0,34,6
1252,699,random,1.0,0,0,49,35
1253,3458,random,1.0,0,0,8,6
1254,4731,random,1.0,0,0,31,14
1255,2259,random,1.0,0,0,9,30
1256,2246,random,1.0,0,0,46,19
1257,281,random,1.0,0,0,31,41
1258,4181,random,1.0,0,0,31,42
1259,4946,random,1.0,0,0,46,15
1260,3862,random,1.0,0,0,12,43
1261,1401,random,1.0,0,0,1,29
1262,2351,random,1.0,0,0,1,42
1263,3485,random,1.0,0,0,35,4
1264,829,random,1.0,0,0,29,25
1265,2624,random,1.0,0,0,24,5
1266,311,random,1.0,0,0,11,31
1267,4865,random,1.0,0,0,15,49
1268,2524,random,1.0,0,0,24,32
1269,2333,random,1.0,0,0,33,42
1270,4,random,1.0,0,0,4,43
1271,114,random,1.0,0,0,14,30
1272,4550,random,1.0,0,0,0,14
1273,4642,random,1.0,0,0,42,40
1274,4956,random,1.0,0,0,6,48
1275,3152,random,1.0,0,0,2,17
1276,1084,random,1.0,0,0,34,31
1277,3599,random,1.0,0,0,49,14
1278,68,random,1.0,0,0,18,8
1279,3642,random,1.0,0,0,42,23
1280,2093,random,1.0,0,0,43,1
1281,4941,random,1.0,0,0,41,6
1282,3870,random,1.0,0,0,20,13
1283,4332,random,1.0,0,0,32,27
1284,4156,random,1.0,0,0,6,7
1285,3337,random,1.0,0,0,37,42
1286,393,random,1.0,0,0,43,29
1287,2223,random,1.0,0,0,23,43
1288,1889,random,1.0,0,0,39,43
1289,2842,random,1.0,0,0,42,16
1290,2658,random,1.0,0,0,8,39
1291,2576,random,1.0,0,0,26,34
1292,3801,random,1.0,0,0,1,6
1293,1005,random,1.0,0,0,5,9
1294,2337,random,1.0,0,0,37,26
1295,4782,random,1.0,0,0,32,7
1296,3123,random,1.0,0,0,23,8
1297,1663,random,1.0,0,0,13,9
1298,3779,random,1.0,0,0,29,13
1299,1356,random,1.0,0,0,6,4
1300,1538,random,1.0,0,0,38,1
1301,34,random,1.0,0,0,34,39
1302,3712,random,1.0,0,0,12,29
1303,2782,random,1.0,0,0,32,47
1304,2990,random,1.0,0,0,40,39
1305,2362,random,1.0,0,0,12,45
1306,4363,random,1.0,0,0,13,22
1307,1975,random,1.0,0,0,25,27
1308,1539,random,1.0,0,0,39,13
1309,78,random,1.0,0,0,28,2
1310,133,random,1.0,0,0,33,12
1311,1615,random,1.0,0,0,15,34
1312,3098,random,1.0,0,0,48,5
1313,1155,random,1.0,0,0,5,46
1314,298,random,1.0,0,0,48,17
1315,2985,random,1.0,0,0,35,43
1316,593,random,1.0,0,0,43,1
1317,2128,random,1.0,0,0,28,9
1318,4302,random,1.0,0,0,2,28
1319,2664,random,1.0,0,0,14,3
1320,3832,random,1.0,0,0,32,19
1321,821,random,1.0,0,0,21,5
1322,2160,random,1.0,0,0,10,12
1323,1972,random,1.0,0,0,22,11
1324,4082,random,1.0,0,0,32,35
1325,3324,random,1.0,0,0,24,34
1326,2861,random,1.0,0,0,11,23
1327,937,random,1.0,0,0,37,48
1328,4252,random,1.0,0,0,2,18
1329,4864,random,1.0,0,0,14,45
1330,3022,random,1.0,0,0,22,42
1331,4566,random,1.0,0,0,16,11
1332,4345,random,1.0,0,0,45,23
1333,3261,random,1.0,0,1,11,11
1334,310,random,1.0,0,0,10,2
1335,1190,random,1.0,0,0,40,6
1336,116,random,1.0,0,0,16,38
1337,3996,random,1.0,0,0,46,35
1338,2433,random,1.0,0,0,33,42
1339,1943,random,1.0,0,0,43,39
1340,3175,random,1.0,0,0,25,20
1341,250,random,1.0,0,0,0,7
1342,409,random,1.0,0,0,9,41
1343,1856,random,1.0,0,1,6,6
1344,3215,random,1.0,0,0,15,4
1345,2398,random,1.0,0,0,48,17
1346,1206,random,1.0,0,0,6,17
1347,2768,random,1.0,0,0,18,28
1348,1920,random,1.0,0,0,20,30
1349,4537,random,1.0,0,0,37,6
1350,4218,random,1.0,0,0,18,32
1351,3032,random,1.0,0,0,32,36
1352,3370,random,1.0,0,0,20,15
1353,2340,random,1.0,0,0,40,19
1354,481,random,1.0,0,0,31,16
1355,2431,random,1.0,0,0,31,20
1356,4304,random,1.0,0,0,4,32
1357,2555,random,1.0,0,0,5,23
1358,2590,random,1.0,0,0,40,15
1359,2413,random,1.0,0,0,13,42
1360,4125,random,1.0,0,0,25,5
1361,1113,random,1.0,0,0,13,12
1362,2674,random,1.0,0,0,24,36
1363,1345,random,1.0,0,0,45,48
1364,339,random,1.0,0,0,39,6
1365,4239,random,1.0,0,0,39,31
1366,4636,random,1.0,0,0,36,8
1367,3041,random,1.0,0,0,41,12
1368,498,random,1.0,0,0,48,39
1369,1651,random,1.0,0,0,1,15
1370,2061,random,1.0,0,0,11,31
1371,632,random,1.0,0,0,32,23
1372,3789,random,1.0,0,0,39,9
1373,267,random,1.0,0,0,17,30
1374,289,random,1.0,0,0,39,27
1375,1718,random,1.0,0,0,18,2
1376,1067,random,1.0,0,0,17,27
1377,425,random,1.0,0,0,25,33
1378,3806,random,1.0,0,0,6,22
1379,1437,random,1.0,0,0,37,20
1380,2261,random,1.0,0,0,11,12
1381,4327,random,1.0,0,0,27,10
1382,4797,random,1.0,0,0,47,0
1383,879,random,1.0,0,0,29,40
1384,2015,random,1.0,0,0,15,4
1385,2914,random,1.0,0,0,14,15
1386,312,random,1.0,0,0,12,31
1387,2438,random,1.0,0,0,38,37
1388,965,random,1.0,0,0,15,36
1389,207,random,1.0,0,0,7,5
1390,2432,random,1.0,0,0,32,25
1391,2996,random,1.0,0,0,46,31
1392,1888,random,1.0,0,0,38,44
1393,1583,random,1.0,0,0,33,2
1394,982,random,1.0,0,0,32,47
1395,913,random,1.0,0,0,13,49
1396,1402,random,1.0,0,0,2,36
1397,2640,random,1.0,0,0,40,32
1398,631,random,1.0,0,0,31,18
1399,1728,random,1.0,0,0,28,17
1400,849,random,1.0,0,0,49,18
1401,4079,random,1.0,0,0,29,23
1402,1436,random,1.0,0,0,36,7
1403,1220,random,1.0,0,0,20,15
1404,1582,random,1.0,0,0,32,22
1405,1196,random,1.0,0,0,46,27
1406,483,random,1.0,0,0,33,22
1407,4312,random,1.0,0,0,12,23
1408,1934,random,1.0,0,0,34,37
1409,2173,random,1.0,0,0,23,19
1410,4544,random,1.0,0,0,44,33
1411,787,random,1.0,0,0,37,2
1412,462,random,1.0,0,0,12,49
1413,3730,random,1.0,0,0,30,44
1414,4653,random,1.0,0,0,3,23
1415,2708,random,1.0,0,0,8,32
1416,3722,random,1.0,0,0,22,43
1417,4844,random,1.0,0,0,44,10
1418,4402,random,1.0,0,0,2,5
1419,1376,random,1.0,0,0,26,17
1420,917,random,1.0,0,0,17,8
1421,3579,random,1.0,0,0,29,42
1422,2286,random,1.0,0,0,36,27
1423,545,random,1.0,0,0,45,34
1424,4813,random,1.0,0,0,13,26
1425,4376,random,1.0,0,0,26,16
1426,186,random,1.0,0,0,36,32
1427,1969,random,1.0,0,0,19,49
1428,4021,random,1.0,0,0,21,19
1429,2447,random,1.0,0,0,47,2
1430,4086,random,1.0,0,0,36,6
1431,761,random,1.0,0,0,11,30
1432,3410,random,1.0,0,0,10,21
1433,3760,random,1.0,0,0,10,12
1434,177,random,1.0,0,0,27,2
1435,2129,random,1.0,0,0,29,6
1436,1857,random,1.0,0,0,7,23
1437,1620,random,1.0,0,0,20,19
1438,1271,random,1.0,0,0,21,14
1439,733,random,1.0,0,0,33,14
1440,835,random,1.0,0,0,35,46
1441,175,random,1.0,0,0,25,34
1442,3604,random,1.0,0,0,4,24
1443,4455,random,1.0,0,0,5,40
1444,434,random,1.0,0,0,34,45
1445,2133,random,1.0,0,0,33,49
1446,3071,random,1.0,0,0,21,20
1447,4038,random,1.0,0,0,38,18
1448,2397,random,1.0,0,0,47,39
1449,355,random,1.0,0,0,5,19
1450,2298,random,1.0,0,0,48,43
1451,4170,random,1.0,0,0,20,4
1452,2995,random,1.0,0,0,45,37
1453,4574,random,1.0,0,0,24,37
1454,48,random,1.0,0,0,48,6
1455,1648,random,1.0,0,0,48,17
1456,3656,random,1.0,0,0,6,18
1457,1481,random,1.0,0,0,31,37
1458,3899,random,1.0,0,0,49,45
1459,3291,random,1.0,0,0,41,0
1460,1065,random,1.0,0,0,15,35
1461,4875,random,1.0,0,0,25,40
1462,4528,random,1.0,0,0,28,47
1463,1514,random,1.0,0,1,14,14
1464,2828,random,1.0,0,0,28,12
1465,3143,random,1.0,0,0,43,9
1466,705,random,1.0,0,0,5,26
1467,4006,random,1.0,0,0,6,17
1468,1241,random,1.0,0,0,41,26
1469,2145,random,1.0,0,0,45,19
1470,4614,random,1.0,0,0,14,45
1471,1257,random,1.0,0,0,7,31
1472,2212,random,1.0,0,0,12,6
1473,1700,random,1.0,0,0,0,12
1474,738,random,1.0,0,0,38,2
1475,2773,random,1.0,0,0,23,30
1476,2114,random,1.0,0,0,14,5
1477,2959,random,1.0,0,0,9,11
1478,3623,random,1.0,0,0,23,15
1479,3471,random,1.0,0,0,21,20
1480,4850,random,1.0,0,0,0,41
1481,4937,random,1.0,0,0,37,27
1482,2006,random,1.0,0,0,6,12
1483,1490,random,1.0,0,0,40,8
1484,510,random,1.0,0,0,10,48
1485,928,random,1.0,0,0,28,14
1486,2240,random,1.0,0,0,40,18
1487,1639,random,1.0,0,0,39,47
1488,3930,random,1.0,0,0,30,24
1489,4341,random,1.0,0,0,41,29
1490,2058,random,1.0,0,0,8,12
1491,1627,random,1.0,0,0,27,13
1492,1157,random,1.0,0,0,7,20
1493,1712,random,1.0,0,0,12,33
1494,4342,random,1.0,0,0,42,7
1495,1053,random,1.0,0,0,3,18
1496,915,random,1.0,0,0,15,4
1497,4615,random,1.0,0,0,15,34
1498,1100,random,1.0,0,0,0,4
1499,1966,random,1.0,0,0,16,37
1500,1473,random,1.0,0,0,23,0
1501,3205,random,1.0,0,0,5,31
1502,2883,random,1.0,0,0,33,41
1503,480,random,1.0,0,0,30,31
1504,3499,random,1.0,0,0,49,22
1505,4268,random,1.0,0,0,18,20
1506,3432,random,1.0,0,0,32,17
1507,2017,random,1.0,0,0,17,9
1508,2670,random,1.0,0,0,20,28
1509,3397,random,1.0,0,0,47,30
1510,4821,random,1.0,0,0,21,24
1511,3534,random,1.0,0,0,34,40
1512,2997,random,1.0,0,0,47,8
1513,3392,random,1.0,0,0,42,31
1514,4814,random,1.0,0,0,14,1
1515,3925,random,1.0,0,0,25,8
1516,4572,random,1.0,0,0,22,0
1517,2479,random,1.0,0,0,29,45
1518,4401,random,1.0,0,0,1,18
1519,3608,random,1.0,0,0,8,44
1520,762,random,1.0,0,0,12,8
1521,492,random,1.0,0,0,42,0
1522,2692,random,1.0,0,0,42,45
1523,3459,random,1.0,0,0,9,10
1524,4988,random,1.0,0,0,38,37
1525,4475,random,1.0,0,0,25,44
1526,4527,random,1.0,0,0,27,34
1527,2005,random,1.0,0,0,5,30
1528,77,random,1.0,0,0,27,10
1529,3563,random,1.0,0,0,13,31
1530,1124,random,1.0,0,0,24,29
1531,991,random,1.0,0,0,41,25
1532,4911,random,1.0,0,0,11,32
1533,1891,random,1.0,0,0,41,25
1534,4282,random,1.0,0,0,32,7
1535,2772,random,1.0,0,0,22,7
1536,1592,random,1.0,0,0,42,40
1537,4242,random,1.0,0,0,42,38
1538,2151,random,1.0,0,0,1,31
1539,4513,random,1.0,0,0,13,34
1540,2370,random,1.0,0,0,20,36
1541,3643,random,1.0,0,0,43,24
1542,424,random,1.0,0,0,24,0
1543,4620,random,1.0,0,0,20,6
1544,3829,random,1.0,0,0,29,24
1545,4570,random,1.0,0,0,20,44
1546,4690,random,1.0,0,0,40,0
1547,4951,random,1.0,0,0,1,24
1548,696,random,1.0,0,0,46,22
1549,3441,random,1.0,0,0,41,3
1550,2126,random,1.0,0,0,26,23
1551,3361,random,1.0,0,0,11,5
1552,2502,random,1.0,0,0,2,1
1553,242,random,1.0,0,0,42,33
1554,4987,random,1.0,0,0,37,33
1555,215,random,1.0,0,0,15,46
1556,3244,random,1.0,0,0,44,39
1557,231,random,1.0,0,0,31,34
1558,511,random,1.0,0,0,11,20
1559,1238,random,1.0,0,0,38,29
1560,4511,random,1.0,0,0,11,44
1561,2599,random,1.0,0,0,49,7
1562,723,random,1.0,0,0,23,42
1563,251,random,1.0,0,0,1,31
1564,4394,random,1.0,0,0,44,36
1565,582,random,1.0,0,0,32,23
1566,3307,random,1.0,0,0,7,2
1567,1449,random,1.0,0,0,49,5
1568,4575,random,1.0,0,1,25,25
1569,2579,random,1.0,0,0,29,45
1570,616,random,1.0,0,0,16,49
1571,4406,random,1.0,0,0,6,29
1572,2916,random,1.0,0,0,16,49
1573,4148,random,1.0,0,0,48,40
1574,892,random,1.0,0,0,42,20
1575,4812,random,1.0,0,0,12,31
1576,4141,random,1.0,0,0,41,33
1577,3660,random,1.0,0,0,10,22
1578,4428,random,1.0,0,0,28,42
1579,309,random,1.0,0,0,9,6
1580,3144,random,1.0,0,0,44,30
1581,1465,random,1.0,0,0,15,43
1582,3272,random,1.0,0,0,22,30
1583,2002,random,1.0,0,0,2,36
1584,4496,random,1.0,0,0,46,10
1585,2968,random,1.0,0,0,18,16
1586,3203,random,1.0,0,0,3,24
1587,4136,random,1.0,0,0,36,22
1588,1392,random,1.0,0,0,42,38
1589,4867,random,1.0,0,0,17,0
1590,2047,random,1.0,0,0,47,21
1591,3939,random,1.0,0,0,39,47
1592,2740,random,1.0,0,0,40,45
1593,3241,random,1.0,0,0,41,9
1594,1399,random,1.0,0,0,49,28
1595,4224,random,1.0,0,0,24,11
1596,463,random,1.0,0,0,13,43
1597,3302,random,1.0,0,0,2,39
1598,3572,random,1.0,0,0,22,21
1599,454,random,1.0,0,0,4,23
1600,3945,random,1.0,0,0,45,20
1601,4449,random,1.0,0,0,49,25
1602,4949,random,1.0,0,0,49,19
1603,3438,random,1.0,0,0,38,9
1604,4659,random,1.0,0,0,9,26
1605,4197,random,1.0,0,0,47,33
1606,748,random,1.0,0,0,48,39
1607,2633,random,1.0,0,0,33,43
1608,1894,random,1.0,0,0,44,30
1609,146,random,1.0,0,0,46,43
1610,2027,random,1.0,0,0,27,22
1611,1088,random,1.0,0,0,38,45
1612,885,random,1.0,0,0,35,34
1613,1026,random,1.0,0,0,26,12
1614,2601,random,1.0,0,0,1,6
1615,4784,random,1.0,0,0,34,7
1616,4351,random,1.0,0,0,1,44
1617,2330,random,1.0,0,0,30,23
1618,2614,random,1.0,0,0,14,11
1619,3969,random,1.0,0,0,19,18
1620,2719,random,1.0,0,0,19,30
1621,4151,random,1.0,0,0,1,15
1622,500,random,1.0,0,0,0,30
1623,4153,random,1.0,0,0,3,42
1624,3914,random,1.0,0,0,14,15
1625,4318,random,1.0,0,0,18,3
1626,4471,random,1.0,0,0,21,3
1627,813,random,1.0,0,0,13,27
1628,3828,random,1.0,0,0,28,2
1629,996,random,1.0,0,0,46,26
1630,1921,random,1.0,0,0,21,9
1631,92,random,1.0,0,0,42,34
1632,2602,random,1.0,0,0,2,23
1633,3127,random,1.0,0,0,27,33
1634,2023,random,1.0,0,0,23,22
1635,1682,random,1.0,0,0,32,8
1636,3488,random,1.0,0,0,38,43
1637,3418,random,1.0,0,0,18,9
1638,1143,random,1.0,0,0,43,44
1639,3347,random,1.0,0,0,47,3
1640,1692,random,1.0,0,1,42,42
1641,2368,random,1.0,0,0,18,21
1642,2676,random,1.0,0,0,26,25
1643,1043,random,1.0,0,0,43,33
1644,1589,random,1.0,0,0,39,17
1645,1988,random,1.0,0,0,38,1
1646,3720,random,1.0,0,0,20,9
1647,3374,random,1.0,0,0,24,45
1648,4767,random,1.0,0,0,17,27
1649,4539,random,1.0,0,0,39,9
1650,601,random,1.0,0,0,1,3
1651,465,random,1.0,0,0,15,30
1652,373,random,1.0,0,0,23,18
1653,4583,random,1.0,0,0,33,27
1654,3482,random,1.0,0,0,32,33
1655,1025,random,1.0,0,0,25,42
1656,708,random,1.0,0,0,8,22
1657,2481,random,1.0,0,0,31,47
1658,1914,random,1.0,0,0,14,46
1659,4963,random,1.0,0,0,13,37
1660,2034,random,1.0,0,0,34,16
1661,640,random,1.0,0,0,40,1
1662,3079,random,1.0,0,0,29,19
1663,3559,random,1.0,0,0,9,27
1664,220,random,1.0,0,0,20,35
1665,2400,random,1.0,0,0,0,45
1666,4189,random,1.0,0,0,39,29
1667,421,random,1.0,0,0,21,44
1668,2422,random,1.0,0,1,22,22
1669,3556,random,1.0,0,0,6,28
1670,3412,random,1.0,0,0,12,23
1671,1727,random,1.0,0,0,27,34
1672,3034,random,1.0,0,0,34,11
1673,3922,random,1.0,0,0,22,41
1674,715,random,1.0,0,0,15,36
1675,332,random,1.0,0,0,32,15
1676,710,random,1.0,0,0,10,0
1677,2726,random,1.0,0,0,26,27
1678,1045,random,1.0,0,0,45,5
1679,4503,random,1.0,0,0,3,4
1680,4628,random,1.0,0,0,28,22
1681,4773,random,1.0,0,0,23,29
1682,4708,random,1.0,0,0,8,39
1683,2113,random,1.0,0,0,13,42
1684,1390,random,1.0,0,0,40,32
1685,3092,random,1.0,0,0,42,2
1686,2539,random,1.0,0,0,39,46
1687,3510,random,1.0,0,0,10,3
1688,2767,random,1.0,0,0,17,33
1689,3536,random,1.0,0,0,36,2
1690,4431,random,1.0,0,0,31,38
1691,3883,random,1.0,0,0,33,45
1692,2042,random,1.0,0,0,42,46
1693,3193,random,1.0,0,0,43,14
1694,18,random,1.0,0,1,18,18
1695,3274,random,1.0,0,0,24,41
1696,488,random,1.0,0,0,38,15
1697,1188,random,1.0,0,0,38,37
1698,607,random,1.0,0,0,7,22
1699,4658,random,1.0,0,0,8,3
1700,4162,random,1.0,0,0,12,40
1701,1222,random,1.0,0,0,22,23
1702,1227,random,1.0,0,0,27,36
1703,4165,random,1.0,0,0,15,38
1704,341,random,1.0,0,1,41,41
1705,4241,random,1.0,0,0,41,4
1706,4803,random,1.0,0,0,3,34
1707,3177,random,1.0,0,0,27,5
1708,1033,random,1.0,0,0,33,28
1709,396,random,1.0,0,0,46,27
1710,4005,random,1.0,0,0,5,31
1711,3019,random,1.0,0,0,19,42
1712,4833,random,1.0,0,0,33,35
1713,551,random,1.0,0,0,1,31
1714,29,random,1.0,0,0,29,10
1715,28,random,1.0,0,0,28,23
1716,3637,random,1.0,0,0,37,9
1717,3515,random,1.0,0,0,15,39
1718,2402,random,1.0,0,0,2,44
1719,4901,random,1.0,0,0,1,28
1720,476,random,1.0,0,0,26,16
1721,435,random,1.0,0,0,35,18
1722,1060,random,1.0,0,0,10,32
1723,3988,random,1.0,0,0,38,7
1724,1854,random,1.0,0,0,4,20
1725,366,random,1.0,0,0,16,40
1726,4962,random,1.0,0,0,12,9
1727,3234,random,1.0,0,0,34,1
1728,1467,random,1.0,0,0,17,6
1729,4306,random,1.0,0,0,6,34
1730,772,random,1.0,0,0,22,12
1731,1073,random,1.0,0,0,23,37
1732,1304,random,1.0,0,0,4,40
1733,1946,random,1.0,0,0,46,10
1734,230,random,1.0,0,1,30,30
1735,1782,random,1.0,0,0,32,42
1736,4673,random,1.0,0,0,23,7
1737,810,random,1.0,0,0,10,43
1738,347,random,1.0,0,0,47,30
1739,4104,random,1.0,0,0,4,24
1740,2352,random,1.0,0,0,2,17
1741,2161,random,1.0,0,0,11,12
1742,3457,random,1.0,0,0,7,38
1743,4225,random,1.0,0,0,25,15
1744,3932,random,1.0,0,0,32,19
1745,1617,random,1.0,0,0,17,30
1746,3727,random,1.0,0,0,27,39
1747,1083,random,1.0,0,0,33,21
1748,3283,random,1.0,0,0,33,4
1749,3333,random,1.0,0,0,33,30
1750,2341,random,1.0,0,0,41,23
1751,1054,random,1.0,0,0,4,17
1752,918,random,1.0,0,0,18,29
1753,862,random,1.0,0,0,12,34
1754,2962,random,1.0,0,0,12,45
1755,554,random,1.0,0,0,4,37
1756,1985,random,1.0,0,0,35,45
1757,4231,random,1.0,0,0,31,35
1758,415,random,1.0,0,0,15,14
1759,4710,random,1.0,0,1,10,10
1760,4981,random,1.0,0,0,31,19
1761,812,random,1.0,0,0,12,13
1762,3110,random,1.0,0,0,10,34
1763,2986,random,1.0,0,0,36,9
1764,3102,random,1.0,0,0,2,1
1765,322,random,1.0,0,0,22,40
1766,3701,random,1.0,0,0,1,20
1767,670,random,1.0,0,0,20,1
1768,4717,random,1.0,0,0,17,25
1769,2831,random,1.0,0,0,31,34
1770,1328,random,1.0,0,0,28,2
1771,927,random,1.0,0,0,27,28
1772,3227,random,1.0,0,0,27,7
1773,2003,random,1.0,0,0,3,43
1774,1789,random,1.0,0,0,39,47
1775,4738,random,1.0,0,0,38,0
1776,157,random,1.0,0,0,7,31
1777,756,random,1.0,0,0,6,3
1778,2180,random,1.0,0,0,30,1
1779,4436,random,1.0,0,0,36,24
1780,1338,random,1.0,0,0,38,33
1781,479,random,1.0,0,0,29,20
1782,342,random,1.0,0,0,42,11
1783,739,random,1.0,0,0,39,20
1784,1785,random,1.0,0,0,35,25
1785,2925,random,1.0,0,0,25,0
1786,4290,random,1.0,0,0,40,42
1787,3013,random,1.0,0,0,13,16
1788,173,random,1.0,0,0,23,22
1789,3747,random,1.0,0,0,47,19
1790,4338,random,1.0,0,0,38,42
1791,3395,random,1.0,0,0,45,27
1792,2040,random,1.0,0,0,40,15
1793,3119,random,1.0,0,0,19,42
1794,2029,random,1.0,0,0,29,30
1795,2933,random,1.0,0,0,33,24
1796,4691,random,1.0,0,0,41,13
1797,3064,random,1.0,0,0,14,33
1798,249,random,1.0,0,0,49,48
1799,1405,random,1.0,0,0,5,46
1800,1982,random,1.0,0,0,32,26
1801,170,random,1.0,0,1,20,20
1802,2761,random,1.0,0,0,11,40
1803,4147,random,1.0,0,0,47,41
1804,1806,random,1.0,0,0,6,22
1805,1175,random,1.0,0,0,25,30
1806,4522,random,1.0,0,0,22,38
1807,125,random,1.0,0,0,25,44
1808,4467,random,1.0,0,0,17,22
1809,4998,random,1.0,0,0,48,2
1810,2305,random,1.0,0,0,5,14
1811,2065,random,1.0,0,0,15,40
1812,313,random,1.0,0,0,13,14
1813,1106,random,1.0,0,0,6,0
1814,3089,random,1.0,0,0,39,19
1815,3616,random,1.0,0,0,16,31
1816,461,random,1.0,0,0,11,31
1817,2907,random,1.0,0,0,7,32
1818,3902,random,1.0,0,0,2,37
1819,3306,random,1.0,0,0,6,29
1820,768,random,1.0,0,0,18,41
1821,1101,random,1.0,0,0,1,0
1822,1726,random,1.0,0,0,26,12
1823,1812,random,1.0,0,0,12,13
1824,3025,random,1.0,0,0,25,26
1825,4335,random,1.0,0,0,35,48
1826,2738,random,1.0,0,0,38,2
1827,1757,random,1.0,0,0,7,31
1828,2350,random,1.0,0,0,0,15
1829,4261,random,1.0,0,0,11,34
1830,1786,random,1.0,0,0,36,40
1831,3669,random,1.0,0,0,19,22
1832,3849,random,1.0,0,0,49,36
1833,1373,random,1.0,0,0,23,17
1834,1429,random,1.0,0,0,29,47
1835,2437,random,1.0,0,0,37,1
1836,2939,random,1.0,0,0,39,41
1837,89,random,1.0,0,0,39,24
1838,3793,random,1.0,0,0,43,16
1839,877,random,1.0,0,0,27,21
1840,3539,random,1.0,0,0,39,4
1841,2125,random,1.0,0,0,25,3
1842,4705,random,1.0,0,0,5,12
1843,4068,random,1.0,0,0,18,25
1844,2424,random,1.0,0,1,24,24
1845,4221,random,1.0,0,0,21,26
1846,3624,random,1.0,0,0,24,25
1847,2865,random,1.0,0,0,15,44
1848,2270,random,1.0,0,0,20,21
1849,2391,random,1.0,0,0,41,31
1850,4594,random,1.0,0,0,44,15
1851,4294,random,1.0,0,0,44,4
1852,2940,random,1.0,0,0,40,45
1853,567,random,1.0,0,0,17,45
1854,1770,random,1.0,0,0,20,28
1855,2271,random,1.0,0,0,21,19
1856,706,random,1.0,0,0,6,14
1857,4373,random,1.0,0,0,23,37
1858,2504,random,1.0,0,0,4,26
1859,2514,random,1.0,0,0,14,0
1860,902,random,1.0,0,0,2,10
1861,3944,random,1.0,0,0,44,31
1862,4308,random,1.0,0,0,8,24
1863,2820,random,1.0,0,0,20,9
1864,3408,random,1.0,0,0,8,47
1865,4854,random,1.0,0,0,4,5
1866,428,random,1.0,0,0,28,48
1867,2008,random,1.0,0,0,8,0
1868,1635,random,1.0,0,0,35,32
1869,3678,random,1.0,0,0,28,32
1870,1738,random,1.0,0,0,38,47
1871,1551,random,1.0,0,0,1,11
1872,2629,random,1.0,0,0,29,48
1873,147,random,1.0,0,0,47,11
1874,1992,random,1.0,0,0,42,4
1875,2661,random,1.0,0,0,11,19
1876,873,random,1.0,0,0,23,46
1877,4617,random,1.0,0,0,17,14
1878,4115,random,1.0,0,0,15,24
1879,4873,random,1.0,0,0,23,43
1880,3214,random,1.0,0,0,14,34
1881,622,random,1.0,0,0,22,36
1882,4254,random,1.0,0,0,4,9
1883,4479,random,1.0,0,0,29,7
1884,2296,random,1.0,0,0,46,28
1885,1226,random,1.0,0,0,26,23
1886,357,random,1.0,0,1,7,7
1887,4505,random,1.0,0,0,5,12
1888,4344,random,1.0,0,0,44,35
1889,993,random,1.0,0,0,43,5
1890,3950,random,1.0,0,0,0,7
1891,1825,random,1.0,0,0,25,35
1892,2587,random,1.0,0,0,37,44
1893,2559,random,1.0,0,0,9,19
1894,3980,random,1.0,0,0,30,29
1895,402,random,1.0,0,0,2,8
1896,1855,random,1.0,0,0,5,21
1897,3052,random,1.0,0,0,2,10
1898,395,random,1.0,0,0,45,33
1899,3746,random,1.0,0,0,46,37
1900,2888,random,1.0,0,0,38,10
1901,3693,random,1.0,0,0,43,6
1902,320,random,1.0,0,0,20,23
1903,3490,random,1.0,0,0,40,49
1904,1781,random,1.0,0,0,31,29
1905,581,random,1.0,0,0,31,38
1906,4829,random,1.0,0,0,29,32
1907,4577,random,1.0,0,0,27,28
1908,1655,random,1.0,0,0,5,25
1909,1104,random,1.0,0,0,4,43
1910,3305,random,1.0,0,0,5,38
1911,3106,random,1.0,0,0,6,28
1912,1141,random,1.0,0,1,41,41
1913,3973,random,1.0,0,0,23,38
1914,196,random,1.0,0,0,46,44
1915,3258,random,1.0,0,0,8,47
1916,3550,random,1.0,0,0,0,45
1917,1525,random,1.0,0,1,25,25
1918,4121,random,1.0,0,0,21,39
1919,3598,random,1.0,0,0,48,7
1920,4680,random,1.0,0,0,30,48
1921,3409,random,1.0,0,0,9,47
1922,1612,random,1.0,0,0,12,35
1923,4226,random,1.0,0,0,26,10
1924,4684,random,1.0,0,0,34,13
1925,1557,random,1.0,0,0,7,31
1926,1011,random,1.0,0,0,11,27
1927,2884,random,1.0,0,0,34,47
1928,984,random,1.0,0,0,34,30
1929,4403,random,1.0,0,0,3,24
1930,4320,random,1.0,0,0,20,39
1931,677,random,1.0,0,0,27,10
1932,2049,random,1.0,0,0,49,41
1933,559,random,1.0,0,0,9,40
1934,687,random,1.0,0,0,37,10
1935,2185,random,1.0,0,0,35,0
1936,3040,random,1.0,0,0,40,42
1937,4656,random,1.0,0,0,6,17
1938,4641,random,1.0,0,0,41,44
1939,2924,random,1.0,0,0,24,7
1940,3230,random,1.0,0,0,30,36
1941,4643,random,1.0,0,0,43,14
1942,2211,random,1.0,0,0,11,29
1943,2289,random,1.0,0,0,39,46
1944,4048,random,1.0,0,0,48,7
1945,3043,random,1.0,0,0,43,40
1946,2410,random,1.0,0,0,10,40
1947,4255,random,1.0,0,0,5,21
1948,3381,random,1.0,0,0,31,19
1949,3962,random,1.0,0,0,12,2
1950,1779,random,1.0,0,0,29,36
1951,151,random,1.0,0,1,1,1
1952,2269,random,1.0,0,0,19,11
1953,3675,random,1.0,0,0,25,31
1954,137,random,1.0,0,0,37,22
1955,3132,random,1.0,0,0,32,14
1956,4798,random,1.0,0,0,48,21
1957,1903,random,1.0,0,0,3,40
1958,2850,random,1.0,0,0,0,8
1959,1277,random,1.0,0,0,27,49
1960,4940,random,1.0,0,0,40,13
1961,3015,random,1.0,0,0,15,31
1962,4732,random,1.0,0,0,32,47
1963,4157,random,1.0,0,0,7,16
1964,319,random,1.0,0,0,19,23
1965,525,random,1.0,0,0,25,15
1966,737,random,1.0,0,0,37,47
1967,1798,random,1.0,0,0,48,49
1968,2166,random,1.0,0,0,16,19
1969,1699,random,1.0,0,0,49,8
1970,3437,random,1.0,0,0,37,26
1971,3191,random,1.0,0,0,41,15
1972,4561,random,1.0,0,0,11,32
1973,3245,random,1.0,0,0,45,11
1974,1784,random,1.0,0,0,34,35
1975,2527,random,1.0,0,0,27,25
1976,2283,random,1.0,0,0,33,8
1977,2257,random,1.0,0,0,7,23
1978,2951,random,1.0,0,0,1,9
1979,3518,random,1.0,0,0,18,7
1980,237,random,1.0,0,1,37,37
1981,443,random,1.0,0,0,43,29
1982,2926,random,1.0,0,0,26,9
1983,713,random,1.0,0,0,13,48
1984,3880,random,1.0,0,0,30,48
1985,495,random,1.0,0,0,45,35
1986,2821,random,1.0,0,0,21,11
1987,4325,random,1.0,0,0,25,5
1988,1801,random,1.0,0,0,1,20
1989,2086,random,1.0,0,0,36,38
1990,3045,random,1.0,0,0,45,43
1991,1439,random,1.0,0,0,39,33
1992,4904,random,1.0,0,0,4,38
1993,1643,random,1.0,0,1,43,43
1994,2880,random,1.0,0,0,30,48
1995,4816,random,1.0,0,0,16,1
1996,3517,random,1.0,0,0,17,22
1997,1485,random,1.0,0,0,35,28
1998,418,random,1.0,0,0,18,15
1999,4039,random,1.0,0,0,39,6
2000,73,random,1.0,0,0,23,10
2001,441,random,1.0,0,0,41,2
2002,2936,random,1.0,0,0,36,43
2003,2993,random,1.0,0,0,43,5
2004,2077,random,1.0,0,0,27,49
2005,1730,random,1.0,0,0,30,22
2006,4262,random,1.0,0,0,12,20
2007,4244,random,1.0,0,0,44,0
2008,1050,random,1.0,0,0,0,25
2009,3670,random,1.0,0,0,20,10
2010,3233,random,1.0,0,0,33,26
2011,3752,random,1.0,0,1,2,2
2012,2244,random,1.0,0,0,44,11
2013,3294,random,1.0,0,0,44,20
2014,693,random,1.0,0,0,43,32
2015,1404,random,1.0,0,0,4,32
2016,2533,random,1.0,0,0,33,38
2017,1309,random,1.0,0,0,9,28
2018,3650,random,1.0,0,0,0,8
2019,3835,random,1.0,0,0,35,25
2020,1353,random,1.0,0,0,3,40
2021,3823,random,1.0,0,0,23,13
2022,3794,random,1.0,0,0,44,9
2023,372,random,1.0,0,0,22,27
2024,1637,random,1.0,0,0,37,18
2025,1767,random,1.0,0,0,17,20
2026,153,random,1.0,0,0,3,17
2027,422,random,1.0,0,0,22,43
2028,3891,random,1.0,0,0,41,24
2029,4180,random,1.0,0,0,30,45
2030,844,random,1.0,0,0,44,21
2031,4992,random,1.0,0,0,42,25
2032,3913,random,1.0,0,0,13,28
2033,2353,random,1.0,0,0,3,20
2034,216,random,1.0,0,0,16,4
2035,3861,random,1.0,0,0,11,8
2036,1260,random,1.0,0,0,10,12
2037,541,random,1.0,0,0,41,45
2038,1215,random,1.0,0,0,15,3
2039,2097,random,1.0,0,0,47,3
2040,3265,random,1.0,0,0,15,47
2041,30,random,1.0,0,1,30,30
2042,4896,random,1.0,0,0,46,39
2043,1864,random,1.0,0,0,14,8
2044,3512,random,1.0,0,0,12,13
2045,1341,random,1.0,0,0,41,0
2046,3125,random,1.0,0,0,25,13
2047,221,random,1.0,0,0,21,31
2048,3703,random,1.0,0,0,3,45
2049,291,random,1.0,0,0,41,46
2050,1411,random,1.0,0,0,11,37
2051,2206,random,1.0,0,0,6,29
2052,4067,random,1.0,0,0,17,28
2053,2233,random,1.0,0,0,33,38
2054,1361,random,1.0,0,0,11,13
2055,1248,random,1.0,0,0,48,28
2056,4385,random,1.0,0,0,35,47
2057,2507,random,1.0,0,0,7,30
2058,1762,random,1.0,0,0,12,10
2059,1,random,1.0,0,0,1,33
2060,3916,random,1.0,0,0,16,34
2061,3131,random,1.0,0,0,31,28
2062,1110,random,1.0,0,0,10,9
2063,2108,random,1.0,0,0,8,40
2064,4661,random,1.0,0,0,11,12
2065,1340,random,1.0,0,0,40,25
2066,1986,random,1.0,0,0,36,21
2067,4114,random,1.0,0,0,14,9
2068,2105,random,1.0,0,0,5,45
2069,3755,random,1.0,0,0,5,35
2070,3338,random,1.0,0,0,38,28
2071,3020,random,1.0,0,0,20,11
2072,2690,random,1.0,0,0,40,42
2073,1077,random,1.0,0,0,27,20
2074,69,random,1.0,0,0,19,22
2075,2238,random,1.0,0,0,38,4
2076,692,random,1.0,0,0,42,12
2077,4899,random,1.0,0,0,49,20
2078,3210,random,1.0,0,0,10,2
2079,3709,random,1.0,0,0,9,44
2080,2159,random,1.0,0,0,9,39
2081,1251,random,1.0,0,0,1,34
2082,1440,random,1.0,0,0,40,35
2083,1476,random,1.0,0,0,26,14
2084,4876,random,1.0,0,0,26,10
2085,2516,random,1.0,0,0,16,19
2086,3688,random,1.0,0,0,38,32
2087,1069,random,1.0,0,0,19,40
2088,4683,random,1.0,0,0,33,39
2089,3564,random,1.0,0,0,14,0
2090,3843,random,1.0,0,0,43,13
2091,1873,random,1.0,0,0,23,47
2092,1542,random,1.0,0,0,42,24
2093,4801,random,1.0,0,0,1,18
2094,1869,random,1.0,0,0,19,28
2095,3169,random,1.0,0,0,19,13
2096,4610,random,1.0,0,0,10,45
2097,3,random,1.0,0,0,3,25
2098,1274,random,1.0,0,0,24,6
2099,2171,random,1.0,0,0,21,10
2100,1698,random,1.0,0,0,48,7
2101,3520,random,1.0,0,0,20,40
2102,649,random,1.0,0,0,49,44
2103,2072,random,1.0,0,0,22,40
2104,4663,random,1.0,0,0,13,3
2105,4495,random,1.0,0,0,45,7
2106,4626,random,1.0,0,0,26,39
2107,1348,random,1.0,0,0,48,20
2108,1940,random,1.0,0,0,40,30
2109,3938,random,1.0,0,0,38,8
2110,2381,random,1.0,0,0,31,48
2111,1283,random,1.0,0,0,33,32
2112,3966,random,1.0,0,0,16,30
2113,3192,random,1.0,0,0,42,24
2114,4905,random,1.0,0,0,5,28
2115,3817,random,1.0,0,0,17,28
2116,1773,random,1.0,0,0,23,3
2117,1998,random,1.0,0,0,48,18
2118,2564,random,1.0,0,0,14,41
2119,3073,random,1.0,0,0,23,39
2120,1355,random,1.0,0,0,5,31
2121,3745,random,1.0,0,0,45,3
2122,282,random,1.0,0,0,32,29
2123,2774,random,1.0,0,0,24,28
2124,4050,random,1.0,0,0,0,29
2125,1703,random,1.0,0,0,3,15
2126,2123,random,1.0,0,0,23,24
2127,3640,random,1.0,0,0,40,12
2128,3659,random,1.0,0,0,9,26
2129,4056,random,1.0,0,0,6,23
2130,3805,random,1.0,0,0,5,43
2131,2471,random,1.0,0,0,21,18
2132,1128,random,1.0,0,0,28,36
2133,2749,random,1.0,0,0,49,13
2134,2786,random,1.0,0,0,36,12
2135,2342,random,1.0,0,0,42,26
2136,1064,random,1.0,0,0,14,25
2137,1948,random,1.0,0,0,48,31
2138,1763,random,1.0,0,0,13,36
2139,4547,random,1.0,0,0,47,28
2140,4374,random,1.0,0,0,24,2
2141,209,random,1.0,0,0,9,45
2142,1263,random,1.0,0,0,13,35
2143,1575,random,1.0,0,0,25,12
2144,113,random,1.0,0,0,13,26
2145,219,random,1.0,0,1,19,19
2146,4450,random,1.0,0,0,0,16
2147,155,random,1.0,0,0,5,43
2148,4422,random,1.0,0,0,22,9
2149,4542,random,1.0,0,0,42,30
2150,4509,random,1.0,0,0,9,16
2151,2981,random,1.0,0,0,31,4
2152,1598,random,1.0,0,0,48,22
2153,4736,random,1.0,0,0,36,35
2154,1078,random,1.0,0,0,28,33
2155,3385,random,1.0,0,0,35,39
2156,2382,random,1.0,0,0,32,10
2157,992,random,1.0,0,0,42,14
2158,2654,random,1.0,0,0,4,24
2159,1689,random,1.0,0,0,39,36
2160,412,random,1.0,0,1,12,12
2161,4362,random,1.0,0,0,12,9
2162,1161,random,1.0,0,0,11,35
2163,2920,random,1.0,0,0,20,35
2164,2363,random,1.0,0,0,13,4
2165,472,random,1.0,0,1,22,22
2166,2819,random,1.0,0,0,19,12
2167,4028,random,1.0,0,0,28,29
2168,1293,random,1.0,0,0,43,5
2169,3638,random,1.0,0,0,38,28
2170,1691,random,1.0,0,0,41,33
2171,3010,random,1.0,0,0,10,16
2172,2084,random,1.0,0,0,34,26
2173,4519,random,1.0,0,0,19,1
2174,1314,random,1.0,0,0,14,48
2175,4095,random,1.0,0,0,45,27
2176,1290,random,1.0,0,0,40,8
2177,1075,random,1.0,0,0,25,33
2178,3581,random,1.0,0,0,31,7
2179,2663,random,1.0,0,0,13,15
2180,4551,random,1.0,0,0,1,27
2181,1761,random,1.0,0,0,11,12
2182,1272,random,1.0,0,0,22,0
2183,837,random,1.0,0,0,37,12
2184,2204,random,1.0,0,0,4,37
2185,2950,random,1.0,0,0,0,48
2186,263,random,1.0,0,0,13,49
2187,3934,random,1.0,0,0,34,17
2188,3068,random,1.0,0,0,18,8
2189,1529,random,1.0,0,0,29,13
2190,4543,random,1.0,0,0,43,7
2191,3814,random,1.0,0,0,14,26
2192,513,random,1.0,0,0,13,49
2193,2954,random,1.0,0,0,4,30
2194,3813,random,1.0,0,0,13,1
2195,972,random,1.0,0,0,22,16
2196,1342,random,1.0,0,0,42,9
2197,974,random,1.0,0,0,24,43
2198,405,random,1.0,0,0,5,46
2199,4293,random,1.0,0,0,43,12
2200,2779,random,1.0,0,0,29,38
2201,3389,random,1.0,0,0,39,27
2202,4034,random,1.0,0,0,34,47
2203,4765,random,1.0,0,0,15,47
2204,3387,random,1.0,0,0,37,3
2205,3702,random,1.0,0,0,2,41
2206,1929,random,1.0,0,0,29,3
2207,552,random,1.0,0,0,2,25
2208,2927,random,1.0,0,0,27,24
2209,3726,random,1.0,0,0,26,16
2210,1994,random,1.0,0,0,44,30
2211,4029,random,1.0,0,0,29,33
2212,3156,random,1.0,0,0,6,7
2213,1421,random,1.0,0,0,21,29
2214,4634,random,1.0,0,0,34,20
2215,874,random,1.0,0,0,24,29
2216,586,random,1.0,0,0,36,2
2217,2172,random,1.0,0,0,22,34
2218,3218,random,1.0,0,0,18,22
2219,1922,random,1.0,0,0,22,12
2220,4637,random,1.0,0,0,37,46
2221,3951,random,1.0,0,0,1,49
2222,4223,random,1.0,0,0,23,14
2223,893,random,1.0,0,0,43,19
2224,2521,random,1.0,0,0,21,45
2225,2057,random,1.0,0,1,7,7
2226,4234,random,1.0,0,0,34,23
2227,4759,random,1.0,0,0,9,42
2228,2465,random,1.0,0,0,15,21
2229,3049,random,1.0,0,0,49,12
2230,2272,random,1.0,0,1,22,22
2231,1057,random,1.0,0,0,7,8
2232,64,random,1.0,0,0,14,27
2233,3888,random,1.0,0,0,38,43
2234,241,random,1.0,0,0,41,4
2235,1870,random,1.0,0,0,20,38
2236,3285,random,1.0,0,0,35,33
2237,1279,random,1.0,0,0,29,42
2238,4654,random,1.0,0,0,4,14
2239,4632,random,1.0,0,0,32,15
2240,1618,random,1.0,0,0,18,14
2241,4970,random,1.0,0,0,20,8
2242,2980,random,1.0,0,0,30,18
2243,2899,random,1.0,0,0,49,44
2244,1511,random,1.0,0,0,11,34
2245,1472,random,1.0,0,0,22,12
2246,119,random,1.0,0,0,19,36
2247,436,random,1.0,0,0,36,22
2248,1706,random,1.0,0,0,6,3
2249,4200,random,1.0,0,0,0,9
2250,823,random,1.0,0,0,23,2
2251,2595,random,1.0,0,0,45,48
2252,2415,random,1.0,0,0,15,9
2253,2600,random,1.0,0,0,0,39
2254,3967,random,1.0,0,0,17,28
2255,3990,random,1.0,0,0,40,20
2256,87,random,1.0,0,0,37,31
2257,523,random,1.0,0,0,23,9
2258,3048,random,1.0,0,0,48,42
2259,3280,random,1.0,0,0,30,9
2260,3507,random,1.0,0,0,7,24
2261,1212,random,1.0,0,0,12,15
2262,2618,random,1.0,0,0,18,48
2263,370,random,1.0,0,0,20,33
2264,1690,random,1.0,0,0,40,31
2265,2186,random,1.0,0,0,36,13
2266,4500,random,1.0,0,0,0,6
2267,3541,random,1.0,0,0,41,30
2268,2388,random,1.0,0,0,38,27
2269,961,random,1.0,0,0,11,47
2270,1771,random,1.0,0,0,21,27
2271,3269,random,1.0,0,0,19,40
2272,4472,random,1.0,0,0,22,26
2273,3881,random,1.0,0,0,31,34
2274,486,random,1.0,0,0,36,25
2275,413,random,1.0,0,0,13,28
2276,3661,random,1.0,0,0,11,36
2277,3346,random,1.0,0,0,46,38
2278,4283,random,1.0,0,0,33,13
2279,4324,random,1.0,0,0,24,47
2280,1646,random,1.0,0,0,46,20
2281,4786,random,1.0,0,0,36,7
2282,2280,random,1.0,0,0,30,46
2283,4508,random,1.0,0,0,8,38
2284,2867,random,1.0,0,0,17,13
2285,4420,random,1.0,0,0,20,36
2286,4027,random,1.0,0,0,27,5
2287,1964,random,1.0,0,0,14,19
2288,4443,random,1.0,0,0,43,19
2289,946,random,1.0,0,0,46,20
2290,1333,random,1.0,0,0,33,11
2291,2795,random,1.0,0,0,45,30
2292,4071,random,1.0,0,0,21,40
2293,843,random,1.0,0,0,43,47
2294,826,random,1.0,0,0,26,4
2295,1989,random,1.0,0,0,39,36
2296,3278,random,1.0,0,0,28,3
2297,841,random,1.0,0,0,41,35
2298,4243,random,1.0,0,0,43,47
2299,67,random,1.0,0,0,17,35
2300,1561,random,1.0,0,0,11,49
2301,1594,random,1.0,0,0,44,49
2302,1673,random,1.0,0,0,23,22
2303,4982,random,1.0,0,1,32,32
2304,1487,random,1.0,0,0,37,39
2305,1014,random,1.0,0,0,14,22
2306,2154,random,1.0,0,0,4,28
2307,3491,random,1.0,0,0,41,35
2308,4912,random,1.0,0,0,12,5
2309,4247,random,1.0,0,0,47,0
2310,2843,random,1.0,0,0,43,35
2311,232,random,1.0,0,0,32,10
2312,847,random,1.0,0,0,47,9
2313,1407,random,1.0,0,0,7,12
2314,543,random,1.0,0,0,43,22
2315,4411,random,1.0,0,0,11,23
2316,859,random,1.0,0,0,9,15
2317,911,random,1.0,0,0,11,20
2318,3055,random,1.0,0,0,5,0
2319,4089,random,1.0,0,0,39,17
2320,2898,random,1.0,0,1,48,48
2321,2732,random,1.0,0,0,32,49
2322,1262,random,1.0,0,0,12,1
2323,4099,random,1.0,0,0,49,12
2324,3304,random,1.0,0,0,4,3
2325,1385,random,1.0,0,0,35,14
2326,611,random,1.0,0,0,11,22
2327,4205,random,1.0,0,0,5,38
2328,469,random,1.0,0,0,19,33
2329,1004,random,1.0,0,0,4,32
2330,2073,random,1.0,0,0,23,27
2331,4820,random,1.0,0,0,20,35
2332,2938,random,1.0,0,0,38,10
2333,742,random,1.0,0,0,42,21
2334,1020,random,1.0,0,0,20,14
2335,947,random,1.0,0,0,47,1
2336,2131,random,1.0,0,0,31,21
2337,2376,random,1.0,0,0,26,43
2338,4560,random,1.0,0,0,10,32
2339,789,random,1.0,0,0,39,46
2340,1919,random,1.0,0,0,19,48
2341,123,random,1.0,0,0,23,29
2342,1776,random,1.0,0,0,26,7
2343,1018,random,1.0,0,0,18,35
2344,1826,random,1.0,0,0,26,38
2345,4525,random,1.0,0,0,25,3
2346,4934,random,1.0,0,0,34,29
2347,4843,random,1.0,0,0,43,36
2348,4323,random,1.0,0,0,23,26
2349,2998,random,1.0,0,0,48,7
2350,4265,random,1.0,0,0,15,35
2351,942,random,1.0,0,0,42,21
2352,4517,random,1.0,0,0,17,13
2353,120,random,1.0,0,0,20,0
2354,780,random,1.0,0,0,30,47
2355,3586,random,1.0,0,0,36,21
2356,4920,random,1.0,0,0,20,44
2357,2217,random,1.0,0,0,17,22
2358,41,random,1.0,0,0,41,10
2359,331,random,1.0,0,0,31,47
2360,15,random,1.0,0,0,15,25
2361,283,random,1.0,0,0,33,49
2362,2445,random,1.0,0,0,45,11
2363,1504,random,1.0,0,0,4,49
2364,3885,random,1.0,0,0,35,6
2365,4118,random,1.0,0,0,18,46
2366,2566,random,1.0,0,0,16,10
2367,1632,random,1.0,0,0,32,2
2368,2721,random,1.0,0,0,21,33
2369,3842,random,1.0,0,0,42,47
2370,936,random,1.0,0,0,36,46
2371,2655,random,1.0,0,0,5,49
2372,288,random,1.0,0,0,38,33
2373,163,random,1.0,0,1,13,13
2374,496,random,1.0,0,0,46,45
2375,803,random,1.0,0,0,3,19
2376,2493,random,1.0,0,0,43,8
2377,94,random,1.0,0,0,44,47
2378,2285,random,1.0,0,0,35,20
2379,1062,random,1.0,0,0,12,6
2380,83,random,1.0,0,0,33,1
2381,1548,random,1.0,0,0,48,46
2382,3360,random,1.0,0,0,10,46
2383,2480,random,1.0,0,0,30,31
2384,2681,random,1.0,0,0,31,32
2385,2543,random,1.0,0,0,43,44
2386,271,random,1.0,0,0,21,35
2387,1205,random,1.0,0,0,5,28
2388,1027,random,1.0,0,0,27,43
2389,1968,random,1.0,0,0,18,16
2390,1842,random,1.0,0,0,42,5
2391,3831,random,1.0,0,0,31,4
2392,3167,random,1.0,0,0,17,24
2393,3250,random,1.0,0,0,0,47
2394,4902,random,1.0,0,0,2,5
2395,4815,random,1.0,0,0,15,45
2396,2448,random,1.0,0,0,48,21
2397,4139,random,1.0,0,0,39,1
2398,2367,random,1.0,0,0,17,32
2399,3479,random,1.0,0,0,29,34
2400,3845,random,1.0,0,0,45,47
2401,3808,random,1.0,0,0,8,42
2402,994,random,1.0,0,0,44,14
2403,1819,random,1.0,0,0,19,6
2404,796,random,1.0,0,0,46,20
2405,2004,random,1.0,0,0,4,27
2406,3671,random,1.0,0,1,21,21
2407,3531,random,1.0,0,0,31,16
2408,3886,random,1.0,0,0,36,33
2409,807,random,1.0,0,0,7,36
2410,4790,random,1.0,0,0,40,13
2411,4895,random,1.0,0,0,45,14
2412,2135,random,1.0,0,0,35,42
2413,2092,random,1.0,0,1,42,42
2414,406,random,1.0,0,0,6,33
2415,4859,random,1.0,0,0,9,33
2416,199,random,1.0,0,0,49,0
2417,4203,random,1.0,0,0,3,16
2418,1792,random,1.0,0,0,42,40
2419,274,random,1.0,0,0,24,45
2420,2325,random,1.0,0,0,25,35
2421,2205,random,1.0,0,0,5,2
2422,1722,random,1.0,0,0,22,10
2423,487,random,1.0,0,0,37,10
2424,2974,random,1.0,0,0,24,16
2425,2802,random,1.0,0,0,2,21
2426,2111,random,1.0,0,0,11,33
2427,920,random,1.0,0,0,20,15
2428,4657,random,1.0,0,0,7,10
2429,379,random,1.0,0,0,29,13
2430,2147,random,1.0,0,0,47,5
2431,4370,random,1.0,0,0,20,45
2432,825,random,1.0,0,0,25,46
2433,2742,random,1.0,0,0,42,24
2434,2781,random,1.0,0,0,31,27
2435,4768,random,1.0,0,0,18,47
2436,3959,random,1.0,0,0,9,13
2437,3201,random,1.0,0,0,1,25
2438,1187,random,1.0,0,0,37,30
2439,1647,random,1.0,0,0,47,24
2440,702,random,1.0,0,0,2,10
2441,2274,random,1.0,0,0,24,36
2442,2755,random,1.0,0,0,5,39
2443,2976,random,1.0,0,0,26,2
2444,793,random,1.0,0,0,43,5
2445,1611,random,1.0,0,0,11,38
2446,4040,random,1.0,0,0,40,23
2447,652,random,1.0,0,0,2,32
2448,4521,random,1.0,0,0,21,9
2449,1120,random,1.0,0,0,20,47
2450,2770,random,1.0,0,0,20,10
2451,1339,random,1.0,0,0,39,43
2452,2094,random,1.0,0,0,44,19
2453,1628,random,1.0,0,1,28,28
2454,3784,random,1.0,0,0,34,26
2455,2216,random,1.0,0,0,16,36
2456,556,random,1.0,0,0,6,24
2457,3451,random,1.0,0,0,1,18
2458,4167,random,1.0,0,0,17,28
2459,4465,random,1.0,0,0,15,10
2460,1003,random,1.0,0,0,3,44
2461,2054,random,1.0,0,0,4,11
2462,3565,random,1.0,0,0,15,26
2463,473,random,1.0,0,0,23,43
2464,3771,random,1.0,0,0,21,3
2465,3021,random,1.0,0,0,21,47
2466,2203,random,1.0,0,0,3,15
2467,3421,random,1.0,0,0,21,19
2468,4800,random,1.0,0,0,0,9
2469,1833,random,1.0,0,0,33,23
2470,2404,random,1.0,0,0,4,46
2471,168,random,1.0,0,0,18,32
2472,3498,random,1.0,0,0,48,45
2473,4928,random,1.0,0,0,28,18
2474,2497,random,1.0,0,0,47,3
2475,701,random,1.0,0,0,1,10
2476,4008,random,1.0,0,0,8,3
2477,3514,random,1.0,0,0,14,29
2478,4869,random,1.0,0,0,19,28
2479,2345,random,1.0,0,0,45,25
2480,1331,random,1.0,0,0,31,16
2481,3297,random,1.0,0,0,47,5
2482,1696,random,1.0,0,0,46,38
2483,845,random,1.0,0,0,45,44
2484,2194,random,1.0,0,0,44,13
2485,1723,random,1.0,0,0,23,38
2486,4664,random,1.0,0,0,14,27
2487,4333,random,1.0,0,0,33,4
2488,3266,random,1.0,0,0,16,17
2489,3935,random,1.0,0,0,35,12
2490,1936,random,1.0,0,0,36,40
2491,2441,random,1.0,0,0,41,24
2492,1750,random,1.0,0,0,0,41
2493,4158,random,1.0,0,1,8,8
2494,3247,random,1.0,0,0,47,16
2495,4918,random,1.0,0,0,18,47
2496,2975,random,1.0,0,0,25,7
2497,3353,random,1.0,0,0,3,9
2498,4264,random,1.0,0,0,14,37
2499,2045,random,1.0,0,0,45,41
2500,4871,random,1.0,0,0,21,45
2501,3955,random,1.0,0,0,5,41
2502,3301,random,1.0,0,0,1,40
2503,2127,random,1.0,0,0,27,40
2504,526,random,1.0,0,0,26,31
2505,771,random,1.0,0,0,21,3
2506,4309,random,1.0,0,0,9,49
2507,4030,random,1.0,0,0,30,35
2508,2620,random,1.0,0,0,20,15
2509,3791,random,1.0,0,0,41,27
2510,4828,random,1.0,0,0,28,25
2511,985,random,1.0,0,0,35,34
2512,1047,random,1.0,0,0,47,15
2513,3904,random,1.0,0,0,4,40
2514,3100,random,1.0,0,0,0,9
2515,26,random,1.0,0,0,26,25
2516,3769,random,1.0,0,0,19,42
2517,784,random,1.0,0,0,34,6
2518,3469,random,1.0,0,0,19,42
2519,3676,random,1.0,0,0,26,19
2520,1264,random,1.0,0,0,14,29
2521,4645,random,1.0,0,0,45,9
2522,1265,random,1.0,0,0,15,24
2523,1038,random,1.0,0,0,38,14
2524,4932,random,1.0,0,0,32,8
2525,2511,random,1.0,0,0,11,35
2526,165,random,1.0,0,0,15,32
2527,3875,random,1.0,0,0,25,41
2528,296,random,1.0,0,0,46,29
2529,1517,random,1.0,0,0,17,29
2530,2741,random,1.0,0,0,41,39
2531,4392,random,1.0,0,0,42,15
2532,3588,random,1.0,0,0,38,31
2533,538,random,1.0,0,0,38,27
2534,4536,random,1.0,0,0,36,4
2535,109,random,1.0,0,0,9,38
2536,2759,random,1.0,0,0,9,41
2537,2326,random,1.0,0,0,26,11
2538,872,random,1.0,0,0,22,6
2539,2596,random,1.0,0,0,46,34
2540,1066,random,1.0,0,0,16,14
2541,3243,random,1.0,0,0,43,32
2542,3369,random,1.0,0,0,19,10
2543,344,random,1.0,0,0,44,25
2544,3535,random,1.0,0,0,35,26
2545,3271,random,1.0,0,0,21,48
2546,1875,random,1.0,0,0,25,11
2547,3118,random,1.0,0,0,18,41
2548,2475,random,1.0,0,0,25,1
2549,1537,random,1.0,0,0,37,42
2550,1086,random,1.0,0,0,36,27
2551,4423,random,1.0,0,0,23,26
2552,1731,random,1.0,0,0,31,23
2553,266,random,1.0,0,0,16,39
2554,3982,random,1.0,0,0,32,40
2555,2473,random,1.0,0,0,23,28
2556,3104,random,1.0,0,0,4,46
2557,3356,random,1.0,0,0,6,39
2558,1976,random,1.0,0,0,26,33
2559,4169,random,1.0,0,0,19,23
2560,3396,random,1.0,0,0,46,26
2561,3840,random,1.0,0,0,40,37
2562,166,random,1.0,0,0,16,10
2563,2460,random,1.0,0,0,10,3
2564,4291,random,1.0,0,0,41,21
2565,2892,random,1.0,0,1,42,42
2566,4910,random,1.0,0,0,10,34
2567,392,random,1.0,0,0,42,32
2568,766,random,1.0,0,1,16,16
2569,4612,random,1.0,0,0,12,0
2570,253,random,1.0,0,0,3,43
2571,4211,random,1.0,0,0,11,18
2572,3818,random,1.0,0,0,18,11
2573,2758,random,1.0,0,0,8,39
2574,4192,random,1.0,0,0,42,6
2575,2849,random,1.0,0,0,49,44
2576,2284,random,1.0,0,0,34,17
2577,785,random,1.0,0,0,35,27
2578,3774,random,1.0,0,0,24,41
2579,2395,random,1.0,0,0,45,15
2580,3042,random,1.0,0,0,42,22
2581,629,random,1.0,0,0,29,38
2582,3495,random,1.0,0,0,45,21
2583,4207,random,1.0,0,0,7,13
2584,532,random,1.0,0,0,32,41
2585,4140,random,1.0,0,0,40,37
2586,2026,random,1.0,0,0,26,3
2587,1944,random,1.0,0,0,44,48
2588,2906,random,1.0,0,0,6,13
2589,3287,random,1.0,0,0,37,3
2590,565,random,1.0,0,0,15,40
2591,897,random,1.0,0,0,47,9
2592,1237,random,1.0,0,0,37,17
2593,3267,random,1.0,0,0,17,31
2594,3605,random,1.0,0,0,5,0
2595,848,random,1.0,0,0,48,10
2596,2484,random,1.0,0,0,34,44
2597,2439,random,1.0,0,0,39,47
2598,776,random,1.0,0,0,26,27
2599,1207,random,1.0,0,0,7,14
2600,1289,random,1.0,0,0,39,42
2601,1406,random,1.0,0,0,6,33
2602,1823,random,1.0,0,0,23,12
2603,2188,random,1.0,0,0,38,18
2604,448,random,1.0,0,0,48,33
2605,3078,random,1.0,0,0,28,27
2606,2611,random,1.0,0,0,11,23
2607,2711,random,1.0,0,0,11,2
2608,4933,random,1.0,0,0,33,27
2609,3936,random,1.0,0,0,36,8
2610,1396,random,1.0,0,0,46,2
2611,1223,random,1.0,0,0,23,7
2612,2702,random,1.0,0,0,2,40
2613,2823,random,1.0,0,0,23,8
2614,1461,random,1.0,0,0,11,25
2615,3717,random,1.0,0,0,17,36
2616,1178,random,1.0,0,0,28,45
2617,818,random,1.0,0,0,18,8
2618,798,random,1.0,0,0,48,7
2619,2456,random,1.0,0,1,6,6
2620,3415,random,1.0,0,0,15,35
2621,2469,random,1.0,0,0,19,33
2622,4693,random,1.0,0,0,43,35
2623,1318,random,1.0,0,0,18,2
2624,55,random,1.0,0,0,5,13
2625,2931,random,1.0,0,0,31,17
2626,3024,random,1.0,0,0,24,17
2627,140,random,1.0,0,0,40,31
2628,4161,random,1.0,0,0,11,39
2629,148,random,1.0,0,0,48,49
2630,767,random,1.0,0,0,17,39
2631,1224,random,1.0,0,0,24,44
2632,3199,random,1.0,0,0,49,29
2633,2243,random,1.0,0,0,43,49
2634,3957,random,1.0,0,0,7,4
2635,42,random,1.0,0,0,42,48
2636,1367,random,1.0,0,0,17,41
2637,1684,random,1.0,0,0,34,40
2638,3401,random,1.0,0,0,1,3
2639,544,random,1.0,0,0,44,48
2640,2182,random,1.0,0,0,32,22
2641,3500,random,1.0,0,0,0,44
2642,154,random,1.0,0,0,4,14
2643,963,random,1.0,0,0,13,37
2644,740,random,1.0,0,0,40,41
2645,1980,random,1.0,0,0,30,37
2646,3803,random,1.0,0,0,3,38
2647,3180,random,1.0,0,0,30,15
2648,1434,random,1.0,0,0,34,27
2649,4404,random,1.0,0,0,4,8
2650,2717,random,1.0,0,1,17,17
2651,376,random,1.0,0,0,26,36
2652,1665,random,1.0,0,0,15,0
2653,3093,random,1.0,0,0,43,7
2654,1874,random,1.0,0,0,24,42
2655,3099,random,1.0,0,0,49,40
2656,4448,random,1.0,0,1,48,48
2657,1375,random,1.0,0,0,25,18
2658,3889,random,1.0,0,0,39,17
2659,4532,random,1.0,0,0,32,37
2660,4070,random,1.0,0,0,20,8
2661,3569,random,1.0,0,0,19,46
2662,3359,random,1.0,0,0,9,14
2663,4965,random,1.0,0,1,15,15
2664,3553,random,1.0,0,1,3,3
2665,1395,random,1.0,0,0,45,13
2666,3366,random,1.0,0,0,16,44
2667,4186,random,1.0,0,0,36,49
2668,3147,random,1.0,0,0,47,15
2669,3080,random,1.0,0,0,30,0
2670,1978,random,1.0,0,0,28,1
2671,2746,random,1.0,0,0,46,24
2672,4811,random,1.0,0,0,11,38
2673,3819,random,1.0,0,0,19,33
2674,2136,random,1.0,0,0,36,14
2675,4751,random,1.0,0,0,1,21
2676,4725,random,1.0,0,0,25,37
2677,4635,random,1.0,0,0,35,8
2678,4429,random,1.0,0,0,29,47
2679,3933,random,1.0,0,0,33,0
2680,744,random,1.0,0,0,44,13
2681,2482,random,1.0,0,0,32,46
2682,4313,random,1.0,0,0,13,23
2683,4134,random,1.0,0,0,34,10
2684,3677,random,1.0,0,0,27,35
2685,3163,random,1.0,0,0,13,49
2686,938,random,1.0,0,0,38,20
2687,3714,random,1.0,0,0,14,20
2688,4208,random,1.0,0,0,8,1
2689,4914,random,1.0,0,0,14,4
2690,2592,random,1.0,0,0,42,37
2691,3971,random,1.0,0,0,21,28
2692,2895,random,1.0,0,0,45,47
2693,3140,random,1.0,0,0,40,24
2694,1239,random,1.0,0,0,39,5
2695,304,random,1.0,0,0,4,34
2696,1892,random,1.0,0,0,42,37
2697,198,random,1.0,0,0,48,3
2698,2714,random,1.0,0,0,14,40
2699,560,random,1.0,0,0,10,33
2700,4130,random,1.0,0,0,30,37
2701,2621,random,1.0,0,0,21,19
2702,1140,random,1.0,0,0,40,10
2703,2554,random,1.0,0,0,4,32
2704,587,random,1.0,0,0,37,8
2705,2727,random,1.0,0,0,27,44
2706,54,random,1.0,0,0,4,32
2707,1321,random,1.0,0,1,21,21
2708,2332,random,1.0,0,0,32,38
2709,4227,random,1.0,0,0,27,42
2710,3059,random,1.0,0,0,9,25
2711,4202,random,1.0,0,0,2,16
2712,3668,random,1.0,0,0,18,8
2713,1246,random,1.0,0,0,46,9
2714,1040,random,1.0,0,1,40,40
2715,4730,random,1.0,0,0,30,8
2716,252,random,1.0,0,0,2,30
2717,3867,random,1.0,0,0,17,20
2718,1172,random,1.0,0,0,22,46
2719,2580,random,1.0,0,0,30,42
2720,4735,random,1.0,0,0,35,46
2721,4183,random,1.0,0,0,33,6
2722,2087,random,1.0,0,0,37,19
2723,4709,random,1.0,0,0,9,27
2724,2347,random,1.0,0,0,47,43
2725,2687,random,1.0,0,0,37,14
2726,527,random,1.0,0,0,27,0
2727,2394,random,1.0,0,0,44,2
2728,2081,random,1.0,0,0,31,1
2729,3859,random,1.0,0,0,9,26
2730,1468,random,1.0,0,0,18,41
2731,2631,random,1.0,0,0,31,24
2732,949,random,1.0,0,0,49,11
2733,2321,random,1.0,0,0,21,32
2734,143,random,1.0,0,0,43,21
2735,3444,random,1.0,0,0,44,5
2736,4685,random,1.0,0,0,35,5
2737,2069,random,1.0,0,0,19,5
2738,3652,random,1.0,0,0,2,34
2739,2230,random,1.0,0,0,30,22
2740,3695,random,1.0,0,0,45,2
2741,639,random,1.0,0,0,39,28
2742,4074,random,1.0,0,0,24,30
2743,2060,random,1.0,0,0,10,16
2744,1177,random,1.0,0,0,27,46
2745,246,random,1.0,0,0,46,22
2746,3824,random,1.0,0,0,24,33
2747,1029,random,1.0,0,0,29,21
2748,4400,random,1.0,0,0,0,14
2749,2763,random,1.0,0,0,13,34
2750,2643,random,1.0,0,0,43,13
2751,4712,random,1.0,0,0,12,13
2752,3987,random,1.0,0,0,37,46
2753,2009,random,1.0,0,0,9,20
2754,3984,random,1.0,0,0,34,44
2755,3639,random,1.0,0,0,39,28
2756,3386,random,1.0,0,0,36,1
2757,851,random,1.0,0,0,1,18
2758,4939,random,1.0,0,0,39,49
2759,141,random,1.0,0,0,41,46
2760,2409,random,1.0,0,0,9,7
2761,4840,random,1.0,0,0,40,49
2762,1313,random,1.0,0,0,13,5
2763,184,random,1.0,0,0,34,31
2764,139,random,1.0,0,0,39,41
2765,101,random,1.0,0,0,1,6
2766,2739,random,1.0,0,0,39,30
2767,3583,random,1.0,0,0,33,4
2768,878,random,1.0,0,0,28,40
2769,602,random,1.0,0,0,2,13
2770,3960,random,1.0,0,0,10,9
2771,1403,random,1.0,0,0,3,20
2772,857,random,1.0,0,0,7,35
2773,2930,random,1.0,0,0,30,20
2774,1678,random,1.0,0,0,28,45
2775,1925,random,1.0,0,0,25,7
2776,2063,random,1.0,0,0,13,8
2777,4330,random,1.0,0,0,30,38
2778,603,random,1.0,0,0,3,38
2779,2688,random,1.0,0,0,38,8
2780,1933,random,1.0,0,0,33,9
2781,977,random,1.0,0,0,27,36
2782,1297,random,1.0,0,0,47,13
2783,909,random,1.0,0,0,9,10
2784,953,random,1.0,0,0,3,45
2785,1386,random,1.0,0,0,36,12
2786,2862,random,1.0,0,0,12,45
2787,4126,random,1.0,0,0,26,6
2788,2928,random,1.0,0,0,28,14
2789,4958,random,1.0,0,0,8,44
2790,1267,random,1.0,0,0,17,15
2791,3268,random,1.0,0,0,18,10
2792,4441,random,1.0,0,0,41,47
2793,3388,random,1.0,0,1,38,38
2794,164,random,1.0,0,0,14,48
2795,2030,random,1.0,0,0,30,44
2796,3619,random,1.0,0,0,19,43
2797,4502,random,1.0,0,0,2,36
2798,2523,random,1.0,0,0,23,38
2799,1588,random,1.0,0,0,38,42
2800,3758,random,1.0,0,0,8,24
2801,4055,random,1.0,0,0,5,32
2802,971,random,1.0,0,0,21,48
2803,2874,random,1.0,0,0,24,28
2804,3126,random,1.0,0,0,26,37
2805,2744,random,1.0,0,0,44,27
2806,4706,random,1.0,0,0,6,16
2807,679,random,1.0,0,0,29,11
2808,4356,random,1.0,0,0,6,5
2809,1927,random,1.0,0,0,27,34
2810,4559,random,1.0,0,0,9,46
2811,2636,random,1.0,0,0,36,17
2812,658,random,1.0,0,0,8,34
2813,4065,random,1.0,0,0,15,25
2814,1456,random,1.0,0,1,6,6
2815,1688,random,1.0,0,0,38,17
2816,3997,random,1.0,0,0,47,5
2817,4766,random,1.0,0,0,16,30
2818,2515,random,1.0,0,0,15,26
2819,1462,random,1.0,0,0,12,28
2820,1609,random,1.0,0,0,9,46
2821,3211,random,1.0,0,0,11,46
2822,1419,random,1.0,0,0,19,26
2823,3508,random,1.0,0,0,8,47
2824,2946,random,1.0,0,0,46,17
2825,142,random,1.0,0,0,42,10
2826,4066,random,1.0,0,0,16,0
2827,1203,random,1.0,0,0,3,16
2828,3262,random,1.0,0,0,12,8
2829,608,random,1.0,0,0,8,49
2830,3150,random,1.0,0,0,0,42
2831,2834,random,1.0,0,0,34,28
2832,1659,random,1.0,0,0,9,13
2833,3918,random,1.0,0,0,18,25
2834,4578,random,1.0,0,0,28,49
2835,900,random,1.0,0,0,0,20
2836,2547,random,1.0,0,0,47,18
2837,726,random,1.0,0,0,26,15
2838,2790,random,1.0,0,0,40,17
2839,4288,random,1.0,0,0,38,25
2840,3833,random,1.0,0,0,33,0
2841,477,random,1.0,0,0,27,14
2842,3766,random,1.0,0,0,16,12
2843,2485,random,1.0,0,0,35,23
2844,791,random,1.0,0,0,41,32
2845,2969,random,1.0,0,0,19,44
2846,2418,random,1.0,0,0,18,42
2847,816,random,1.0,0,0,16,8
2848,1601,random,1.0,0,0,1,49
2849,944,random,1.0,0,0,44,22
2850,1458,random,1.0,0,0,8,49
2851,4201,random,1.0,0,0,1,3
2852,2656,random,1.0,0,0,6,48
2853,1036,random,1.0,0,0,36,22
2854,1733,random,1.0,0,0,33,46
2855,2764,random,1.0,0,0,14,39
2856,1459,random,1.0,0,0,9,41
2857,3612,random,1.0,0,0,12,3
2858,537,random,1.0,0,0,37,8
2859,2028,random,1.0,0,0,28,41
2860,1335,random,1.0,0,0,35,40
2861,3723,random,1.0,0,0,23,11
2862,1195,random,1.0,0,0,45,15
2863,3440,random,1.0,0,0,40,34
2864,4613,random,1.0,0,0,13,43
2865,144,random,1.0,0,0,44,9
2866,1813,random,1.0,0,0,13,6
2867,1613,random,1.0,0,0,13,26
2868,3470,random,1.0,0,0,20,9
2869,152,random,1.0,0,0,2,34
2870,964,random,1.0,0,0,14,6
2871,464,random,1.0,0,0,14,36
2872,1599,random,1.0,0,0,49,4
2873,1122,random,1.0,0,0,22,7
2874,778,random,1.0,0,0,28,14
2875,3895,random,1.0,0,0,45,47
2876,2174,random,1.0,0,0,24,14
2877,1213,random,1.0,0,0,13,14
2878,268,random,1.0,0,0,18,2
2879,945,random,1.0,0,0,45,1
2880,4748,random,1.0,0,0,48,16
2881,2503,random,1.0,0,0,3,27
2882,1796,random,1.0,0,0,46,41
2883,4791,random,1.0,0,0,41,37
2884,1597,random,1.0,0,0,47,2
2885,3212,random,1.0,0,0,12,32
2886,300,random,1.0,0,0,0,3
2887,2071,random,1.0,0,0,21,20
2888,3560,random,1.0,0,0,10,40
2889,4702,random,1.0,0,0,2,35
2890,3711,random,1.0,0,0,11,17
2891,1605,random,1.0,0,0,5,47
2892,3242,random,1.0,0,0,42,3
2893,3155,random,1.0,0,0,5,22
2894,258,random,1.0,0,0,8,10
2895,2947,random,1.0,0,0,47,2
2896,3777,random,1.0,0,0,27,42
2897,1209,random,1.0,0,0,9,18
2898,1898,random,1.0,0,0,48,45
2899,1844,random,1.0,0,0,44,24
2900,3416,random,1.0,0,1,16,16
2901,1983,random,1.0,0,0,33,13
2902,4163,random,1.0,0,0,13,14
2903,2037,random,1.0,0,0,37,41
2904,1866,random,1.0,0,0,16,28
2905,598,random,1.0,0,0,48,28
2906,563,random,1.0,0,0,13,43
2907,2582,random,1.0,0,0,32,45
2908,1808,random,1.0,0,0,8,17
2909,2949,random,1.0,0,0,49,46
2910,916,random,1.0,0,0,16,36
2911,3223,random,1.0,0,0,23,3
2912,4434,random,1.0,0,0,34,42
2913,4974,random,1.0,0,0,24,46
2914,4665,random,1.0,0,0,15,32
2915,3631,random,1.0,0,0,31,16
2916,4399,random,1.0,0,0,49,4
2917,1471,random,1.0,0,0,21,7
2918,4789,random,1.0,0,0,39,48
2919,3109,random,1.0,0,0,9,4
2920,3985,random,1.0,0,0,35,20
2921,169,random,1.0,0,1,19,19
2922,280,random,1.0,0,0,30,3
2923,2784,random,1.0,0,0,34,3
2924,4357,random,1.0,0,0,7,49
2925,2150,random,1.0,0,0,0,9
2926,759,random,1.0,0,0,9,26
2927,4874,random,1.0,0,0,24,8
2928,914,random,1.0,0,0,14,49
2929,2384,random,1.0,0,0,34,31
2930,4020,random,1.0,0,0,20,21
2931,3767,random,1.0,0,0,17,22
2932,2699,random,1.0,0,0,49,10
2933,3474,random,1.0,0,0,24,6
2934,1872,random,1.0,0,0,22,29
2935,729,random,1.0,0,0,29,39
2936,2593,random,1.0,0,0,43,17
2937,2858,random,1.0,0,0,8,37
2938,260,random,1.0,0,0,10,38
2939,691,random,1.0,0,0,41,42
2940,4245,random,1.0,0,0,45,17
2941,211,random,1.0,0,0,11,27
2942,1450,random,1.0,0,0,0,48
2943,3759,random,1.0,0,0,9,11
2944,4915,random,1.0,0,0,15,42
2945,4682,random,1.0,0,0,32,25
2946,3667,random,1.0,0,0,17,26
2947,4052,random,1.0,0,0,2,14
2948,3151,random,1.0,0,0,1,49
2949,2646,random,1.0,0,0,46,3
2950,2748,random,1.0,0,0,48,0
2951,2209,random,1.0,0,0,9,26
2952,1095,random,1.0,0,0,45,43
2953,806,random,1.0,0,0,6,13
2954,1780,random,1.0,0,0,30,38
2955,4354,random,1.0,0,0,4,27
2956,3542,random,1.0,0,0,42,27
2957,2794,random,1.0,0,0,44,14
2958,4440,random,1.0,0,0,40,38
2959,3311,random,1.0,0,0,11,41
2960,1752,random,1.0,0,0,2,18
2961,318,random,1.0,0,0,18,42
2962,3645,random,1.0,0,0,45,3
2963,653,random,1.0,0,0,3,31
2964,2881,random,1.0,0,0,31,3
2965,4619,random,1.0,0,0,19,32
2966,1278,random,1.0,0,0,28,18
2967,2776,random,1.0,0,0,26,13
2968,2316,random,1.0,0,0,16,9
2969,3994,random,1.0,0,0,44,13
2970,38,random,1.0,0,0,38,10
2971,4666,random,1.0,0,0,16,36
2972,1299,random,1.0,0,0,49,6
2973,134,random,1.0,0,0,34,45
2974,1816,random,1.0,0,0,16,11
2975,657,random,1.0,0,0,7,16
2976,4602,random,1.0,0,1,2,2
2977,1924,random,1.0,0,0,24,34
2978,2751,random,1.0,0,0,1,12
2979,3168,random,1.0,0,0,18,34
2980,4718,random,1.0,0,0,18,41
2981,1904,random,1.0,0,0,4,31
2982,2190,random,1.0,0,0,40,43
2983,2718,random,1.0,0,0,18,22
2984,3086,random,1.0,0,0,36,28
2985,4193,random,1.0,0,0,43,31
2986,3209,random,1.0,0,0,9,35
2987,3655,random,1.0,0,0,5,43
2988,3734,random,1.0,0,0,34,31
2989,86,random,1.0,0,0,36,39
2990,3689,random,1.0,0,0,39,30
2991,4300,random,1.0,0,0,0,1
2992,2855,random,1.0,0,0,5,14
2993,2905,random,1.0,0,0,5,48
2994,980,random,1.0,0,0,30,7
2995,637,random,1.0,0,0,37,7
2996,3081,random,1.0,0,0,31,40
2997,3708,random,1.0,0,0,8,10
2998,2357,random,1.0,0,0,7,17
2999,4824,random,1.0,0,0,24,30
3000,427,random,1.0,0,0,27,26
3001,1469,random,1.0,0,0,19,45
3002,894,random,1.0,0,0,44,1
3003,3795,random,1.0,0,0,45,25
3004,3696,random,1.0,0,0,46,4
3005,546,random,1.0,0,0,46,40
3006,4419,random,1.0,0,0,19,43
3007,3798,random,1.0,0,0,48,16
3008,4772,random,1.0,0,0,22,37
3009,3928,random,1.0,0,0,28,18
3010,1566,random,1.0,0,0,16,7
3011,407,random,1.0,0,0,7,48
3012,1765,random,1.0,0,0,15,22
3013,3116,random,1.0,0,0,16,1
3014,3255,random,1.0,0,0,5,36
3015,3181,random,1.0,0,0,31,29
3016,2619,random,1.0,0,0,19,6
3017,2730,random,1.0,0,0,30,18
3018,2202,random,1.0,0,0,2,34
3019,4492,random,1.0,0,0,42,45
3020,1211,random,1.0,0,0,11,32
3021,2797,random,1.0,0,0,47,2
3022,4092,random,1.0,0,0,42,6
3023,4049,random,1.0,0,0,49,10
3024,1867,random,1.0,0,0,17,8
3025,3526,random,1.0,0,0,26,4
3026,449,random,1.0,0,0,49,3
3027,203,random,1.0,0,1,3,3
3028,572,random,1.0,0,0,22,39
3029,2458,random,1.0,0,0,8,17
3030,3405,random,1.0,0,0,5,46
3031,734,random,1.0,0,0,34,13
3032,3986,random,1.0,0,1,36,36
3033,635,random,1.0,0,0,35,23
3034,2561,random,1.0,0,0,11,40
3035,834,random,1.0,0,0,34,46
3036,2256,random,1.0,0,0,6,37
3037,3685,random,1.0,0,0,35,47
3038,2282,random,1.0,0,0,32,30
3039,3993,random,1.0,0,0,43,0
3040,2442,random,1.0,0,0,42,5
3041,3662,random,1.0,0,0,12,18
3042,4072,random,1.0,0,0,22,10
3043,1840,random,1.0,0,0,40,39
3044,4835,random,1.0,0,0,35,6
3045,2343,random,1.0,0,0,43,18
3046,2385,random,1.0,0,0,35,43
3047,3417,random,1.0,0,0,17,44
3048,3892,random,1.0,0,0,42,37
3049,2712,random,1.0,0,0,12,18
3050,98,random,1.0,0,0,48,47
3051,371,random,1.0,0,0,21,18
3052,10,random,1.0,0,0,10,3
3053,1546,random,1.0,0,0,46,40
3054,2847,random,1.0,0,0,47,16
3055,2550,random,1.0,0,0,0,36
3056,3467,random,1.0,0,0,17,49
3057,674,random,1.0,0,0,24,22
3058,2829,random,1.0,0,0,29,8
3059,4675,random,1.0,0,0,25,4
3060,1049,random,1.0,0,0,49,34
3061,2704,random,1.0,0,0,4,37
3062,1713,random,1.0,0,0,13,1
3063,1350,random,1.0,0,0,0,18
3064,1133,random,1.0,0,0,33,32
3065,4098,random,1.0,0,0,48,41
3066,362,random,1.0,0,0,12,16
3067,2777,random,1.0,0,0,27,30
3068,1558,random,1.0,0,0,8,11
3069,4381,random,1.0,0,0,31,12
3070,4097,random,1.0,0,0,47,1
3071,3570,random,1.0,0,0,20,5
3072,1959,random,1.0,0,0,9,27
3073,539,random,1.0,0,0,39,29
3074,4769,random,1.0,0,0,19,26
3075,4326,random,1.0,0,0,26,0
3076,180,random,1.0,0,0,30,0
3077,659,random,1.0,0,0,9,11
3078,4627,random,1.0,0,0,27,40
3079,2419,random,1.0,0,0,19,24
3080,1150,random,1.0,0,0,0,9
3081,3190,random,1.0,0,1,40,40
3082,3621,random,1.0,0,0,21,19
3083,1788,random,1.0,0,0,38,23
3084,1587,random,1.0,0,0,37,36
3085,3965,random,1.0,0,0,15,30
3086,378,random,1.0,0,0,28,3
3087,655,random,1.0,0,0,5,37
3088,2571,random,1.0,0,0,21,11
3089,4219,random,1.0,0,0,19,28
3090,4418,random,1.0,0,0,18,17
3091,4579,random,1.0,0,0,29,49
3092,1502,random,1.0,0,0,2,33
3093,3407,random,1.0,0,0,7,39
3094,115,random,1.0,0,0,15,38
3095,4057,random,1.0,0,0,7,26
3096,3743,random,1.0,0,0,43,30
3097,3445,random,1.0,0,0,45,34
3098,2405,random,1.0,0,0,5,4
3099,390,random,1.0,0,0,40,13
3100,3259,random,1.0,0,0,9,24
3101,3812,random,1.0,0,0,12,6
3102,51,random,1.0,0,1,1,1
3103,2328,random,1.0,0,0,28,19
3104,4396,random,1.0,0,0,46,41
3105,2210,random,1.0,0,0,10,44
3106,1778,random,1.0,0,0,28,30
3107,615,random,1.0,0,0,15,9
3108,633,random,1.0,0,0,33,25
3109,1254,random,1.0,0,0,4,31
3110,4334,random,1.0,0,0,34,37
3111,3394,random,1.0,0,0,44,35
3112,4365,random,1.0,0,0,15,4
3113,3555,random,1.0,0,0,5,32
3114,356,random,1.0,0,0,6,18
3115,3094,random,1.0,0,0,44,15
3116,1201,random,1.0,0,0,1,18
3117,3393,random,1.0,0,0,43,36
3118,3941,random,1.0,0,0,41,4
3119,1492,random,1.0,0,0,42,7
3120,1126,random,1.0,0,0,26,40
3121,1963,random,1.0,0,0,13,7
3122,501,random,1.0,0,0,1,6
3123,1608,random,1.0,0,0,8,44
3124,981,random,1.0,0,0,31,47
3125,4113,random,1.0,0,0,13,40
3126,4087,random,1.0,0,0,37,0
3127,4033,random,1.0,0,0,33,25
3128,722,random,1.0,0,0,22,11
3129,2885,random,1.0,0,0,35,12
3130,2710,random,1.0,0,0,10,9
3131,2878,random,1.0,0,0,28,18
3132,2814,random,1.0,0,0,14,6
3133,3275,random,1.0,0,0,25,7
3134,831,random,1.0,0,0,31,7
3135,4412,random,1.0,0,0,12,34
3136,3293,random,1.0,0,0,43,9
3137,2175,random,1.0,0,0,25,45
3138,1322,random,1.0,0,0,22,10
3139,2606,random,1.0,0,0,6,11
3140,2024,random,1.0,0,0,24,37
3141,939,random,1.0,0,0,39,45
3142,4346,random,1.0,0,0,46,1
3143,4959,random,1.0,0,0,9,26
3144,2680,random,1.0,0,0,30,44
3145,2291,random,1.0,0,0,41,45
3146,3196,random,1.0,0,0,46,15
3147,315,random,1.0,0,0,15,21
3148,3424,random,1.0,0,0,24,13
3149,1676,random,1.0,0,0,26,10
3150,4892,random,1.0,0,0,42,0
3151,549,random,1.0,0,0,49,33
3152,217,random,1.0,0,0,17,24
3153,2628,random,1.0,0,0,28,11
3154,4943,random,1.0,0,0,43,11
3155,2922,random,1.0,0,0,22,30
3156,307,random,1.0,0,0,7,40
3157,4930,random,1.0,0,0,30,48
3158,2583,random,1.0,0,0,33,7
3159,4906,random,1.0,0,0,6,35
3160,3480,random,1.0,0,0,30,1
3161,2138,random,1.0,0,0,38,13
3162,3700,random,1.0,0,0,0,18
3163,4849,random,1.0,0,0,49,35
3164,3348,random,1.0,0,0,48,42
3165,235,random,1.0,0,0,35,11
3166,107,random,1.0,0,0,7,2
3167,2724,random,1.0,0,0,24,47
3168,534,random,1.0,0,0,34,3
3169,1913,random,1.0,0,0,13,23
3170,912,random,1.0,0,0,12,18
3171,979,random,1.0,0,0,29,48
3172,906,random,1.0,0,0,6,39
3173,2354,random,1.0,0,0,4,30
3174,908,random,1.0,0,0,8,23
3175,2520,random,1.0,0,0,20,14
3176,3674,random,1.0,0,0,24,47
3177,1505,random,1.0,0,0,5,18
3178,926,random,1.0,0,0,26,28
3179,755,random,1.0,0,0,5,45
3180,2265,random,1.0,0,0,15,36
3181,3029,random,1.0,0,0,29,8
3182,2875,random,1.0,0,0,25,45
3183,2219,random,1.0,0,0,19,22
3184,4305,random,1.0,0,0,5,31
3185,40,random,1.0,0,0,40,23
3186,3666,random,1.0,0,0,16,30
3187,1327,random,1.0,0,0,27,37
3188,1480,random,1.0,0,0,30,0
3189,725,random,1.0,0,0,25,24
3190,1790,random,1.0,0,0,40,38
3191,1365,random,1.0,0,0,15,39
3192,2324,random,1.0,0,0,24,4
3193,4414,random,1.0,0,0,14,22
3194,2983,random,1.0,0,0,33,18
3195,754,random,1.0,0,0,4,17
3196,4215,random,1.0,0,0,15,10
3197,1363,random,1.0,0,0,13,45
3198,329,random,1.0,0,0,29,11
3199,3329,random,1.0,0,0,29,38
3200,2536,random,1.0,0,0,36,9
3201,3975,random,1.0,0,0,25,29
3202,2857,random,1.0,0,0,7,12
3203,1574,random,1.0,0,0,24,42
3204,3208,random,1.0,0,0,8,17
3205,4581,random,1.0,0,0,31,30
3206,2044,random,1.0,0,0,44,12
3207,2043,random,1.0,0,0,43,14
3208,967,random,1.0,0,0,17,44
3209,1285,random,1.0,0,0,35,37
3210,202,random,1.0,0,0,2,4
3211,346,random,1.0,0,0,46,26
3212,1882,random,1.0,0,0,32,4
3213,2464,random,1.0,0,0,14,21
3214,284,random,1.0,0,0,34,8
3215,3154,random,1.0,0,0,4,43
3216,1098,random,1.0,0,0,48,31
3217,4009,random,1.0,0,0,9,29
3218,3672,random,1.0,0,0,22,48
3219,976,random,1.0,0,0,26,12
3220,1979,random,1.0,0,0,29,18
3221,4389,random,1.0,0,0,39,6
3222,4971,random,1.0,0,0,21,31
3223,553,random,1.0,0,0,3,26
3224,1671,random,1.0,0,0,21,27
3225,1550,random,1.0,0,0,0,26
3226,1729,random,1.0,0,0,29,6
3227,1807,random,1.0,0,0,7,25
3228,2331,random,1.0,0,0,31,20
3229,4978,random,1.0,0,0,28,49
3230,36,random,1.0,0,0,36,32
3231,2083,random,1.0,0,0,33,26
3232,302,random,1.0,0,0,2,35
3233,1876,random,1.0,0,0,26,23
3234,2501,random,1.0,0,0,1,5
3235,610,random,1.0,0,0,10,42
3236,3890,random,1.0,0,0,40,15
3237,1111,random,1.0,0,0,11,37
3238,1134,random,1.0,0,0,34,21
3239,2871,random,1.0,0,0,21,14
3240,717,random,1.0,0,0,17,25
3241,1559,random,1.0,0,0,9,38
3242,2303,random,1.0,0,0,3,32
3243,882,random,1.0,0,0,32,22
3244,439,random,1.0,0,0,39,9
3245,661,random,1.0,0,0,11,10
3246,2064,random,1.0,0,0,14,11
3247,2866,random,1.0,0,0,16,13
3248,4598,random,1.0,0,0,48,21
3249,4681,random,1.0,0,0,31,4
3250,297,random,1.0,0,0,47,24
3251,4841,random,1.0,0,0,41,7
3252,1905,random,1.0,0,0,5,31
3253,4321,random,1.0,0,0,21,8
3254,4482,random,1.0,0,0,32,14
3255,1886,random,1.0,0,0,36,7
3256,3222,random,1.0,0,0,22,21
3257,2317,random,1.0,0,0,17,11
3258,4697,random,1.0,0,0,47,49
3259,1374,random,1.0,0,0,24,39
3260,3206,random,1.0,0,0,6,44
3261,111,random,1.0,0,0,11,38
3262,358,random,1.0,0,0,8,24
3263,2999,random,1.0,0,0,49,24
3264,2585,random,1.0,0,0,35,40
3265,1347,random,1.0,0,0,47,18
3266,3217,random,1.0,0,0,17,9
3267,1831,random,1.0,0,0,31,19
3268,1710,random,1.0,0,0,10,5
3269,1090,random,1.0,0,0,40,36
3270,1938,random,1.0,0,0,38,41
3271,548,random,1.0,0,0,48,25
3272,3830,random,1.0,0,0,30,21
3273,4146,random,1.0,0,0,46,24
3274,1191,random,1.0,0,0,41,13
3275,3857,random,1.0,0,0,7,48
3276,4512,random,1.0,0,0,12,3
3277,1273,random,1.0,0,0,23,42
3278,103,random,1.0,0,0,3,0
3279,4439,random,1.0,0,0,39,10
3280,4359,random,1.0,0,0,9,8
3281,2090,random,1.0,0,0,40,43
3282,63,random,1.0,0,0,13,5
3283,3654,random,1.0,0,0,4,3
3284,730,random,1.0,0,0,30,35
3285,4733,random,1.0,0,0,33,1
3286,3924,random,1.0,0,0,24,33
3287,2803,random,1.0,0,0,3,24
3288,2191,random,1.0,0,0,41,14
3289,4999,random,1.0,0,0,49,22
3290,3431,random,1.0,0,0,31,19
3291,3450,random,1.0,0,0,0,42
3292,384,random,1.0,0,0,34,48
3293,2909,random,1.0,0,0,9,49
3294,1320,random,1.0,0,0,20,32
3295,2816,random,1.0,0,0,16,47
3296,579,random,1.0,0,0,29,17
3297,2355,random,1.0,0,0,5,36
3298,150,random,1.0,0,0,0,33
3299,1928,random,1.0,0,0,28,34
3300,218,random,1.0,0,0,18,39
3301,2490,random,1.0,0,0,40,36
3302,2789,random,1.0,0,0,39,8
3303,4501,random,1.0,0,0,1,4
3304,3853,random,1.0,0,0,3,17
3305,1388,random,1.0,0,0,38,15
3306,1829,random,1.0,0,0,29,11
3307,4452,random,1.0,0,0,2,4
3308,2364,random,1.0,0,0,14,35
3309,1199,random,1.0,0,0,49,7
3310,2498,random,1.0,0,0,48,14
3311,3141,random,1.0,0,0,41,39
3312,2792,random,1.0,0,0,42,41
3313,1076,random,1.0,0,0,26,27
3314,4644,random,1.0,0,0,44,23
3315,3953,random,1.0,0,0,3,12
3316,1354,random,1.0,0,0,4,31
3317,819,random,1.0,0,0,19,18
3318,4745,random,1.0,0,1,45,45
3319,1741,random,1.0,0,0,41,11
3320,1016,random,1.0,0,0,16,29
3321,4489,random,1.0,0,0,39,30
3322,2052,random,1.0,0,0,2,17
3323,1890,random,1.0,0,0,40,0
3324,334,random,1.0,0,0,34,12
3325,1130,random,1.0,0,0,30,9
3326,869,random,1.0,0,0,19,26
3327,2815,random,1.0,0,0,15,38
3328,1917,random,1.0,0,0,17,25
3329,2038,random,1.0,0,0,38,15
3330,599,random,1.0,0,0,49,26
3331,2279,random,1.0,0,0,29,24
3332,3113,random,1.0,0,0,13,5
3333,4580,random,1.0,0,0,30,37
3334,1619,random,1.0,0,1,19,19
3335,3322,random,1.0,0,0,22,2
3336,2025,random,1.0,0,0,25,17
3337,3292,random,1.0,0,0,42,34
3338,2078,random,1.0,0,0,28,10
3339,1814,random,1.0,0,0,14,39
3340,4230,random,1.0,0,0,30,42
3341,32,random,1.0,0,0,32,14
3342,3362,random,1.0,0,0,12,16
3343,2627,random,1.0,0,0,27,40
3344,1164,random,1.0,0,0,14,21
3345,2984,random,1.0,0,0,34,36
3346,338,random,1.0,0,0,38,29
3347,1853,random,1.0,0,0,3,17
3348,2192,random,1.0,0,0,42,13
3349,3874,random,1.0,0,0,24,27
3350,664,random,1.0,0,0,14,21
3351,394,random,1.0,0,0,44,33
3352,1845,random,1.0,0,0,45,21
3353,509,random,1.0,0,0,9,49
3354,4995,random,1.0,0,0,45,37
3355,2958,random,1.0,0,0,8,40
3356,2839,random,1.0,0,0,39,38
3357,4518,random,1.0,0,0,18,29
3358,4533,random,1.0,0,0,33,44
3359,564,random,1.0,0,0,14,23
3360,1846,random,1.0,0,0,46,24
3361,1255,random,1.0,0,0,5,9
3362,4916,random,1.0,0,0,16,11
3363,4780,random,1.0,0,0,30,48
3364,921,random,1.0,0,0,21,0
3365,2492,random,1.0,0,0,42,0
3366,4794,random,1.0,0,0,44,46
3367,3351,random,1.0,0,0,1,44
3368,2840,random,1.0,0,0,40,33
3369,1610,random,1.0,0,0,10,27
3370,2615,random,1.0,0,0,15,17
3371,4085,random,1.0,0,0,35,43
3372,1369,random,1.0,0,0,19,1
3373,3738,random,1.0,0,0,38,47
3374,2495,random,1.0,0,0,45,18
3375,2537,random,1.0,0,0,37,26
3376,4817,random,1.0,0,0,17,49
3377,3270,random,1.0,0,0,20,38
3378,3399,random,1.0,0,0,49,21
3379,1482,random,1.0,0,0,32,6
3380,1893,random,1.0,0,0,43,9
3381,4319,random,1.0,0,0,19,23
3382,3084,random,1.0,0,0,34,37
3383,4174,random,1.0,0,0,24,5
3384,3172,random,1.0,0,0,22,6
3385,239,random,1.0,0,0,39,48
3386,1301,random,1.0,0,0,1,34
3387,3653,random,1.0,0,0,3,42
3388,4638,random,1.0,0,0,38,2
3389,4877,random,1.0,0,0,27,10
3390,4565,random,1.0,0,0,15,47
3391,2130,random,1.0,0,0,30,5
3392,3481,random,1.0,0,0,31,13
3393,1736,random,1.0,0,0,36,23
3394,4285,random,1.0,0,0,35,28
3395,4277,random,1.0,0,0,27,23
3396,3276,random,1.0,0,0,26,12
3397,1180,random,1.0,0,0,30,41
3398,2496,random,1.0,0,0,46,25
3399,2921,random,1.0,0,0,21,19
3400,1466,random,1.0,0,0,16,5
3401,1303,random,1.0,0,0,3,32
3402,3917,random,1.0,0,0,17,5
3403,3544,random,1.0,0,0,44,40
3404,1837,random,1.0,0,0,37,39
3405,3646,random,1.0,0,0,46,42
3406,1683,random,1.0,0,0,33,13
3407,489,random,1.0,0,0,39,17
3408,747,random,1.0,0,0,47,48
3409,1247,random,1.0,0,0,47,39
3410,521,random,1.0,0,0,21,20
3411,4196,random,1.0,0,0,46,34
3412,773,random,1.0,0,0,23,15
3413,3236,random,1.0,0,0,36,40
3414,162,random,1.0,0,0,12,8
3415,2435,random,1.0,0,0,35,18
3416,3866,random,1.0,0,1,16,16
3417,4444,random,1.0,0,0,44,36
3418,4059,random,1.0,0,0,9,31
3419,2971,random,1.0,0,0,21,16
3420,3644,random,1.0,0,0,44,27
3421,369,random,1.0,0,0,19,0
3422,3923,random,1.0,0,0,23,0
3423,460,random,1.0,0,0,10,43
3424,3463,random,1.0,0,0,13,45
3425,2414,random,1.0,0,0,14,6
3426,4311,random,1.0,0,0,11,20
3427,3907,random,1.0,0,0,7,3
3428,2505,random,1.0,0,0,5,21
3429,1721,random,1.0,0,0,21,35
3430,0,random,1.0,0,0,0,35
3431,2919,random,1.0,0,0,19,9
3432,3017,random,1.0,0,0,17,30
3433,411,random,1.0,0,0,11,9
3434,2988,random,1.0,0,0,38,34
3435,568,random,1.0,0,0,18,44
3436,3748,random,1.0,0,0,48,39
3437,1326,random,1.0,0,0,26,11
3438,1909,random,1.0,0,0,9,4
3439,1642,random,1.0,0,0,42,26
3440,2434,random,1.0,0,0,34,31
3441,3053,random,1.0,0,0,3,46
3442,3046,random,1.0,0,0,46,35
3443,4232,random,1.0,0,0,32,36
3444,1705,random,1.0,0,0,5,41
3445,1184,random,1.0,0,0,34,15
3446,4289,random,1.0,0,0,39,0
3447,2334,random,1.0,0,0,34,20
3448,1051,random,1.0,0,0,1,2
3449,4897,random,1.0,0,0,47,21
3450,4142,random,1.0,0,0,42,34
3451,1768,random,1.0,0,0,18,17
3452,4044,random,1.0,0,0,44,43
3453,2322,random,1.0,0,0,22,12
3454,569,random,1.0,0,0,19,43
3455,4199,random,1.0,0,0,49,34
3456,2208,random,1.0,0,0,8,27
3457,588,random,1.0,0,0,38,10
3458,1256,random,1.0,0,0,6,46
3459,2860,random,1.0,0,0,10,35
3460,117,random,1.0,0,0,17,34
3461,20,random,1.0,0,0,20,15
3462,4214,random,1.0,0,0,14,49
3463,3095,random,1.0,0,0,45,7
3464,3770,random,1.0,0,0,20,34
3465,1105,random,1.0,0,0,5,13
3466,2360,random,1.0,0,0,10,15
3467,799,random,1.0,0,0,49,25
3468,4967,random,1.0,0,0,17,10
3469,2542,random,1.0,0,0,42,19
3470,2709,random,1.0,0,0,9,27
3471,2020,random,1.0,0,0,20,3
3472,3235,random,1.0,0,0,35,10
3473,2393,random,1.0,0,0,43,0
3474,1006,random,1.0,0,0,6,13
3475,179,random,1.0,0,0,29,16
3476,189,random,1.0,0,0,39,24
3477,3128,random,1.0,0,0,28,22
3478,3318,random,1.0,0,0,18,45
3479,3184,random,1.0,0,0,34,5
3480,1851,random,1.0,0,0,1,44
3481,3263,random,1.0,0,0,13,49
3482,2733,random,1.0,0,0,33,21
3483,1362,random,1.0,0,0,12,24
3484,1364,random,1.0,0,0,14,39
3485,3854,random,1.0,0,0,4,44
3486,802,random,1.0,0,0,2,33
3487,3613,random,1.0,0,0,13,12
3488,2943,random,1.0,0,0,43,9
3489,990,random,1.0,0,0,40,26
3490,4299,random,1.0,0,0,49,26
3491,3435,random,1.0,0,0,35,18
3492,4433,random,1.0,0,0,33,44
3493,4676,random,1.0,0,0,26,18
3494,3684,random,1.0,0,0,34,2
3495,3321,random,1.0,0,0,21,39
3496,4237,random,1.0,0,0,37,2
3497,852,random,1.0,0,0,2,27
3498,2695,random,1.0,0,0,45,4
3499,3522,random,1.0,0,0,22,4
3500,44,random,1.0,0,0,44,41
3501,4983,random,1.0,0,0,33,10
3502,3511,random,1.0,0,0,11,28
3503,383,random,1.0,0,1,33,33
3504,25,random,1.0,0,0,25,28
3505,3979,random,1.0,0,0,29,11
3506,60,random,1.0,0,0,10,20
3507,4424,random,1.0,0,0,24,39
3508,3497,random,1.0,0,0,47,2
3509,3382,random,1.0,0,0,32,34
3510,2653,random,1.0,0,0,3,43
3511,728,random,1.0,0,0,28,48
3512,3763,random,1.0,0,0,13,41
3513,4409,random,1.0,0,0,9,34
3514,2679,random,1.0,0,0,29,33
3515,1739,random,1.0,0,0,39,4
3516,839,random,1.0,0,0,39,49
3517,3822,random,1.0,0,0,22,19
3518,4907,random,1.0,0,0,7,25
3519,3741,random,1.0,0,0,41,8
3520,340,random,1.0,0,0,40,47
3521,2977,random,1.0,0,0,27,24
3522,4004,random,1.0,0,0,4,17
3523,2039,random,1.0,0,0,39,47
3524,3195,random,1.0,0,0,45,4
3525,349,random,1.0,0,0,49,46
3526,1654,random,1.0,0,0,4,32
3527,3837,random,1.0,0,0,37,36
3528,875,random,1.0,0,0,25,40
3529,3780,random,1.0,0,0,30,23
3530,3012,random,1.0,0,0,12,15
3531,3566,random,1.0,0,0,16,48
3532,2268,random,1.0,0,0,18,38
3533,1748,random,1.0,0,0,48,33
3534,4190,random,1.0,0,0,40,13
3535,1426,random,1.0,0,0,26,36
3536,2152,random,1.0,0,0,2,48
3537,1652,random,1.0,0,0,2,23
3538,2689,random,1.0,0,0,39,14
3539,4204,random,1.0,0,0,4,29
3540,1167,random,1.0,0,0,17,18
3541,1680,random,1.0,0,0,30,28
3542,727,random,1.0,0,0,27,47
3543,2099,random,1.0,0,0,49,21
3544,590,random,1.0,0,0,40,49
3545,4164,random,1.0,0,0,14,11
3546,2062,random,1.0,0,0,12,10
3547,1957,random,1.0,0,0,7,3
3548,4024,random,1.0,0,0,24,45
3549,3391,random,1.0,0,0,41,30
3550,595,random,1.0,0,0,45,49
3551,4091,random,1.0,0,0,41,44
3552,2644,random,1.0,0,0,44,40
3553,4753,random,1.0,0,0,3,49
3554,3213,random,1.0,0,0,13,14
3555,4582,random,1.0,0,0,32,33
3556,3178,random,1.0,0,0,28,26
3557,4355,random,1.0,0,0,5,17
3558,2416,random,1.0,0,0,16,49
3559,4677,random,1.0,0,0,27,38
3560,790,random,1.0,0,0,40,12
3561,276,random,1.0,0,0,26,4
3562,136,random,1.0,0,0,36,40
3563,931,random,1.0,0,0,31,4
3564,1500,random,1.0,0,0,0,23
3565,3176,random,1.0,0,0,26,24
3566,2948,random,1.0,0,0,48,1
3567,666,random,1.0,0,0,16,2
3568,353,random,1.0,0,0,3,44
3569,1996,random,1.0,0,0,46,17
3570,1555,random,1.0,0,0,5,15
3571,3529,random,1.0,0,0,29,30
3572,1121,random,1.0,0,0,21,3
3573,1908,random,1.0,0,0,8,5
3574,2048,random,1.0,0,0,48,3
3575,1030,random,1.0,0,0,30,22
3576,4011,random,1.0,0,0,11,3
3577,1687,random,1.0,0,0,37,10
3578,1518,random,1.0,0,0,18,1
3579,2392,random,1.0,0,0,42,17
3580,4804,random,1.0,0,0,4,29
3581,2807,random,1.0,0,0,7,29
3582,1153,random,1.0,0,0,3,36
3583,254,random,1.0,0,0,4,37
3584,2119,random,1.0,0,0,19,23
3585,1585,random,1.0,0,0,35,18
3586,471,random,1.0,0,0,21,30
3587,3478,random,1.0,0,0,28,18
3588,1931,random,1.0,0,0,31,27
3589,1108,random,1.0,0,0,8,25
3590,3692,random,1.0,0,1,42,42
3591,2510,random,1.0,0,0,10,28
3592,1871,random,1.0,0,0,21,1
3593,171,random,1.0,0,0,21,23
3594,4948,random,1.0,0,0,48,19
3595,4187,random,1.0,0,0,37,24
3596,4891,random,1.0,0,0,41,9
3597,1216,random,1.0,0,0,16,44
3598,2957,random,1.0,0,0,7,44
3599,1614,random,1.0,0,0,14,1
3600,3350,random,1.0,0,0,0,14
3601,899,random,1.0,0,0,49,20
3602,2844,random,1.0,0,0,44,41
3603,3380,random,1.0,0,0,30,43
3604,3724,random,1.0,0,0,24,32
3605,2650,random,1.0,0,0,0,17
3606,4405,random,1.0,0,0,5,18
3607,3225,random,1.0,0,0,25,0
3608,694,random,1.0,0,0,44,13
3609,2837,random,1.0,0,0,37,26
3610,2315,random,1.0,0,0,15,11
3611,138,random,1.0,0,0,38,39
3612,1553,random,1.0,0,0,3,42
3613,2912,random,1.0,0,0,12,34
3614,3788,random,1.0,0,0,38,32
3615,4855,random,1.0,0,0,5,30
3616,1581,random,1.0,0,0,31,15
3617,2079,random,1.0,0,0,29,9
3618,3826,random,1.0,0,0,26,16
3619,3343,random,1.0,0,0,43,27
3620,969,random,1.0,0,0,19,45
3621,2569,random,1.0,0,0,19,12
3622,4707,random,1.0,0,0,7,44
3623,4015,random,1.0,0,0,15,37
3624,575,random,1.0,0,0,25,20
3625,4793,random,1.0,0,0,43,32
3626,2461,random,1.0,0,0,11,4
3627,3704,random,1.0,0,0,4,9
3628,3420,random,1.0,0,0,20,44
3629,2822,random,1.0,0,0,22,19
3630,4076,random,1.0,0,0,26,20
3631,566,random,1.0,0,0,16,39
3632,858,random,1.0,0,1,8,8
3633,2568,random,1.0,0,0,18,16
3634,2666,random,1.0,0,1,16,16
3635,3204,random,1.0,0,0,4,8
3636,1443,random,1.0,0,0,43,5
3637,2059,random,1.0,0,0,9,1
3638,4128,random,1.0,0,0,28,8
3639,228,random,1.0,0,0,28,17
3640,4662,random,1.0,0,0,12,11
3641,1510,random,1.0,0,0,10,21
3642,673,random,1.0,0,0,23,20
3643,2074,random,1.0,0,0,24,19
3644,1577,random,1.0,0,0,27,10
3645,753,random,1.0,0,0,3,48
3646,4692,random,1.0,0,0,42,0
3647,1425,random,1.0,0,0,25,26
3648,2134,random,1.0,0,0,34,36
3649,2591,random,1.0,0,0,41,47
3650,3858,random,1.0,0,0,8,44
3651,1681,random,1.0,0,0,31,23
3652,4284,random,1.0,0,0,34,6
3653,3492,random,1.0,0,0,42,33
3654,1603,random,1.0,0,0,3,38
3655,3443,random,1.0,0,0,43,32
3656,3468,random,1.0,0,0,18,17
3657,4198,random,1.0,0,0,48,3
3658,493,random,1.0,0,0,43,11
3659,3626,random,1.0,0,0,26,11
3660,1772,random,1.0,0,0,22,27
3661,236,random,1.0,0,0,36,30
3662,4668,random,1.0,0,0,18,45
3663,4286,random,1.0,0,0,36,39
3664,4266,random,1.0,0,0,16,41
3665,3290,random,1.0,0,0,40,31
3666,630,random,1.0,0,0,30,41
3667,4776,random,1.0,0,0,26,40
3668,1708,random,1.0,0,0,8,33
3669,1572,random,1.0,0,0,22,16
3670,1360,random,1.0,0,0,10,25
3671,21,random,1.0,0,0,21,0
3672,2598,random,1.0,0,0,48,26
3673,3198,random,1.0,0,0,48,29
3674,997,random,1.0,0,0,47,28
3675,2581,random,1.0,0,0,31,29
3676,269,random,1.0,0,0,19,29
3677,3585,random,1.0,0,1,35,35
3678,3582,random,1.0,0,0,32,3
3679,4437,random,1.0,0,0,37,20
3680,681,random,1.0,0,0,31,30
3681,4256,random,1.0,0,0,6,8
3682,3602,random,1.0,0,0,2,44
3683,1091,random,1.0,0,0,41,31
3684,2252,random,1.0,0,0,2,15
3685,547,random,1.0,0,0,47,42
3686,292,random,1.0,0,0,42,7
3687,1754,random,1.0,0,0,4,12
3688,3182,random,1.0,0,0,32,25
3689,1530,random,1.0,0,0,30,24
3690,1370,random,1.0,0,0,20,11
3691,1382,random,1.0,0,0,32,47
3692,3942,random,1.0,0,0,42,44
3693,4806,random,1.0,0,0,6,20
3694,4868,random,1.0,0,0,18,5
3695,2552,random,1.0,0,0,2,31
3696,504,random,1.0,0,0,4,44
3697,2877,random,1.0,0,0,27,13
3698,1571,random,1.0,0,0,21,6
3699,1454,random,1.0,0,0,4,48
3700,4968,random,1.0,0,0,18,27
3701,4220,random,1.0,0,0,20,46
3702,741,random,1.0,0,0,41,7
3703,745,random,1.0,0,0,45,36
3704,959,random,1.0,0,0,9,1
3705,2540,random,1.0,0,0,40,16
3706,4655,random,1.0,0,0,5,36
3707,1766,random,1.0,0,0,16,1
3708,4860,random,1.0,0,0,10,4
3709,2944,random,1.0,0,0,44,15
3710,698,random,1.0,0,0,48,30
3711,1017,random,1.0,0,0,17,32
3712,3879,random,1.0,0,0,29,5
3713,4880,random,1.0,0,0,30,38
3714,4270,random,1.0,0,0,20,7
3715,4711,random,1.0,0,0,11,38
3716,4764,random,1.0,0,0,14,23
3717,2436,random,1.0,0,0,36,9
3718,126,random,1.0,0,0,26,20
3719,306,random,1.0,0,1,6,6
3720,259,random,1.0,0,0,9,19
3721,4648,random,1.0,0,0,48,47
3722,3593,random,1.0,0,0,43,21
3723,561,random,1.0,0,0,11,2
3724,2832,random,1.0,0,0,32,9
3725,2101,random,1.0,0,0,1,20
3726,3466,random,1.0,0,0,16,10
3727,4989,random,1.0,0,0,39,6
3728,4571,random,1.0,0,0,21,34
3729,1288,random,1.0,0,0,38,39
3730,2494,random,1.0,0,0,44,47
3731,4119,random,1.0,0,0,19,39
3732,2462,random,1.0,0,0,12,15
3733,3253,random,1.0,0,0,3,21
3734,4781,random,1.0,0,0,31,35
3735,2281,random,1.0,0,0,31,36
3736,2307,random,1.0,0,0,7,41
3737,3903,random,1.0,0,0,3,47
3738,2747,random,1.0,0,0,47,29
3739,3149,random,1.0,0,0,49,26
3740,335,random,1.0,0,0,35,0
3741,4758,random,1.0,0,0,8,49
3742,4728,random,1.0,0,0,28,41
3743,380,random,1.0,0,0,30,34
3744,200,random,1.0,0,0,0,13
3745,703,random,1.0,0,0,3,24
3746,187,random,1.0,0,0,37,49
3747,4019,random,1.0,0,0,19,37
3748,4889,random,1.0,0,0,39,32
3749,3257,random,1.0,0,0,7,17
3750,919,random,1.0,0,0,19,35
3751,1544,random,1.0,0,0,44,29
3752,4002,random,1.0,0,0,2,47
3753,156,random,1.0,0,1,6,6
3754,3657,random,1.0,0,0,7,48
3755,1035,random,1.0,0,0,35,34
3756,1231,random,1.0,0,0,31,22
3757,3524,random,1.0,0,0,24,45
3758,1074,random,1.0,0,0,24,45
3759,3611,random,1.0,0,0,11,38
3760,12,random,1.0,0,0,12,35
3761,648,random,1.0,0,0,48,2
3762,930,random,1.0,0,1,30,30
3763,391,random,1.0,0,0,41,27
3764,4555,random,1.0,0,0,5,25
3765,4364,random,1.0,0,0,14,10
3766,1162,random,1.0,0,0,12,16
3767,222,random,1.0,0,0,22,3
3768,1883,random,1.0,0,0,33,29
3769,3442,random,1.0,0,0,42,46
3770,934,random,1.0,0,0,34,15
3771,1453,random,1.0,0,0,3,24
3772,3728,random,1.0,0,0,28,21
3773,4275,random,1.0,0,0,25,2
3774,2691,random,1.0,0,0,41,21
3775,2387,random,1.0,0,0,37,5
3776,2472,random,1.0,0,0,22,48
3777,542,random,1.0,0,0,42,23
3778,4212,random,1.0,0,0,12,43
3779,3363,random,1.0,0,0,13,30
3780,573,random,1.0,0,0,23,17
3781,2369,random,1.0,0,0,19,42
3782,618,random,1.0,0,0,18,0
3783,3620,random,1.0,0,0,20,19
3784,2426,random,1.0,0,0,26,11
3785,855,random,1.0,0,0,5,8
3786,1848,random,1.0,0,0,48,20
3787,1501,random,1.0,0,0,1,5
3788,3782,random,1.0,0,0,32,18
3789,3509,random,1.0,0,0,9,32
3790,1541,random,1.0,0,0,41,43
3791,3377,random,1.0,0,0,27,20
3792,1580,random,1.0,0,0,30,44
3793,3516,random,1.0,0,0,16,39
3794,59,random,1.0,0,0,9,5
3795,3075,random,1.0,0,0,25,26
3796,2122,random,1.0,0,0,22,32
3797,4809,random,1.0,0,0,9,37
3798,66,random,1.0,0,0,16,33
3799,3146,random,1.0,0,1,46,46
3800,4623,random,1.0,0,0,23,47
3801,2306,random,1.0,0,0,6,4
3802,1822,random,1.0,0,0,22,26
3803,3288,random,1.0,0,0,38,41
3804,3920,random,1.0,0,0,20,6
3805,4993,random,1.0,0,0,43,37
3806,172,random,1.0,0,0,22,27
3807,2753,random,1.0,0,0,3,9
3808,1442,random,1.0,0,0,42,4
3809,1169,random,1.0,0,0,19,38
3810,904,random,1.0,0,0,4,2
3811,4177,random,1.0,0,0,27,1
3812,606,random,1.0,0,0,6,41
3813,1151,random,1.0,0,0,1,45
3814,3776,random,1.0,0,0,26,22
3815,4823,random,1.0,0,0,23,16
3816,1497,random,1.0,0,0,47,15
3817,4478,random,1.0,0,0,28,48
3818,4611,random,1.0,0,0,11,28
3819,533,random,1.0,0,0,33,10
3820,1316,random,1.0,0,0,16,43
3821,4111,random,1.0,0,0,11,29
3822,19,random,1.0,0,0,19,44
3823,363,random,1.0,0,0,13,1
3824,4083,random,1.0,0,0,33,13
3825,4484,random,1.0,0,0,34,21
3826,4116,random,1.0,0,0,16,8
3827,4240,random,1.0,0,0,40,19
3828,2852,random,1.0,0,0,2,6
3829,524,random,1.0,0,0,24,15
3830,4171,random,1.0,0,0,21,37
3831,1154,random,1.0,0,0,4,9
3832,4669,random,1.0,0,0,19,24
3833,3600,random,1.0,0,1,0,0
3834,4152,random,1.0,0,0,2,3
3835,3625,random,1.0,0,0,25,43
3836,2088,random,1.0,0,0,38,33
3837,1536,random,1.0,0,0,36,42
3838,1235,random,1.0,0,0,35,28
3839,3070,random,1.0,0,0,20,47
3840,1337,random,1.0,0,0,37,46
3841,925,random,1.0,0,0,25,4
3842,3647,random,1.0,0,0,47,25
3843,613,random,1.0,0,0,13,48
3844,3228,random,1.0,0,0,28,31
3845,4047,random,1.0,0,0,47,12
3846,1787,random,1.0,0,0,37,13
3847,1261,random,1.0,0,0,11,1
3848,3628,random,1.0,0,0,28,20
3849,3686,random,1.0,0,0,36,42
3850,811,random,1.0,0,0,11,28
3851,23,random,1.0,0,0,23,42
3852,410,random,1.0,0,0,10,5
3853,2117,random,1.0,0,0,17,48
3854,1644,random,1.0,0,0,44,39
3855,1724,random,1.0,0,0,24,4
3856,3336,random,1.0,0,0,36,25
3857,1398,random,1.0,0,0,48,31
3858,3694,random,1.0,0,0,44,18
3859,4176,random,1.0,0,0,26,1
3860,278,random,1.0,0,0,28,17
3861,2808,random,1.0,0,0,8,6
3862,193,random,1.0,0,0,43,7
3863,4094,random,1.0,0,0,44,32
3864,2891,random,1.0,0,0,41,5
3865,4966,random,1.0,0,0,16,27
3866,1516,random,1.0,0,0,16,22
3867,3170,random,1.0,0,0,20,12
3868,1607,random,1.0,0,0,7,33
3869,1533,random,1.0,0,0,33,41
3870,2963,random,1.0,0,0,13,3
3871,4269,random,1.0,0,0,19,24
3872,1344,random,1.0,0,0,44,15
3873,3016,random,1.0,0,0,16,19
3874,1977,random,1.0,0,0,27,7
3875,1641,random,1.0,0,0,41,18
3876,716,random,1.0,0,0,16,47
3877,238,random,1.0,0,0,38,48
3878,1380,random,1.0,0,0,30,11
3879,2055,random,1.0,0,0,5,48
3880,3698,random,1.0,0,0,48,21
3881,4984,random,1.0,0,0,34,33
3882,4108,random,1.0,0,0,8,2
3883,295,random,1.0,0,0,45,15
3884,4339,random,1.0,0,0,39,27
3885,2756,random,1.0,0,0,6,36
3886,2833,random,1.0,0,0,33,18
3887,2725,random,1.0,0,0,25,37
3888,43,random,1.0,0,0,43,17
3889,1667,random,1.0,0,0,17,21
3890,1115,random,1.0,0,0,15,22
3891,324,random,1.0,0,0,24,19
3892,4837,random,1.0,0,0,37,9
3893,317,random,1.0,0,0,17,7
3894,1387,random,1.0,0,0,37,38
3895,397,random,1.0,0,0,47,19
3896,14,random,1.0,0,0,14,19
3897,4601,random,1.0,0,0,1,7
3898,2952,random,1.0,0,0,2,45
3899,445,random,1.0,0,0,45,17
3900,3426,random,1.0,0,0,26,11
3901,1192,random,1.0,0,0,42,21
3902,3787,random,1.0,0,0,37,1
3903,197,random,1.0,0,0,47,45
3904,2890,random,1.0,0,0,40,11
3905,4609,random,1.0,0,0,9,23
3906,1250,random,1.0,0,0,0,30
3907,3303,random,1.0,0,0,3,1
3908,4497,random,1.0,0,0,47,25
3909,1880,random,1.0,0,0,30,14
3910,3162,random,1.0,0,0,12,0
3911,815,random,1.0,0,0,15,32
3912,1166,random,1.0,0,0,16,49
3913,2478,random,1.0,0,0,28,19
3914,1415,random,1.0,0,0,15,8
3915,3912,random,1.0,0,0,12,16
3916,4834,random,1.0,0,0,34,17
3917,305,random,1.0,0,0,5,8
3918,4025,random,1.0,0,0,25,4
3919,1280,random,1.0,0,0,30,43
3920,2356,random,1.0,0,0,6,20
3921,4878,random,1.0,0,0,28,15
3922,91,random,1.0,0,0,41,20
3923,1400,random,1.0,0,0,0,49
3924,833,random,1.0,0,0,33,21
3925,2508,random,1.0,0,0,8,20
3926,4377,random,1.0,0,0,27,6
3927,1991,random,1.0,0,0,41,39
3928,1368,random,1.0,0,0,18,48
3929,1210,random,1.0,0,0,10,14
3930,1424,random,1.0,0,0,24,13
3931,2978,random,1.0,0,0,28,1
3932,1319,random,1.0,0,0,19,14
3933,1600,random,1.0,0,0,0,45
3934,467,random,1.0,0,0,17,42
3935,2812,random,1.0,0,0,12,8
3936,508,random,1.0,0,0,8,28
3937,3439,random,1.0,0,0,39,42
3938,2358,random,1.0,0,0,8,41
3939,1197,random,1.0,0,0,47,27
3940,1269,random,1.0,0,0,19,33
3941,2804,random,1.0,0,0,4,26
3942,2994,random,1.0,0,0,44,30
3943,76,random,1.0,0,0,26,47
3944,431,random,1.0,0,0,31,36
3945,520,random,1.0,0,0,20,3
3946,2908,random,1.0,0,1,8,8
3947,53,random,1.0,0,0,3,0
3948,62,random,1.0,0,0,12,32
3949,33,random,1.0,0,0,33,3
3950,2107,random,1.0,0,0,7,48
3951,4349,random,1.0,0,0,49,40
3952,1474,random,1.0,0,0,24,38
3953,2662,random,1.0,0,0,12,9
3954,1317,random,1.0,0,0,17,28
3955,3641,random,1.0,0,0,41,10
3956,1295,random,1.0,0,0,45,32
3957,2604,random,1.0,0,0,4,48
3958,3856,random,1.0,0,0,6,36
3959,213,random,1.0,0,0,13,39
3960,1159,random,1.0,0,0,9,12
3961,4395,random,1.0,0,0,45,39
3962,2,random,1.0,0,0,2,28
3963,3587,random,1.0,0,0,37,28
3964,1085,random,1.0,0,0,35,36
3965,1080,random,1.0,0,0,30,31
3966,2380,random,1.0,0,0,30,33
3967,1828,random,1.0,0,0,28,0
3968,2075,random,1.0,0,0,25,38
3969,4468,random,1.0,0,0,18,16
3970,3855,random,1.0,0,0,5,24
3971,4328,random,1.0,0,0,28,35
3972,1820,random,1.0,0,0,20,18
3973,2338,random,1.0,0,0,38,10
3974,474,random,1.0,0,0,24,14
3975,3729,random,1.0,0,0,29,38
3976,3058,random,1.0,0,0,8,29
3977,4742,random,1.0,0,0,42,3
3978,2148,random,1.0,0,0,48,22
3979,1061,random,1.0,0,0,11,48
3980,3229,random,1.0,0,0,29,28
3981,3279,random,1.0,0,0,29,39
3982,1990,random,1.0,0,0,40,45
3983,3530,random,1.0,0,0,30,12
3984,4144,random,1.0,0,0,44,46
3985,2870,random,1.0,0,0,20,14
3986,1336,random,1.0,0,0,36,16
3987,2196,random,1.0,0,0,46,42
3988,57,random,1.0,0,0,7,17
3989,924,random,1.0,0,0,24,47
3990,1520,random,1.0,0,0,20,12
3991,1477,random,1.0,0,0,27,9
3992,39,random,1.0,0,0,39,45
3993,600,random,1.0,0,0,0,37
3994,4863,random,1.0,0,0,13,2
3995,4960,random,1.0,0,0,10,36
3996,4135,random,1.0,0,0,35,24
3997,505,random,1.0,0,0,5,47
3998,2728,random,1.0,0,0,28,31
3999,4563,random,1.0,0,0,13,26
4000,4633,random,1.0,0,0,33,10
4001,4761,random,1.0,0,0,11,2
4002,647,random,1.0,0,0,47,9
4003,1432,random,1.0,0,0,32,10
4004,4217,random,1.0,0,0,17,32
4005,4331,random,1.0,0,0,31,13
4006,1817,random,1.0,0,0,17,7
4007,2320,random,1.0,0,0,20,48
4008,4453,random,1.0,0,0,3,39
4009,1479,random,1.0,0,0,29,21
4010,3051,random,1.0,0,0,1,21
4011,4103,random,1.0,0,1,3,3
4012,4830,random,1.0,0,0,30,45
4013,1384,random,1.0,0,0,34,15
4014,1791,random,1.0,0,0,41,45
4015,2737,random,1.0,0,0,37,19
4016,1554,random,1.0,0,0,4,37
4017,1759,random,1.0,0,0,9,10
4018,4573,random,1.0,0,0,23,19
4019,3037,random,1.0,0,0,37,35
4020,3371,random,1.0,0,0,21,35
4021,3519,random,1.0,0,0,19,41
4022,2267,random,1.0,0,0,17,41
4023,3523,random,1.0,0,0,23,39
4024,2245,random,1.0,0,0,45,22
4025,4704,random,1.0,0,0,4,43
4026,4535,random,1.0,0,0,35,3
4027,605,random,1.0,0,0,5,9
4028,4379,random,1.0,0,0,29,47
4029,2033,random,1.0,0,0,33,3
4030,4985,random,1.0,0,0,35,32
4031,711,random,1.0,0,0,11,49
4032,1749,random,1.0,0,0,49,33
4033,1625,random,1.0,0,0,25,18
4034,1797,random,1.0,0,0,47,14
4035,4481,random,1.0,0,0,31,9
4036,475,random,1.0,0,0,25,16
4037,4947,random,1.0,0,0,47,20
4038,4818,random,1.0,0,0,18,35
4039,2856,random,1.0,0,0,6,9
4040,1423,random,1.0,0,0,23,45
4041,4421,random,1.0,0,0,21,3
4042,868,random,1.0,0,0,18,12
4043,3783,random,1.0,0,0,33,20
4044,243,random,1.0,0,0,43,18
4045,824,random,1.0,0,0,24,0
4046,1147,random,1.0,0,1,47,47
4047,2612,random,1.0,0,0,12,2
4048,507,random,1.0,0,0,7,27
4049,110,random,1.0,0,0,10,46
4050,1629,random,1.0,0,0,29,46
4051,923,random,1.0,0,0,23,26
4052,3364,random,1.0,0,0,14,21
4053,2288,random,1.0,0,0,38,43
4054,4469,random,1.0,0,0,19,46
4055,932,random,1.0,0,0,32,14
4056,4473,random,1.0,0,0,23,34
4057,626,random,1.0,0,0,26,3
4058,4457,random,1.0,0,0,7,34
4059,4281,random,1.0,0,0,31,34
4060,4925,random,1.0,0,0,25,35
4061,2785,random,1.0,0,0,35,36
4062,1427,random,1.0,0,0,27,19
4063,1488,random,1.0,0,0,38,30
4064,571,random,1.0,0,0,21,33
4065,3325,random,1.0,0,0,25,30
4066,2050,random,1.0,0,0,0,11
4067,4778,random,1.0,0,0,28,19
4068,225,random,1.0,0,0,25,45
4069,4646,random,1.0,0,0,46,17
4070,3908,random,1.0,0,0,8,47
4071,3540,random,1.0,0,0,40,17
4072,2960,random,1.0,0,0,10,2
4073,636,random,1.0,0,0,36,7
4074,4530,random,1.0,0,0,30,20
4075,2793,random,1.0,0,0,43,38
4076,2570,random,1.0,0,0,20,3
4077,457,random,1.0,0,0,7,12
4078,999,random,1.0,0,0,49,37
4079,1523,random,1.0,0,0,23,9
4080,750,random,1.0,0,0,0,47
4081,2468,random,1.0,0,0,18,0
4082,4485,random,1.0,0,0,35,29
4083,2313,random,1.0,0,0,13,7
4084,1971,random,1.0,0,0,21,41
4085,4893,random,1.0,0,0,43,24
4086,1156,random,1.0,0,0,6,8
4087,1800,random,1.0,0,0,0,32
4088,4531,random,1.0,0,0,31,1
4089,2517,random,1.0,0,0,17,34
4090,3008,random,1.0,0,0,8,22
4091,1794,random,1.0,0,0,44,29
4092,4856,random,1.0,0,0,6,7
4093,3946,random,1.0,0,0,46,8
4094,1832,random,1.0,0,0,32,49
4095,2227,random,1.0,0,0,27,9
4096,2929,random,1.0,0,0,29,34
4097,3001,random,1.0,0,0,1,19
4098,2541,random,1.0,0,0,41,43
4099,3562,random,1.0,0,0,12,36
4100,2801,random,1.0,0,0,1,5
4101,3699,random,1.0,0,0,49,4
4102,1838,random,1.0,0,0,38,43
4103,2103,random,1.0,0,0,3,22
4104,4274,random,1.0,0,0,24,20
4105,4124,random,1.0,0,0,24,40
4106,2910,random,1.0,0,0,10,16
4107,2549,random,1.0,0,0,49,37
4108,4952,random,1.0,0,0,2,38
4109,817,random,1.0,0,0,17,33
4110,3622,random,1.0,0,0,22,7
4111,1079,random,1.0,0,0,29,6
4112,3691,random,1.0,0,0,41,32
4113,3090,random,1.0,0,0,40,18
4114,3609,random,1.0,0,0,9,37
4115,1024,random,1.0,0,0,24,3
4116,4408,random,1.0,0,0,8,47
4117,4588,random,1.0,0,0,38,33
4118,4696,random,1.0,0,0,46,44
4119,1139,random,1.0,0,0,39,24
4120,905,random,1.0,0,0,5,12
4121,3739,random,1.0,0,0,39,49
4122,4350,random,1.0,0,0,0,10
4123,3898,random,1.0,0,0,48,2
4124,4490,random,1.0,0,0,40,4
4125,4955,random,1.0,0,0,5,13
4126,3006,random,1.0,0,0,6,19
4127,1125,random,1.0,0,0,25,44
4128,808,random,1.0,0,1,8,8
4129,4688,random,1.0,0,0,38,18
4130,1887,random,1.0,0,0,37,5
4131,1189,random,1.0,0,0,39,48
4132,3786,random,1.0,0,0,36,48
4133,3816,random,1.0,0,0,16,47
4134,2010,random,1.0,0,0,10,33
4135,3074,random,1.0,0,0,24,19
4136,2522,random,1.0,0,0,22,15
4137,97,random,1.0,0,0,47,39
4138,112,random,1.0,0,0,12,29
4139,2401,random,1.0,0,0,1,8
4140,3737,random,1.0,0,0,37,3
4141,3083,random,1.0,0,0,33,38
4142,484,random,1.0,0,0,34,13
4143,3725,random,1.0,0,0,25,1
4144,3496,random,1.0,0,0,46,37
4145,226,random,1.0,0,0,26,48
4146,4674,random,1.0,0,0,24,11
4147,2241,random,1.0,0,0,41,20
4148,1640,random,1.0,0,0,40,42
4149,3977,random,1.0,0,0,27,42
4150,4107,random,1.0,0,0,7,49
4151,1315,random,1.0,0,0,15,35
4152,2403,random,1.0,0,0,3,19
4153,3742,random,1.0,0,0,42,28
4154,4486,random,1.0,0,0,36,1
4155,688,random,1.0,0,0,38,35
4156,3007,random,1.0,0,0,7,48
4157,2116,random,1.0,0,0,16,23
4158,3308,random,1.0,0,0,8,14
4159,2012,random,1.0,0,0,12,44
4160,2923,random,1.0,0,0,23,34
4161,389,random,1.0,0,0,39,21
4162,1740,random,1.0,0,0,40,2
4163,3114,random,1.0,0,0,14,6
4164,61,random,1.0,0,0,11,28
4165,988,random,1.0,0,0,38,43
4166,3836,random,1.0,0,0,36,38
4167,128,random,1.0,0,0,28,29
4168,3101,random,1.0,0,0,1,12
4169,3423,random,1.0,0,0,23,10
4170,1954,random,1.0,0,0,4,37
4171,3187,random,1.0,0,0,37,27
4172,4222,random,1.0,0,0,22,7
4173,2562,random,1.0,0,0,12,16
4174,2805,random,1.0,0,0,5,44
4175,2577,random,1.0,0,0,27,35
4176,4701,random,1.0,0,0,1,23
4177,4651,random,1.0,0,0,1,3
4178,4017,random,1.0,0,0,17,9
4179,6,random,1.0,0,0,6,35
4180,1995,random,1.0,0,0,45,16
4181,1292,random,1.0,0,0,42,1
4182,1955,random,1.0,0,0,5,32
4183,1506,random,1.0,0,0,6,32
4184,71,random,1.0,0,0,21,35
4185,364,random,1.0,0,0,14,13
4186,2649,random,1.0,0,0,49,4
4187,2224,random,1.0,0,0,24,21
4188,2525,random,1.0,0,0,25,11
4189,229,random,1.0,0,0,29,19
4190,2913,random,1.0,0,0,13,24
4191,382,random,1.0,0,0,32,29
4192,2556,random,1.0,0,0,6,4
4193,3931,random,1.0,0,0,31,28
4194,850,random,1.0,0,0,0,14
4195,881,random,1.0,0,0,31,21
4196,1234,random,1.0,0,0,34,49
4197,3533,random,1.0,0,0,33,48
4198,3403,random,1.0,0,0,3,44
4199,4084,random,1.0,0,0,34,21
4200,3159,random,1.0,0,0,9,6
4201,4053,random,1.0,0,0,3,38
4202,4466,random,1.0,0,0,16,38
4203,4316,random,1.0,0,0,16,6
4204,2329,random,1.0,0,0,29,4
4205,388,random,1.0,0,0,38,34
4206,426,random,1.0,0,0,26,2
4207,4413,random,1.0,0,0,13,8
4208,3551,random,1.0,0,0,1,41
4209,583,random,1.0,0,0,33,11
4210,308,random,1.0,0,0,8,18
4211,2168,random,1.0,0,0,18,43
4212,4093,random,1.0,0,0,43,46
4213,2312,random,1.0,0,0,12,47
4214,2199,random,1.0,0,0,49,43
4215,2810,random,1.0,0,0,10,9
4216,4249,random,1.0,0,0,49,24
4217,4882,random,1.0,0,0,32,29
4218,4432,random,1.0,0,1,32,32
4219,3028,random,1.0,0,0,28,22
4220,2696,random,1.0,0,0,46,42
4221,2526,random,1.0,0,0,26,15
4222,1907,random,1.0,0,0,7,27
4223,1764,random,1.0,0,0,14,2
4224,1311,random,1.0,0,0,11,15
4225,2965,random,1.0,0,0,15,19
4226,1560,random,1.0,0,0,10,11
4227,2142,random,1.0,0,0,42,13
4228,2319,random,1.0,0,0,19,39
4229,4425,random,1.0,0,0,25,18
4230,1242,random,1.0,0,0,42,36
4231,35,random,1.0,0,0,35,31
4232,736,random,1.0,0,0,36,19
4233,1202,random,1.0,0,0,2,43
4234,2673,random,1.0,0,0,23,19
4235,3894,random,1.0,0,0,44,37
4236,550,random,1.0,0,0,0,46
4237,2752,random,1.0,0,0,2,37
4238,1102,random,1.0,0,0,2,15
4239,3331,random,1.0,0,0,31,29
4240,3219,random,1.0,0,0,19,26
4241,4754,random,1.0,0,0,4,7
4242,3538,random,1.0,0,0,38,39
4243,1697,random,1.0,0,0,47,38
4244,4250,random,1.0,0,0,0,21
4245,3567,random,1.0,0,0,17,16
4246,950,random,1.0,0,0,0,16
4247,3000,random,1.0,0,0,0,27
4248,1522,random,1.0,0,0,22,42
4249,1974,random,1.0,0,0,24,34
4250,2371,random,1.0,0,0,21,5
4251,3047,random,1.0,0,0,47,17
4252,968,random,1.0,0,1,18,18
4253,970,random,1.0,0,0,20,46
4254,1809,random,1.0,0,0,9,48
4255,1521,random,1.0,0,0,21,42
4256,558,random,1.0,0,0,8,38
4257,4035,random,1.0,0,0,35,31
4258,678,random,1.0,0,0,28,43
4259,3345,random,1.0,0,0,45,34
4260,4838,random,1.0,0,0,38,31
4261,3334,random,1.0,0,0,34,19
4262,4120,random,1.0,0,0,20,5
4263,3527,random,1.0,0,0,27,37
4264,1987,random,1.0,0,0,37,25
4265,4585,random,1.0,0,0,35,21
4266,1591,random,1.0,0,0,41,39
4267,891,random,1.0,0,1,41,41
4268,570,random,1.0,0,0,20,18
4269,574,random,1.0,0,0,24,47
4270,7,random,1.0,0,0,7,15
4271,4427,random,1.0,0,0,27,37
4272,4297,random,1.0,0,1,47,47
4273,1562,random,1.0,0,0,12,23
4274,2070,random,1.0,0,0,20,38
4275,952,random,1.0,0,0,2,22
4276,4051,random,1.0,0,0,1,23
4277,4023,random,1.0,0,1,23,23
4278,3901,random,1.0,0,0,1,42
4279,3384,random,1.0,0,0,34,22
4280,3038,random,1.0,0,0,38,32
4281,3834,random,1.0,0,0,34,2
4282,707,random,1.0,0,0,7,9
4283,3063,random,1.0,0,0,13,0
4284,3506,random,1.0,0,0,6,10
4285,328,random,1.0,0,0,28,24
4286,3289,random,1.0,0,0,39,49
4287,2961,random,1.0,0,0,11,18
4288,4375,random,1.0,0,0,25,21
4289,700,random,1.0,0,0,0,10
4290,2992,random,1.0,0,0,42,5
4291,671,random,1.0,0,0,21,14
4292,374,random,1.0,0,0,24,19
4293,2412,random,1.0,0,0,12,35
4294,3954,random,1.0,0,0,4,17
4295,3844,random,1.0,0,0,44,28
4296,1245,random,1.0,0,0,45,32
4297,447,random,1.0,0,0,47,37
4298,1037,random,1.0,0,0,37,26
4299,3226,random,1.0,0,0,26,29
4300,201,random,1.0,0,0,1,39
4301,2991,random,1.0,0,0,41,0
4302,2528,random,1.0,0,0,28,46
4303,4650,random,1.0,0,0,0,35
4304,3632,random,1.0,0,0,32,8
4305,1631,random,1.0,0,0,31,42
4306,2634,random,1.0,0,0,34,7
4307,4491,random,1.0,0,0,41,2
4308,224,random,1.0,0,0,24,19
4309,2449,random,1.0,0,0,49,20
4310,2941,random,1.0,0,0,41,11
4311,2720,random,1.0,0,0,20,35
4312,1123,random,1.0,0,1,23,23
4313,973,random,1.0,0,0,23,28
4314,27,random,1.0,0,0,27,5
4315,4022,random,1.0,0,0,22,17
4316,256,random,1.0,0,0,6,43
4317,3576,random,1.0,0,0,26,11
4318,403,random,1.0,0,0,3,34
4319,3023,random,1.0,0,0,23,49
4320,689,random,1.0,0,0,39,35
4321,1258,random,1.0,0,0,8,31
4322,1567,random,1.0,0,0,17,49
4323,3876,random,1.0,0,0,26,16
4324,3947,random,1.0,0,0,47,3
4325,3505,random,1.0,0,0,5,29
4326,2250,random,1.0,0,0,0,23
4327,360,random,1.0,0,0,10,17
4328,1835,random,1.0,0,0,35,37
4329,731,random,1.0,0,0,31,3
4330,3238,random,1.0,0,0,38,34
4331,1863,random,1.0,0,0,13,20
4332,327,random,1.0,0,0,27,34
4333,704,random,1.0,0,0,4,21
4334,1937,random,1.0,0,0,37,6
4335,2698,random,1.0,0,0,48,14
4336,2546,random,1.0,0,0,46,25
4337,3710,random,1.0,0,0,10,48
4338,842,random,1.0,0,0,42,40
4339,627,random,1.0,0,0,27,33
4340,2800,random,1.0,0,0,0,8
4341,79,random,1.0,0,0,29,28
4342,3357,random,1.0,0,0,7,18
4343,4540,random,1.0,0,0,40,17
4344,3185,random,1.0,0,0,35,40
4345,1923,random,1.0,0,0,23,26
4346,3851,random,1.0,0,0,1,23
4347,1310,random,1.0,0,0,10,33
4348,1300,random,1.0,0,0,0,38
4349,3690,random,1.0,0,0,40,20
4350,4160,random,1.0,0,0,10,23
4351,1094,random,1.0,0,0,44,6
4352,3634,random,1.0,0,0,34,16
4353,2430,random,1.0,0,0,30,47
4354,827,random,1.0,0,0,27,2
4355,4667,random,1.0,0,0,17,37
4356,4105,random,1.0,0,0,5,24
4357,299,random,1.0,0,0,49,12
4358,2677,random,1.0,0,0,27,35
4359,1858,random,1.0,0,0,8,4
4360,958,random,1.0,0,0,8,16
4361,2007,random,1.0,0,0,7,44
4362,4459,random,1.0,0,0,9,38
4363,4972,random,1.0,0,0,22,15
4364,3260,random,1.0,0,0,10,6
4365,4954,random,1.0,0,0,4,1
4366,1142,random,1.0,0,0,42,34
4367,4480,random,1.0,0,0,30,18
4368,3087,random,1.0,0,0,37,5
4369,2366,random,1.0,0,1,16,16
4370,4295,random,1.0,0,0,45,44
4371,468,random,1.0,0,0,18,36
4372,856,random,1.0,0,0,6,17
4373,2187,random,1.0,0,0,37,34
4374,3402,random,1.0,0,0,2,17
4375,121,random,1.0,0,0,21,34
4376,1366,random,1.0,0,0,16,36
4377,1656,random,1.0,0,0,6,8
4378,3761,random,1.0,0,0,11,48
4379,1447,random,1.0,0,0,47,38
4380,4755,random,1.0,0,0,5,45
4381,262,random,1.0,0,0,12,16
4382,3929,random,1.0,0,0,29,10
4383,3781,random,1.0,0,0,31,19
4384,1136,random,1.0,0,0,36,7
4385,1547,random,1.0,0,0,47,1
4386,1751,random,1.0,0,0,1,4
4387,1343,random,1.0,0,0,43,6
4388,1019,random,1.0,0,0,19,10
4389,206,random,1.0,0,0,6,49
4390,4890,random,1.0,0,0,40,44
4391,2163,random,1.0,0,0,13,20
4392,1565,random,1.0,0,0,15,32
4393,814,random,1.0,0,0,14,2
4394,1486,random,1.0,0,0,36,40
4395,2489,random,1.0,0,0,39,35
4396,2141,random,1.0,0,0,41,9
4397,1229,random,1.0,0,0,29,37
4398,4557,random,1.0,0,0,7,14
4399,3454,random,1.0,0,0,4,19
4400,4464,random,1.0,0,0,14,26
4401,2868,random,1.0,0,0,18,20
4402,1805,random,1.0,0,0,5,25
4403,3574,random,1.0,0,0,24,48
4404,758,random,1.0,0,0,8,20
4405,4368,random,1.0,0,0,18,37
4406,1579,random,1.0,0,0,29,9
4407,3179,random,1.0,0,0,29,5
4408,2697,random,1.0,0,0,47,48
4409,634,random,1.0,0,0,34,1
4410,3406,random,1.0,0,0,6,33
4411,3273,random,1.0,0,0,23,46
4412,3584,random,1.0,0,0,34,19
4413,2258,random,1.0,0,0,8,48
4414,822,random,1.0,0,0,22,8
4415,3580,random,1.0,0,0,30,4
4416,316,random,1.0,0,0,16,43
4417,1013,random,1.0,0,0,13,5
4418,4317,random,1.0,0,0,17,26
4419,1193,random,1.0,0,0,43,35
4420,3036,random,1.0,0,0,36,6
4421,3603,random,1.0,0,0,3,30
4422,1709,random,1.0,0,0,9,46
4423,4426,random,1.0,0,0,26,28
4424,4839,random,1.0,0,0,39,6
4425,4168,random,1.0,0,0,18,1
4426,2378,random,1.0,0,0,28,35
4427,4387,random,1.0,0,0,37,43
4428,4292,random,1.0,0,0,42,24
4429,2897,random,1.0,0,0,47,9
4430,3751,random,1.0,0,0,1,44
4431,2488,random,1.0,0,0,38,16
4432,1932,random,1.0,0,0,32,49
4433,2694,random,1.0,0,0,44,39
4434,4792,random,1.0,0,0,42,49
4435,4752,random,1.0,0,1,2,2
4436,1674,random,1.0,0,0,24,15
4437,270,random,1.0,0,0,20,11
4438,1232,random,1.0,0,0,32,19
4439,2560,random,1.0,0,0,10,46
4440,2588,random,1.0,0,0,38,6
4441,4847,random,1.0,0,0,47,35
4442,4336,random,1.0,0,0,36,46
4443,2169,random,1.0,0,0,19,38
4444,2336,random,1.0,0,0,36,31
4445,74,random,1.0,0,0,24,33
4446,1410,random,1.0,0,0,10,44
4447,2617,random,1.0,0,0,17,18
4448,1298,random,1.0,0,0,48,29
4449,3425,random,1.0,0,0,25,14
4450,2066,random,1.0,0,0,16,36
4451,2450,random,1.0,0,0,0,20
4452,104,random,1.0,0,0,4,30
4453,589,random,1.0,0,0,39,4
4454,1002,random,1.0,0,0,2,46
4455,4590,random,1.0,0,0,40,15
4456,204,random,1.0,0,0,4,25
4457,1484,random,1.0,0,0,34,10
4458,646,random,1.0,0,0,46,7
4459,4188,random,1.0,0,0,38,25
4460,1596,random,1.0,0,0,46,13
4461,3528,random,1.0,0,0,28,25
4462,1795,random,1.0,0,0,45,33
4463,3596,random,1.0,0,0,46,41
4464,3076,random,1.0,0,0,26,30
4465,4260,random,1.0,0,0,10,38
4466,2788,random,1.0,0,0,38,28
4467,22,random,1.0,0,0,22,46
4468,4866,random,1.0,0,0,16,45
4469,46,random,1.0,0,0,46,43
4470,2608,random,1.0,0,0,8,33
4471,4303,random,1.0,0,0,3,0
4472,2276,random,1.0,0,0,26,11
4473,3134,random,1.0,0,0,34,31
4474,4622,random,1.0,0,0,22,20
4475,194,random,1.0,0,0,44,14
4476,2964,random,1.0,0,0,14,31
4477,4507,random,1.0,0,0,7,12
4478,4498,random,1.0,0,0,48,49
4479,2457,random,1.0,0,0,7,1
4480,1068,random,1.0,0,0,18,48
4481,4259,random,1.0,0,0,9,45
4482,4014,random,1.0,0,0,14,41
4483,4062,random,1.0,0,0,12,27
4484,2671,random,1.0,0,0,21,46
4485,4529,random,1.0,0,0,29,1
4486,2201,random,1.0,0,0,1,39
4487,1755,random,1.0,0,0,5,4
4488,417,random,1.0,0,0,17,4
4489,2830,random,1.0,0,0,30,0
4490,2104,random,1.0,0,0,4,13
4491,1902,random,1.0,0,0,2,20
4492,645,random,1.0,0,0,45,17
4493,1841,random,1.0,0,0,41,25
4494,4013,random,1.0,0,0,13,34
4495,2207,random,1.0,0,0,7,2
4496,3910,random,1.0,0,0,10,12
4497,4775,random,1.0,0,0,25,24
4498,1249,random,1.0,0,0,49,2
4499,3112,random,1.0,0,0,12,15
4500,1956,random,1.0,0,0,6,48
4501,3254,random,1.0,0,0,4,32
4502,386,random,1.0,0,0,36,26
4503,2754,random,1.0,0,0,4,34
4504,4210,random,1.0,0,0,10,8
4505,4862,random,1.0,0,0,12,22
4506,1997,random,1.0,0,0,47,35
4507,2762,random,1.0,0,0,12,13
4508,188,random,1.0,0,0,38,47
4509,2966,random,1.0,0,0,16,28
4510,2534,random,1.0,0,0,34,36
4511,3044,random,1.0,0,0,44,35
4512,1753,random,1.0,0,0,3,12
4513,1584,random,1.0,0,0,34,46
4514,4454,random,1.0,0,0,4,2
4515,1878,random,1.0,0,0,28,15
4516,1200,random,1.0,0,0,0,12
4517,2863,random,1.0,0,0,13,40
4518,1379,random,1.0,0,0,29,37
4519,3651,random,1.0,0,0,1,31
4520,85,random,1.0,0,0,35,3
4521,159,random,1.0,0,0,9,16
4522,888,random,1.0,0,1,38,38
4523,3122,random,1.0,0,0,22,1
4524,2421,random,1.0,0,0,21,5
4525,2453,random,1.0,0,0,3,28
4526,989,random,1.0,0,0,39,0
4527,1734,random,1.0,0,0,34,30
4528,1897,random,1.0,0,0,47,2
4529,801,random,1.0,0,0,1,4
4530,620,random,1.0,0,0,20,1
4531,901,random,1.0,0,0,1,41
4532,2137,random,1.0,0,0,37,48
4533,794,random,1.0,0,0,44,2
4534,4994,random,1.0,0,0,44,49
4535,4853,random,1.0,0,0,3,40
4536,4154,random,1.0,0,0,4,36
4537,1556,random,1.0,0,0,6,44
4538,4251,random,1.0,0,0,1,47
4539,3009,random,1.0,0,0,9,28
4540,4367,random,1.0,0,0,17,30
4541,3961,random,1.0,0,0,11,45
4542,2080,random,1.0,0,0,30,9
4543,4857,random,1.0,0,0,7,42
4544,183,random,1.0,0,0,33,6
4545,2700,random,1.0,0,0,0,30
4546,2512,random,1.0,0,0,12,47
4547,478,random,1.0,0,0,28,45
4548,1448,random,1.0,0,0,48,47
4549,3465,random,1.0,0,0,15,5
4550,714,random,1.0,0,0,14,12
4551,577,random,1.0,0,0,27,29
4552,4979,random,1.0,0,0,29,28
4553,124,random,1.0,0,0,24,1
4554,4155,random,1.0,0,0,5,38
4555,375,random,1.0,0,0,25,13
4556,2102,random,1.0,0,0,2,49
4557,4064,random,1.0,0,0,14,21
4558,1578,random,1.0,0,1,28,28
4559,2046,random,1.0,0,0,46,25
4560,482,random,1.0,0,0,32,12
4561,3732,random,1.0,0,0,32,12
4562,1233,random,1.0,0,0,33,14
4563,576,random,1.0,0,0,26,36
4564,746,random,1.0,0,0,46,8
4565,597,random,1.0,0,0,47,39
4566,3011,random,1.0,0,0,11,7
4567,1576,random,1.0,0,0,26,41
4568,1549,random,1.0,0,0,49,41
4569,4734,random,1.0,0,0,34,3
4570,644,random,1.0,0,0,44,17
4571,584,random,1.0,0,0,34,37
4572,650,random,1.0,0,0,0,49
4573,1569,random,1.0,0,0,19,29
4574,3487,random,1.0,0,0,37,13
4575,3775,random,1.0,0,0,25,37
4576,3240,random,1.0,0,0,40,17
4577,3778,random,1.0,0,0,28,12
4578,399,random,1.0,0,0,49,16
4579,4699,random,1.0,0,0,49,31
4580,887,random,1.0,0,0,37,30
4581,3330,random,1.0,0,0,30,49
4582,4133,random,1.0,0,0,33,16
4583,1827,random,1.0,0,0,27,7
4584,3216,random,1.0,0,0,16,48
4585,3721,random,1.0,0,0,21,48
4586,1756,random,1.0,0,0,6,35
4587,2236,random,1.0,0,0,36,35
4588,4233,random,1.0,0,0,33,2
4589,4608,random,1.0,0,0,8,44
4590,1015,random,1.0,0,0,15,34
4591,4719,random,1.0,0,0,19,29
4592,1942,random,1.0,0,0,42,11
4593,351,random,1.0,0,0,1,20
4594,1515,random,1.0,0,0,15,25
4595,205,random,1.0,0,0,5,45
4596,1179,random,1.0,0,0,29,40
4597,4826,random,1.0,0,0,26,40
4598,3221,random,1.0,0,0,21,39
4599,3472,random,1.0,0,0,22,35
4600,3681,random,1.0,0,0,31,6
4601,4307,random,1.0,0,0,7,41
4602,1952,random,1.0,0,0,2,19
4603,4903,random,1.0,0,0,3,14
4604,4652,random,1.0,0,0,2,9
4605,294,random,1.0,0,0,44,16
4606,1616,random,1.0,0,0,16,1
4607,1381,random,1.0,0,0,31,27
4608,3494,random,1.0,0,0,44,34
4609,2873,random,1.0,0,0,23,22
4610,345,random,1.0,0,0,45,19
4611,3328,random,1.0,0,0,28,17
4612,1950,random,1.0,0,0,0,29
4613,2693,random,1.0,0,0,43,40
4614,145,random,1.0,0,0,45,37
4615,4584,random,1.0,0,0,34,16
4616,562,random,1.0,0,0,12,4
4617,1114,random,1.0,0,0,14,27
4618,2132,random,1.0,0,0,32,28
4619,2632,random,1.0,0,0,32,49
4620,2156,random,1.0,0,0,6,32
4621,2452,random,1.0,0,0,2,44
4622,1970,random,1.0,0,0,20,37
4623,4347,random,1.0,0,0,47,10
4624,966,random,1.0,0,0,16,30
4625,2106,random,1.0,0,0,6,26
4626,4639,random,1.0,0,0,39,49
4627,690,random,1.0,0,0,40,12
4628,3772,random,1.0,0,0,22,28
4629,667,random,1.0,0,0,17,12
4630,287,random,1.0,0,0,37,27
4631,4885,random,1.0,0,0,35,42
4632,2215,random,1.0,0,0,15,24
4633,160,random,1.0,0,0,10,16
4634,4770,random,1.0,0,0,20,19
4635,58,random,1.0,0,0,8,30
4636,4558,random,1.0,0,0,8,28
4637,3796,random,1.0,0,0,46,22
4638,1802,random,1.0,0,0,2,11
4639,1349,random,1.0,0,0,49,37
4640,261,random,1.0,0,0,11,41
4641,4494,random,1.0,0,0,44,13
4642,190,random,1.0,0,0,40,46
4643,764,random,1.0,0,0,14,21
4644,2623,random,1.0,0,0,23,18
4645,459,random,1.0,0,0,9,19
4646,3067,random,1.0,0,0,17,27
4647,4258,random,1.0,0,0,8,28
4648,3797,random,1.0,0,0,47,9
4649,2853,random,1.0,0,0,3,36
4650,2685,random,1.0,0,0,35,13
4651,503,random,1.0,0,0,3,26
4652,1259,random,1.0,0,0,9,46
4653,1023,random,1.0,0,0,23,38
4654,314,random,1.0,0,0,14,11
4655,886,random,1.0,0,0,36,44
4656,2917,random,1.0,0,0,17,21
4657,3610,random,1.0,0,0,10,15
4658,2903,random,1.0,0,0,3,37
4659,2226,random,1.0,0,0,26,34
4660,1540,random,1.0,0,0,40,20
4661,4462,random,1.0,0,0,12,45
4662,1861,random,1.0,0,0,11,44
4663,1253,random,1.0,0,0,3,8
4664,1377,random,1.0,0,0,27,25
4665,1732,random,1.0,0,0,32,4
4666,1836,random,1.0,0,0,36,39
4667,3537,random,1.0,0,0,37,2
4668,4045,random,1.0,0,0,45,24
4669,4624,random,1.0,0,0,24,16
4670,2607,random,1.0,0,0,7,11
4671,4991,random,1.0,0,0,41,25
4672,2937,random,1.0,0,0,37,8
4673,2407,random,1.0,0,0,7,31
4674,3161,random,1.0,0,0,11,38
4675,3354,random,1.0,0,0,4,45
4676,2818,random,1.0,0,0,18,15
4677,438,random,1.0,0,0,38,40
4678,3232,random,1.0,0,0,32,2
4679,4808,random,1.0,0,0,8,27
4680,2248,random,1.0,0,0,48,6
4681,4054,random,1.0,0,0,4,19
4682,1275,random,1.0,0,0,25,2
4683,3589,random,1.0,0,0,39,8
4684,3713,random,1.0,0,0,13,30
4685,805,random,1.0,0,0,5,15
4686,4391,random,1.0,0,0,41,13
4687,423,random,1.0,0,0,23,29
4688,118,random,1.0,0,0,18,1
4689,3129,random,1.0,0,0,29,35
4690,3750,random,1.0,0,0,0,19
4691,2263,random,1.0,0,0,13,20
4692,4150,random,1.0,0,0,0,7
4693,1885,random,1.0,0,0,35,26
4694,4720,random,1.0,0,0,20,2
4695,1214,random,1.0,0,0,14,25
4696,1294,random,1.0,0,0,44,37
4697,3949,random,1.0,0,0,49,33
4698,446,random,1.0,0,0,46,39
4699,781,random,1.0,0,0,31,13
4700,2642,random,1.0,0,0,42,4
4701,2423,random,1.0,0,0,23,37
4702,3785,random,1.0,0,0,35,5
4703,2686,random,1.0,0,0,36,38
4704,4493,random,1.0,0,0,43,41
4705,962,random,1.0,0,0,12,16
4706,4416,random,1.0,0,1,16,16
4707,2294,random,1.0,0,0,44,26
4708,2239,random,1.0,0,0,39,32
4709,3577,random,1.0,0,0,27,37
4710,4360,random,1.0,0,0,10,8
4711,4888,random,1.0,0,0,38,31
4712,2513,random,1.0,0,0,13,4
4713,4935,random,1.0,0,0,35,27
4714,3326,random,1.0,0,0,26,19
4715,4722,random,1.0,0,0,22,19
4716,2743,random,1.0,0,0,43,10
4717,325,random,1.0,0,0,25,5
4718,1941,random,1.0,0,0,41,43
4719,2529,random,1.0,0,0,29,17
4720,3502,random,1.0,0,0,2,11
4721,2290,random,1.0,0,0,40,33
4722,1669,random,1.0,0,0,19,6
4723,2645,random,1.0,0,0,45,30
4724,1775,random,1.0,0,0,25,38
4725,987,random,1.0,0,0,37,35
4726,515,random,1.0,0,0,15,23
4727,3926,random,1.0,0,0,26,27
4728,1041,random,1.0,0,0,41,13
4729,4740,random,1.0,0,0,40,10
4730,3558,random,1.0,0,0,8,16
4731,414,random,1.0,0,0,14,4
4732,3847,random,1.0,0,0,47,11
4733,1351,random,1.0,0,0,1,32
4734,2153,random,1.0,0,0,3,36
4735,1746,random,1.0,0,0,46,27
4736,485,random,1.0,0,0,35,16
4737,4042,random,1.0,0,0,42,18
4738,4900,random,1.0,0,0,0,29
4739,2491,random,1.0,0,1,41,41
4740,1810,random,1.0,0,0,10,5
4741,2275,random,1.0,0,0,25,13
4742,3003,random,1.0,0,0,3,45
4743,3096,random,1.0,0,0,46,43
4744,4451,random,1.0,0,0,1,0
4745,3595,random,1.0,0,0,45,37
4746,4366,random,1.0,0,0,16,42
4747,836,random,1.0,0,0,36,18
4748,2616,random,1.0,0,0,16,28
4749,3358,random,1.0,0,0,8,33
4750,3900,random,1.0,0,0,0,26
4751,2121,random,1.0,0,0,21,45
4752,52,random,1.0,0,0,2,26
4753,3649,random,1.0,0,0,49,41
4754,3057,random,1.0,0,0,7,24
4755,4795,random,1.0,0,0,45,48
4756,3807,random,1.0,0,0,7,3
4757,1967,random,1.0,0,0,17,48
4758,3799,random,1.0,0,0,49,46
4759,2942,random,1.0,0,0,42,0
4760,2622,random,1.0,0,0,22,43
4761,4552,random,1.0,0,0,2,29
4762,2545,random,1.0,0,0,45,21
4763,2706,random,1.0,0,0,6,4
4764,1173,random,1.0,0,0,23,47
4765,2297,random,1.0,0,0,47,41
4766,830,random,1.0,0,0,30,15
4767,227,random,1.0,0,0,27,44
4768,247,random,1.0,0,0,47,15
4769,2476,random,1.0,0,0,26,8
4770,2769,random,1.0,0,0,19,2
4771,1252,random,1.0,0,0,2,49
4772,4787,random,1.0,0,0,37,39
4773,1679,random,1.0,0,0,29,3
4774,2218,random,1.0,0,1,18,18
4775,1824,random,1.0,0,0,24,25
4776,4390,random,1.0,0,1,40,40
4777,1046,random,1.0,0,0,46,7
4778,3869,random,1.0,0,0,19,33
4779,3282,random,1.0,0,0,32,13
4780,2798,random,1.0,0,0,48,23
4781,4185,random,1.0,0,0,35,14
4782,4757,random,1.0,0,0,7,17
4783,1911,random,1.0,0,0,11,6
4784,3557,random,1.0,0,0,7,5
4785,2572,random,1.0,0,0,22,18
4786,2157,random,1.0,0,0,7,42
4787,3139,random,1.0,0,0,39,6
4788,494,random,1.0,0,0,44,33
4789,3948,random,1.0,0,0,48,12
4790,4913,random,1.0,0,0,13,21
4791,1737,random,1.0,0,0,37,10
4792,3249,random,1.0,0,0,49,31
4793,2882,random,1.0,0,0,32,46
4794,2846,random,1.0,0,0,46,18
4795,2648,random,1.0,0,0,48,34
4796,1649,random,1.0,0,0,49,39
4797,4700,random,1.0,0,0,0,42
4798,1371,random,1.0,0,0,21,32
4799,1513,random,1.0,0,0,13,42
4800,809,random,1.0,0,0,9,27
4801,3368,random,1.0,0,0,18,40
4802,867,random,1.0,0,0,17,29
4803,3484,random,1.0,0,0,34,14
4804,2229,random,1.0,0,0,29,49
4805,2635,random,1.0,0,0,35,42
4806,2170,random,1.0,0,0,20,41
4807,948,random,1.0,0,0,48,23
4808,3477,random,1.0,0,0,27,28
4809,4487,random,1.0,0,0,37,5
4810,2213,random,1.0,0,0,13,21
4811,838,random,1.0,0,0,38,9
4812,3281,random,1.0,0,0,31,40
4813,4026,random,1.0,0,0,26,35
4814,401,random,1.0,0,0,1,27
4815,3545,random,1.0,0,0,45,14
4816,1901,random,1.0,0,0,1,43
4817,149,random,1.0,0,0,49,30
4818,2335,random,1.0,0,0,35,47
4819,3142,random,1.0,0,0,42,46
4820,2085,random,1.0,0,0,35,16
4821,4524,random,1.0,0,0,24,21
4822,1742,random,1.0,0,0,42,7
4823,3066,random,1.0,0,0,16,12
4824,4080,random,1.0,0,0,30,0
4825,2817,random,1.0,0,0,17,16
4826,3390,random,1.0,0,0,40,15
4827,4109,random,1.0,0,0,9,17
4828,2775,random,1.0,0,1,25,25
4829,1182,random,1.0,0,0,32,46
4830,95,random,1.0,0,0,45,38
4831,2894,random,1.0,0,0,44,8
4832,2396,random,1.0,0,0,46,48
4833,2535,random,1.0,0,0,35,9
4834,1117,random,1.0,0,0,17,28
4835,3056,random,1.0,0,0,6,17
4836,1287,random,1.0,0,0,37,23
4837,2459,random,1.0,0,0,9,15
4838,1281,random,1.0,0,0,31,41
4839,1056,random,1.0,0,0,6,49
4840,2299,random,1.0,0,0,49,17
4841,1007,random,1.0,0,0,7,23
4842,3284,random,1.0,0,0,34,30
4843,2836,random,1.0,0,0,36,47
4844,760,random,1.0,0,0,10,40
4845,3921,random,1.0,0,0,21,28
4846,1573,random,1.0,0,0,23,48
4847,3135,random,1.0,0,0,35,12
4848,2318,random,1.0,0,0,18,5
4849,3085,random,1.0,0,0,35,15
4850,3991,random,1.0,0,0,41,27
4851,4257,random,1.0,0,0,7,35
4852,2440,random,1.0,0,0,40,2
4853,1240,random,1.0,0,0,40,10
4854,2255,random,1.0,0,0,5,40
4855,1630,random,1.0,0,0,30,21
4856,3757,random,1.0,0,0,7,24
4857,1042,random,1.0,0,0,42,3
4858,1181,random,1.0,0,0,31,32
4859,2383,random,1.0,0,0,33,30
4860,4554,random,1.0,0,0,4,5
4861,4075,random,1.0,0,0,25,43
4862,4172,random,1.0,0,1,22,22
4863,1602,random,1.0,0,0,2,49
4864,1545,random,1.0,0,0,45,20
4865,3349,random,1.0,0,0,49,24
4866,1595,random,1.0,0,0,45,24
4867,4950,random,1.0,0,0,0,31
4868,2455,random,1.0,0,0,5,16
4869,1028,random,1.0,0,0,28,0
4870,3166,random,1.0,0,0,16,7
4871,4595,random,1.0,0,0,45,5
4872,323,random,1.0,0,0,23,1
4873,93,random,1.0,0,0,43,45
4874,1408,random,1.0,0,0,8,34
4875,840,random,1.0,0,0,40,23
4876,4660,random,1.0,0,0,10,40
4877,4460,random,1.0,0,0,10,46
4878,2715,random,1.0,0,0,15,30
4879,3525,random,1.0,0,0,25,49
4880,4088,random,1.0,0,0,38,31
4881,440,random,1.0,0,0,40,18
4882,4729,random,1.0,0,0,29,40
4883,3299,random,1.0,0,0,49,28
4884,1393,random,1.0,0,0,43,33
4885,642,random,1.0,0,0,42,44
4886,1900,random,1.0,0,0,0,38
4887,2500,random,1.0,0,0,0,21
4888,81,random,1.0,0,0,31,20
4889,432,random,1.0,0,0,32,6
4890,1394,random,1.0,0,0,44,32
4891,2359,random,1.0,0,0,9,31
4892,450,random,1.0,0,0,0,4
4893,3124,random,1.0,0,0,24,31
4894,3414,random,1.0,0,0,14,12
4895,1564,random,1.0,0,0,14,44
4896,3339,random,1.0,0,0,39,14
4897,721,random,1.0,0,0,21,45
4898,1146,random,1.0,0,0,46,28
4899,1420,random,1.0,0,0,20,17
4900,4629,random,1.0,0,0,29,17
4901,2778,random,1.0,0,0,28,3
4902,105,random,1.0,0,0,5,21
4903,2314,random,1.0,0,0,14,43
4904,4538,random,1.0,0,0,38,1
4905,978,random,1.0,0,0,28,22
4906,4435,random,1.0,0,0,35,2
4907,3475,random,1.0,0,0,25,29
4908,4621,random,1.0,0,0,21,2
4909,2237,random,1.0,0,0,37,29
4910,3884,random,1.0,0,0,34,39
4911,732,random,1.0,0,0,32,44
4912,5,random,1.0,0,0,5,40
4913,1621,random,1.0,0,0,21,1
4914,3504,random,1.0,0,0,4,25
4915,442,random,1.0,0,0,42,24
4916,861,random,1.0,0,0,11,0
4917,1383,random,1.0,0,0,33,29
4918,3447,random,1.0,0,0,47,34
4919,3186,random,1.0,0,0,36,16
4920,1194,random,1.0,0,0,44,49
4921,301,random,1.0,0,0,1,47
4922,3687,random,1.0,0,0,37,4
4923,1626,random,1.0,0,0,26,21
4924,1735,random,1.0,0,0,35,32
4925,2035,random,1.0,0,0,35,11
4926,4159,random,1.0,0,0,9,12
4927,1532,random,1.0,0,0,32,11
4928,718,random,1.0,0,0,18,9
4929,1623,random,1.0,0,0,23,3
4930,998,random,1.0,0,0,48,28
4931,1499,random,1.0,0,0,49,16
4932,1508,random,1.0,0,0,8,20
4933,2377,random,1.0,0,0,27,44
4934,279,random,1.0,0,0,29,45
4935,277,random,1.0,0,0,27,14
4936,4445,random,1.0,0,0,45,24
4937,4977,random,1.0,0,0,27,19
4938,65,random,1.0,0,0,15,6
4939,49,random,1.0,0,0,49,13
4940,3863,random,1.0,0,0,13,44
4941,4506,random,1.0,0,0,6,47
4942,4785,random,1.0,0,0,35,22
4943,1661,random,1.0,0,0,11,40
4944,2225,random,1.0,0,0,25,7
4945,4630,random,1.0,0,0,30,37
4946,2165,random,1.0,0,0,15,22
4947,2420,random,1.0,0,0,20,25
4948,2869,random,1.0,0,0,19,2
4949,669,random,1.0,0,0,19,22
4950,4831,random,1.0,0,0,31,44
4951,1524,random,1.0,0,0,24,38
4952,4138,random,1.0,0,0,38,12
4953,1658,random,1.0,0,0,8,14
4954,3601,random,1.0,0,0,1,49
4955,4263,random,1.0,0,0,13,27
4956,3148,random,1.0,0,0,48,24
4957,2361,random,1.0,0,0,11,33
4958,2344,random,1.0,0,0,44,26
4959,1526,random,1.0,0,0,26,27
4960,4586,random,1.0,0,0,36,6
4961,3792,random,1.0,0,0,42,30
4962,3909,random,1.0,0,0,9,30
4963,4737,random,1.0,0,0,37,42
4964,4386,random,1.0,0,0,36,1
4965,2665,random,1.0,0,0,15,45
4966,2827,random,1.0,0,0,27,3
4967,2260,random,1.0,0,0,10,7
4968,3027,random,1.0,0,0,27,3
4969,555,random,1.0,0,0,5,32
4970,1058,random,1.0,0,0,8,6
4971,1081,random,1.0,0,0,31,29
4972,1815,random,1.0,0,0,15,16
4973,4631,random,1.0,0,0,31,35
4974,1296,random,1.0,0,0,46,23
4975,1039,random,1.0,0,0,39,17
4976,4924,random,1.0,0,0,24,35
4977,2669,random,1.0,0,0,19,30
4978,2499,random,1.0,0,0,49,45
4979,528,random,1.0,0,0,28,33
4980,752,random,1.0,0,0,2,27
4981,1219,random,1.0,0,0,19,6
4982,4382,random,1.0,0,0,32,29
4983,4410,random,1.0,0,0,10,6
4984,333,random,1.0,0,0,33,24
4985,182,random,1.0,0,0,32,0
4986,3590,random,1.0,0,0,40,42
4987,4783,random,1.0,0,0,33,11
4988,4137,random,1.0,0,0,37,47
4989,3606,random,1.0,0,0,6,5
4990,4371,random,1.0,0,0,21,18
4991,675,random,1.0,0,0,25,4
4992,3375,random,1.0,0,0,25,37
4993,1137,random,1.0,0,0,37,12
4994,749,random,1.0,0,0,49,4
4995,437,random,1.0,0,0,37,19
4996,491,random,1.0,0,0,41,22
4997,2189,random,1.0,0,0,39,29
4998,4802,random,1.0,0,0,2,17
4999,1672,random,1.0,0,0,22,34
