a_id,b_id,pair_strategy,pair_score,is_true_pair,is_same_group,a_group_id,b_group_id
0,0,true_pair,1.0,1,1,35,35
1,1,true_pair,1.0,1,1,33,33
2,2,true_pair,1.0,1,1,28,28
3,3,true_pair,1.0,1,1,25,25
4,4,true_pair,1.0,1,1,43,43
5,5,true_pair,1.0,1,1,40,40
6,6,true_pair,1.0,1,1,35,35
7,7,true_pair,1.0,1,1,15,15
8,8,true_pair,1.0,1,1,20,20
9,9,true_pair,1.0,1,1,27,27
10,10,true_pair,1.0,1,1,3,3
11,11,true_pair,1.0,1,1,2,2
12,12,true_pair,1.0,1,1,35,35
13,13,true_pair,1.0,1,1,36,36
14,14,true_pair,1.0,1,1,19,19
15,15,true_pair,1.0,1,1,25,25
16,16,true_pair,1.0,1,1,5,5
17,17,true_pair,1.0,1,1,46,46
18,18,true_pair,1.0,1,1,18,18
19,19,true_pair,1.0,1,1,44,44
20,20,true_pair,1.0,1,1,15,15
21,21,true_pair,1.0,1,1,0,0
22,22,true_pair,1.0,1,1,46,46
23,23,true_pair,1.0,1,1,42,42
24,24,true_pair,1.0,1,1,10,10
25,25,true_pair,1.0,1,1,28,28
26,26,true_pair,1.0,1,1,25,25
27,27,true_pair,1.0,1,1,5,5
28,28,true_pair,1.0,1,1,23,23
29,29,true_pair,1.0,1,1,10,10
30,30,true_pair,1.0,1,1,30,30
31,31,true_pair,1.0,1,1,45,45
32,32,true_pair,1.0,1,1,14,14
33,33,true_pair,1.0,1,1,3,3
34,34,true_pair,1.0,1,1,39,39
35,35,true_pair,1.0,1,1,31,31
36,36,true_pair,1.0,1,1,32,32
37,37,true_pair,1.0,1,1,46,46
38,38,true_pair,1.0,1,1,10,10
39,39,true_pair,1.0,1,1,45,45
40,40,true_pair,1.0,1,1,23,23
41,41,true_pair,1.0,1,1,10,10
42,42,true_pair,1.0,1,1,48,48
43,43,true_pair,1.0,1,1,17,17
44,44,true_pair,1.0,1,1,41,41
45,45,true_pair,1.0,1,1,23,23
46,46,true_pair,1.0,1,1,43,43
47,47,true_pair,1.0,1,1,37,37
48,48,true_pair,1.0,1,1,6,6
49,49,true_pair,1.0,1,1,13,13
50,50,true_pair,1.0,1,1,7,7
51,51,true_pair,1.0,1,1,1,1
52,52,true_pair,1.0,1,1,26,26
53,53,true_pair,1.0,1,1,0,0
54,54,true_pair,1.0,1,1,32,32
55,55,true_pair,1.0,1,1,13,13
56,56,true_pair,1.0,1,1,22,22
57,57,true_pair,1.0,1,1,17,17
58,58,true_pair,1.0,1,1,30,30
59,59,true_pair,1.0,1,1,5,5
60,60,true_pair,1.0,1,1,20,20
61,61,true_pair,1.0,1,1,28,28
62,62,true_pair,1.0,1,1,32,32
63,63,true_pair,1.0,1,1,5,5
64,64,true_pair,1.0,1,1,27,27
65,65,true_pair,1.0,1,1,6,6
66,66,true_pair,1.0,1,1,33,33
67,67,true_pair,1.0,1,1,35,35
68,68,true_pair,1.0,1,1,8,8
69,69,true_pair,1.0,1,1,22,22
70,70,true_pair,1.0,1,1,15,15
71,71,true_pair,1.0,1,1,35,35
72,72,true_pair,1.0,1,1,31,31
73,73,true_pair,1.0,1,1,10,10
74,74,true_pair,1.0,1,1,33,33
75,75,true_pair,1.0,1,1,36,36
76,76,true_pair,1.0,1,1,47,47
77,77,true_pair,1.0,1,1,10,10
78,78,true_pair,1.0,1,1,2,2
79,79,true_pair,1.0,1,1,28,28
80,80,true_pair,1.0,1,1,44,44
81,81,true_pair,1.0,1,1,20,20
82,82,true_pair,1.0,1,1,9,9
83,83,true_pair,1.0,1,1,1,1
84,84,true_pair,1.0,1,1,15,15
85,85,true_pair,1.0,1,1,3,3
86,86,true_pair,1.0,1,1,39,39
87,87,true_pair,1.0,1,1,31,31
88,88,true_pair,1.0,1,1,42,42
89,89,true_pair,1.0,1,1,24,24
90,90,true_pair,1.0,1,1,48,48
91,91,true_pair,1.0,1,1,20,20
92,92,true_pair,1.0,1,1,34,34
93,93,true_pair,1.0,1,1,45,45
94,94,true_pair,1.0,1,1,47,47
95,95,true_pair,1.0,1,1,38,38
96,96,true_pair,1.0,1,1,11,11
97,97,true_pair,1.0,1,1,39,39
98,98,true_pair,1.0,1,1,47,47
99,99,true_pair,1.0,1,1,22,22
100,100,true_pair,1.0,1,1,45,45
101,101,true_pair,1.0,1,1,6,6
102,102,true_pair,1.0,1,1,47,47
103,103,true_pair,1.0,1,1,0,0
104,104,true_pair,1.0,1,1,30,30
105,105,true_pair,1.0,1,1,21,21
106,106,true_pair,1.0,1,1,29,29
107,107,true_pair,1.0,1,1,2,2
108,108,true_pair,1.0,1,1,10,10
109,109,true_pair,1.0,1,1,38,38
110,110,true_pair,1.0,1,1,46,46
111,111,true_pair,1.0,1,1,38,38
112,112,true_pair,1.0,1,1,29,29
113,113,true_pair,1.0,1,1,26,26
114,114,true_pair,1.0,1,1,30,30
115,115,true_pair,1.0,1,1,38,38
116,116,true_pair,1.0,1,1,38,38
117,117,true_pair,1.0,1,1,34,34
118,118,true_pair,1.0,1,1,1,1
119,119,true_pair,1.0,1,1,36,36
120,120,true_pair,1.0,1,1,0,0
121,121,true_pair,1.0,1,1,34,34
122,122,true_pair,1.0,1,1,45,45
123,123,true_pair,1.0,1,1,29,29
124,124,true_pair,1.0,1,1,1,1
125,125,true_pair,1.0,1,1,44,44
126,126,true_pair,1.0,1,1,20,20
127,127,true_pair,1.0,1,1,8,8
128,128,true_pair,1.0,1,1,29,29
129,129,true_pair,1.0,1,1,34,34
130,130,true_pair,1.0,1,1,6,6
131,131,true_pair,1.0,1,1,1,1
132,132,true_pair,1.0,1,1,49,49
133,133,true_pair,1.0,1,1,12,12
134,134,true_pair,1.0,1,1,45,45
135,135,true_pair,1.0,1,1,8,8
136,136,true_pair,1.0,1,1,40,40
137,137,true_pair,1.0,1,1,22,22
138,138,true_pair,1.0,1,1,39,39
139,139,true_pair,1.0,1,1,41,41
140,140,true_pair,1.0,1,1,31,31
141,141,true_pair,1.0,1,1,46,46
142,142,true_pair,1.0,1,1,10,10
143,143,true_pair,1.0,1,1,21,21
144,144,true_pair,1.0,1,1,9,9
145,145,true_pair,1.0,1,1,37,37
146,146,true_pair,1.0,1,1,43,43
147,147,true_pair,1.0,1,1,11,11
148,148,true_pair,1.0,1,1,49,49
149,149,true_pair,1.0,1,1,30,30
150,150,true_pair,1.0,1,1,33,33
151,151,true_pair,1.0,1,1,1,1
152,152,true_pair,1.0,1,1,34,34
153,153,true_pair,1.0,1,1,17,17
154,154,true_pair,1.0,1,1,14,14
155,155,true_pair,1.0,1,1,43,43
156,156,true_pair,1.0,1,1,6,6
157,157,true_pair,1.0,1,1,31,31
158,158,true_pair,1.0,1,1,23,23
159,159,true_pair,1.0,1,1,16,16
160,160,true_pair,1.0,1,1,16,16
161,161,true_pair,1.0,1,1,16,16
162,162,true_pair,1.0,1,1,8,8
163,163,true_pair,1.0,1,1,13,13
164,164,true_pair,1.0,1,1,48,48
165,165,true_pair,1.0,1,1,32,32
166,166,true_pair,1.0,1,1,10,10
167,167,true_pair,1.0,1,1,36,36
168,168,true_pair,1.0,1,1,32,32
169,169,true_pair,1.0,1,1,19,19
170,170,true_pair,1.0,1,1,20,20
171,171,true_pair,1.0,1,1,23,23
172,172,true_pair,1.0,1,1,27,27
173,173,true_pair,1.0,1,1,22,22
174,174,true_pair,1.0,1,1,48,48
175,175,true_pair,1.0,1,1,34,34
176,176,true_pair,1.0,1,1,28,28
177,177,true_pair,1.0,1,1,2,2
178,178,true_pair,1.0,1,1,7,7
179,179,true_pair,1.0,1,1,16,16
180,180,true_pair,1.0,1,1,0,0
181,181,true_pair,1.0,1,1,48,48
182,182,true_pair,1.0,1,1,0,0
183,183,true_pair,1.0,1,1,6,6
184,184,true_pair,1.0,1,1,31,31
185,185,true_pair,1.0,1,1,49,49
186,186,true_pair,1.0,1,1,32,32
187,187,true_pair,1.0,1,1,49,49
188,188,true_pair,1.0,1,1,47,47
189,189,true_pair,1.0,1,1,24,24
190,190,true_pair,1.0,1,1,46,46
191,191,true_pair,1.0,1,1,44,44
192,192,true_pair,1.0,1,1,31,31
193,193,true_pair,1.0,1,1,7,7
194,194,true_pair,1.0,1,1,14,14
195,195,true_pair,1.0,1,1,29,29
196,196,true_pair,1.0,1,1,44,44
197,197,true_pair,1.0,1,1,45,45
198,198,true_pair,1.0,1,1,3,3
199,199,true_pair,1.0,1,1,0,0
200,200,true_pair,1.0,1,1,13,13
201,201,true_pair,1.0,1,1,39,39
202,202,true_pair,1.0,1,1,4,4
203,203,true_pair,1.0,1,1,3,3
204,204,true_pair,1.0,1,1,25,25
205,205,true_pair,1.0,1,1,45,45
206,206,true_pair,1.0,1,1,49,49
207,207,true_pair,1.0,1,1,5,5
208,208,true_pair,1.0,1,1,38,38
209,209,true_pair,1.0,1,1,45,45
210,210,true_pair,1.0,1,1,16,16
211,211,true_pair,1.0,1,1,27,27
212,212,true_pair,1.0,1,1,36,36
213,213,true_pair,1.0,1,1,39,39
214,214,true_pair,1.0,1,1,8,8
215,215,true_pair,1.0,1,1,46,46
216,216,true_pair,1.0,1,1,4,4
217,217,true_pair,1.0,1,1,24,24
218,218,true_pair,1.0,1,1,39,39
219,219,true_pair,1.0,1,1,19,19
220,220,true_pair,1.0,1,1,35,35
221,221,true_pair,1.0,1,1,31,31
222,222,true_pair,1.0,1,1,3,3
223,223,true_pair,1.0,1,1,7,7
224,224,true_pair,1.0,1,1,19,19
225,225,true_pair,1.0,1,1,45,45
226,226,true_pair,1.0,1,1,48,48
227,227,true_pair,1.0,1,1,44,44
228,228,true_pair,1.0,1,1,17,17
229,229,true_pair,1.0,1,1,19,19
230,230,true_pair,1.0,1,1,30,30
231,231,true_pair,1.0,1,1,34,34
232,232,true_pair,1.0,1,1,10,10
233,233,true_pair,1.0,1,1,5,5
234,234,true_pair,1.0,1,1,27,27
235,235,true_pair,1.0,1,1,11,11
236,236,true_pair,1.0,1,1,30,30
237,237,true_pair,1.0,1,1,37,37
238,238,true_pair,1.0,1,1,48,48
239,239,true_pair,1.0,1,1,48,48
240,240,true_pair,1.0,1,1,15,15
241,241,true_pair,1.0,1,1,4,4
242,242,true_pair,1.0,1,1,33,33
243,243,true_pair,1.0,1,1,18,18
244,244,true_pair,1.0,1,1,39,39
245,245,true_pair,1.0,1,1,11,11
246,246,true_pair,1.0,1,1,22,22
247,247,true_pair,1.0,1,1,15,15
248,248,true_pair,1.0,1,1,29,29
249,249,true_pair,1.0,1,1,48,48
250,250,true_pair,1.0,1,1,7,7
251,251,true_pair,1.0,1,1,31,31
252,252,true_pair,1.0,1,1,30,30
253,253,true_pair,1.0,1,1,43,43
254,254,true_pair,1.0,1,1,37,37
255,255,true_pair,1.0,1,1,31,31
256,256,true_pair,1.0,1,1,43,43
257,257,true_pair,1.0,1,1,39,39
258,258,true_pair,1.0,1,1,10,10
259,259,true_pair,1.0,1,1,19,19
260,260,true_pair,1.0,1,1,38,38
261,261,true_pair,1.0,1,1,41,41
262,262,true_pair,1.0,1,1,16,16
263,263,true_pair,1.0,1,1,49,49
264,264,true_pair,1.0,1,1,38,38
265,265,true_pair,1.0,1,1,7,7
266,266,true_pair,1.0,1,1,39,39
267,267,true_pair,1.0,1,1,30,30
268,268,true_pair,1.0,1,1,2,2
269,269,true_pair,1.0,1,1,29,29
270,270,true_pair,1.0,1,1,11,11
271,271,true_pair,1.0,1,1,35,35
272,272,true_pair,1.0,1,1,17,17
273,273,true_pair,1.0,1,1,37,37
274,274,true_pair,1.0,1,1,45,45
275,275,true_pair,1.0,1,1,36,36
276,276,true_pair,1.0,1,1,4,4
277,277,true_pair,1.0,1,1,14,14
278,278,true_pair,1.0,1,1,17,17
279,279,true_pair,1.0,1,1,45,45
280,280,true_pair,1.0,1,1,3,3
281,281,true_pair,1.0,1,1,41,41
282,282,true_pair,1.0,1,1,29,29
283,283,true_pair,1.0,1,1,49,49
284,284,true_pair,1.0,1,1,8,8
285,285,true_pair,1.0,1,1,17,17
286,286,true_pair,1.0,1,1,9,9
287,287,true_pair,1.0,1,1,27,27
288,288,true_pair,1.0,1,1,33,33
289,289,true_pair,1.0,1,1,27,27
290,290,true_pair,1.0,1,1,24,24
291,291,true_pair,1.0,1,1,46,46
292,292,true_pair,1.0,1,1,7,7
293,293,true_pair,1.0,1,1,11,11
294,294,true_pair,1.0,1,1,16,16
295,295,true_pair,1.0,1,1,15,15
296,296,true_pair,1.0,1,1,29,29
297,297,true_pair,1.0,1,1,24,24
298,298,true_pair,1.0,1,1,17,17
299,299,true_pair,1.0,1,1,12,12
300,300,true_pair,1.0,1,1,3,3
301,301,true_pair,1.0,1,1,47,47
302,302,true_pair,1.0,1,1,35,35
303,303,true_pair,1.0,1,1,47,47
304,304,true_pair,1.0,1,1,34,34
305,305,true_pair,1.0,1,1,8,8
306,306,true_pair,1.0,1,1,6,6
307,307,true_pair,1.0,1,1,40,40
308,308,true_pair,1.0,1,1,18,18
309,309,true_pair,1.0,1,1,6,6
310,310,true_pair,1.0,1,1,2,2
311,311,true_pair,1.0,1,1,31,31
312,312,true_pair,1.0,1,1,31,31
313,313,true_pair,1.0,1,1,14,14
314,314,true_pair,1.0,1,1,11,11
315,315,true_pair,1.0,1,1,21,21
316,316,true_pair,1.0,1,1,43,43
317,317,true_pair,1.0,1,1,7,7
318,318,true_pair,1.0,1,1,42,42
319,319,true_pair,1.0,1,1,23,23
320,320,true_pair,1.0,1,1,23,23
321,321,true_pair,1.0,1,1,15,15
322,322,true_pair,1.0,1,1,40,40
323,323,true_pair,1.0,1,1,1,1
324,324,true_pair,1.0,1,1,19,19
325,325,true_pair,1.0,1,1,5,5
326,326,true_pair,1.0,1,1,43,43
327,327,true_pair,1.0,1,1,34,34
328,328,true_pair,1.0,1,1,24,24
329,329,true_pair,1.0,1,1,11,11
330,330,true_pair,1.0,1,1,35,35
331,331,true_pair,1.0,1,1,47,47
332,332,true_pair,1.0,1,1,15,15
333,333,true_pair,1.0,1,1,24,24
334,334,true_pair,1.0,1,1,12,12
335,335,true_pair,1.0,1,1,0,0
336,336,true_pair,1.0,1,1,21,21
337,337,true_pair,1.0,1,1,23,23
338,338,true_pair,1.0,1,1,29,29
339,339,true_pair,1.0,1,1,6,6
340,340,true_pair,1.0,1,1,47,47
341,341,true_pair,1.0,1,1,41,41
342,342,true_pair,1.0,1,1,11,11
343,343,true_pair,1.0,1,1,4,4
344,344,true_pair,1.0,1,1,25,25
345,345,true_pair,1.0,1,1,19,19
346,346,true_pair,1.0,1,1,26,26
347,347,true_pair,1.0,1,1,30,30
348,348,true_pair,1.0,1,1,35,35
349,349,true_pair,1.0,1,1,46,46
350,350,true_pair,1.0,1,1,32,32
351,351,true_pair,1.0,1,1,20,20
352,352,true_pair,1.0,1,1,3,3
353,353,true_pair,1.0,1,1,44,44
354,354,true_pair,1.0,1,1,17,17
355,355,true_pair,1.0,1,1,19,19
356,356,true_pair,1.0,1,1,18,18
357,357,true_pair,1.0,1,1,7,7
358,358,true_pair,1.0,1,1,24,24
359,359,true_pair,1.0,1,1,10,10
360,360,true_pair,1.0,1,1,17,17
361,361,true_pair,1.0,1,1,11,11
362,362,true_pair,1.0,1,1,16,16
363,363,true_pair,1.0,1,1,1,1
364,364,true_pair,1.0,1,1,13,13
365,365,true_pair,1.0,1,1,38,38
366,366,true_pair,1.0,1,1,40,40
367,367,true_pair,1.0,1,1,5,5
368,368,true_pair,1.0,1,1,24,24
369,369,true_pair,1.0,1,1,0,0
370,370,true_pair,1.0,1,1,33,33
371,371,true_pair,1.0,1,1,18,18
372,372,true_pair,1.0,1,1,27,27
373,373,true_pair,1.0,1,1,18,18
374,374,true_pair,1.0,1,1,19,19
375,375,true_pair,1.0,1,1,13,13
376,376,true_pair,1.0,1,1,36,36
377,377,true_pair,1.0,1,1,45,45
378,378,true_pair,1.0,1,1,3,3
379,379,true_pair,1.0,1,1,13,13
380,380,true_pair,1.0,1,1,34,34
381,381,true_pair,1.0,1,1,41,41
382,382,true_pair,1.0,1,1,29,29
383,383,true_pair,1.0,1,1,33,33
384,384,true_pair,1.0,1,1,48,48
385,385,true_pair,1.0,1,1,10,10
386,386,true_pair,1.0,1,1,26,26
387,387,true_pair,1.0,1,1,20,20
388,388,true_pair,1.0,1,1,34,34
389,389,true_pair,1.0,1,1,21,21
390,390,true_pair,1.0,1,1,13,13
391,391,true_pair,1.0,1,1,27,27
392,392,true_pair,1.0,1,1,32,32
393,393,true_pair,1.0,1,1,29,29
394,394,true_pair,1.0,1,1,33,33
395,395,true_pair,1.0,1,1,33,33
396,396,true_pair,1.0,1,1,27,27
397,397,true_pair,1.0,1,1,19,19
398,398,true_pair,1.0,1,1,36,36
399,399,true_pair,1.0,1,1,16,16
400,400,true_pair,1.0,1,1,10,10
401,401,true_pair,1.0,1,1,27,27
402,402,true_pair,1.0,1,1,8,8
403,403,true_pair,1.0,1,1,34,34
404,404,true_pair,1.0,1,1,11,11
405,405,true_pair,1.0,1,1,46,46
406,406,true_pair,1.0,1,1,33,33
407,407,true_pair,1.0,1,1,48,48
408,408,true_pair,1.0,1,1,20,20
409,409,true_pair,1.0,1,1,41,41
410,410,true_pair,1.0,1,1,5,5
411,411,true_pair,1.0,1,1,9,9
412,412,true_pair,1.0,1,1,12,12
413,413,true_pair,1.0,1,1,28,28
414,414,true_pair,1.0,1,1,4,4
415,415,true_pair,1.0,1,1,14,14
416,416,true_pair,1.0,1,1,49,49
417,417,true_pair,1.0,1,1,4,4
418,418,true_pair,1.0,1,1,15,15
419,419,true_pair,1.0,1,1,46,46
420,420,true_pair,1.0,1,1,19,19
421,421,true_pair,1.0,1,1,44,44
422,422,true_pair,1.0,1,1,43,43
423,423,true_pair,1.0,1,1,29,29
424,424,true_pair,1.0,1,1,0,0
425,425,true_pair,1.0,1,1,33,33
426,426,true_pair,1.0,1,1,2,2
427,427,true_pair,1.0,1,1,26,26
428,428,true_pair,1.0,1,1,48,48
429,429,true_pair,1.0,1,1,12,12
430,430,true_pair,1.0,1,1,11,11
431,431,true_pair,1.0,1,1,36,36
432,432,true_pair,1.0,1,1,6,6
433,433,true_pair,1.0,1,1,8,8
434,434,true_pair,1.0,1,1,45,45
435,435,true_pair,1.0,1,1,18,18
436,436,true_pair,1.0,1,1,22,22
437,437,true_pair,1.0,1,1,19,19
438,438,true_pair,1.0,1,1,40,40
439,439,true_pair,1.0,1,1,9,9
440,440,true_pair,1.0,1,1,18,18
441,441,true_pair,1.0,1,1,2,2
442,442,true_pair,1.0,1,1,24,24
443,443,true_pair,1.0,1,1,29,29
444,444,true_pair,1.0,1,1,10,10
445,445,true_pair,1.0,1,1,17,17
446,446,true_pair,1.0,1,1,39,39
447,447,true_pair,1.0,1,1,37,37
448,448,true_pair,1.0,1,1,33,33
449,449,true_pair,1.0,1,1,3,3
450,450,true_pair,1.0,1,1,4,4
451,451,true_pair,1.0,1,1,3,3
452,452,true_pair,1.0,1,1,24,24
453,453,true_pair,1.0,1,1,13,13
454,454,true_pair,1.0,1,1,23,23
455,455,true_pair,1.0,1,1,6,6
456,456,true_pair,1.0,1,1,48,48
457,457,true_pair,1.0,1,1,12,12
458,458,true_pair,1.0,1,1,17,17
459,459,true_pair,1.0,1,1,19,19
460,460,true_pair,1.0,1,1,43,43
461,461,true_pair,1.0,1,1,31,31
462,462,true_pair,1.0,1,1,49,49
463,463,true_pair,1.0,1,1,43,43
464,464,true_pair,1.0,1,1,36,36
465,465,true_pair,1.0,1,1,30,30
466,466,true_pair,1.0,1,1,27,27
467,467,true_pair,1.0,1,1,42,42
468,468,true_pair,1.0,1,1,36,36
469,469,true_pair,1.0,1,1,33,33
470,470,true_pair,1.0,1,1,29,29
471,471,true_pair,1.0,1,1,30,30
472,472,true_pair,1.0,1,1,22,22
473,473,true_pair,1.0,1,1,43,43
474,474,true_pair,1.0,1,1,14,14
475,475,true_pair,1.0,1,1,16,16
476,476,true_pair,1.0,1,1,16,16
477,477,true_pair,1.0,1,1,14,14
478,478,true_pair,1.0,1,1,45,45
479,479,true_pair,1.0,1,1,20,20
480,480,true_pair,1.0,1,1,31,31
481,481,true_pair,1.0,1,1,16,16
482,482,true_pair,1.0,1,1,12,12
483,483,true_pair,1.0,1,1,22,22
484,484,true_pair,1.0,1,1,13,13
485,485,true_pair,1.0,1,1,16,16
486,486,true_pair,1.0,1,1,25,25
487,487,true_pair,1.0,1,1,10,10
488,488,true_pair,1.0,1,1,15,15
489,489,true_pair,1.0,1,1,17,17
490,490,true_pair,1.0,1,1,26,26
491,491,true_pair,1.0,1,1,22,22
492,492,true_pair,1.0,1,1,0,0
493,493,true_pair,1.0,1,1,11,11
494,494,true_pair,1.0,1,1,33,33
495,495,true_pair,1.0,1,1,35,35
496,496,true_pair,1.0,1,1,45,45
497,497,true_pair,1.0,1,1,43,43
498,498,true_pair,1.0,1,1,39,39
499,499,true_pair,1.0,1,1,8,8
500,500,true_pair,1.0,1,1,30,30
501,501,true_pair,1.0,1,1,6,6
502,502,true_pair,1.0,1,1,5,5
503,503,true_pair,1.0,1,1,26,26
504,504,true_pair,1.0,1,1,44,44
505,505,true_pair,1.0,1,1,47,47
506,506,true_pair,1.0,1,1,39,39
507,507,true_pair,1.0,1,1,27,27
508,508,true_pair,1.0,1,1,28,28
509,509,true_pair,1.0,1,1,49,49
510,510,true_pair,1.0,1,1,48,48
511,511,true_pair,1.0,1,1,20,20
512,512,true_pair,1.0,1,1,32,32
513,513,true_pair,1.0,1,1,49,49
514,514,true_pair,1.0,1,1,14,14
515,515,true_pair,1.0,1,1,23,23
516,516,true_pair,1.0,1,1,8,8
517,517,true_pair,1.0,1,1,12,12
518,518,true_pair,1.0,1,1,6,6
519,519,true_pair,1.0,1,1,41,41
520,520,true_pair,1.0,1,1,3,3
521,521,true_pair,1.0,1,1,20,20
522,522,true_pair,1.0,1,1,15,15
523,523,true_pair,1.0,1,1,9,9
524,524,true_pair,1.0,1,1,15,15
525,525,true_pair,1.0,1,1,15,15
526,526,true_pair,1.0,1,1,31,31
527,527,true_pair,1.0,1,1,0,0
528,528,true_pair,1.0,1,1,33,33
529,529,true_pair,1.0,1,1,24,24
530,530,true_pair,1.0,1,1,8,8
531,531,true_pair,1.0,1,1,7,7
532,532,true_pair,1.0,1,1,41,41
533,533,true_pair,1.0,1,1,10,10
534,534,true_pair,1.0,1,1,3,3
535,535,true_pair,1.0,1,1,37,37
536,536,true_pair,1.0,1,1,46,46
537,537,true_pair,1.0,1,1,8,8
538,538,true_pair,1.0,1,1,27,27
539,539,true_pair,1.0,1,1,29,29
540,540,true_pair,1.0,1,1,21,21
541,541,true_pair,1.0,1,1,45,45
542,542,true_pair,1.0,1,1,23,23
543,543,true_pair,1.0,1,1,22,22
544,544,true_pair,1.0,1,1,48,48
545,545,true_pair,1.0,1,1,34,34
546,546,true_pair,1.0,1,1,40,40
547,547,true_pair,1.0,1,1,42,42
548,548,true_pair,1.0,1,1,25,25
549,549,true_pair,1.0,1,1,33,33
550,550,true_pair,1.0,1,1,46,46
551,551,true_pair,1.0,1,1,31,31
552,552,true_pair,1.0,1,1,25,25
553,553,true_pair,1.0,1,1,26,26
554,554,true_pair,1.0,1,1,37,37
555,555,true_pair,1.0,1,1,32,32
556,556,true_pair,1.0,1,1,24,24
557,557,true_pair,1.0,1,1,12,12
558,558,true_pair,1.0,1,1,38,38
559,559,true_pair,1.0,1,1,40,40
560,560,true_pair,1.0,1,1,33,33
561,561,true_pair,1.0,1,1,2,2
562,562,true_pair,1.0,1,1,4,4
563,563,true_pair,1.0,1,1,43,43
564,564,true_pair,1.0,1,1,23,23
565,565,true_pair,1.0,1,1,40,40
566,566,true_pair,1.0,1,1,39,39
567,567,true_pair,1.0,1,1,45,45
568,568,true_pair,1.0,1,1,44,44
569,569,true_pair,1.0,1,1,43,43
570,570,true_pair,1.0,1,1,18,18
571,571,true_pair,1.0,1,1,33,33
572,572,true_pair,1.0,1,1,39,39
573,573,true_pair,1.0,1,1,17,17
574,574,true_pair,1.0,1,1,47,47
575,575,true_pair,1.0,1,1,20,20
576,576,true_pair,1.0,1,1,36,36
577,577,true_pair,1.0,1,1,29,29
578,578,true_pair,1.0,1,1,46,46
579,579,true_pair,1.0,1,1,17,17
580,580,true_pair,1.0,1,1,44,44
581,581,true_pair,1.0,1,1,38,38
582,582,true_pair,1.0,1,1,23,23
583,583,true_pair,1.0,1,1,11,11
584,584,true_pair,1.0,1,1,37,37
585,585,true_pair,1.0,1,1,4,4
586,586,true_pair,1.0,1,1,2,2
587,587,true_pair,1.0,1,1,8,8
588,588,true_pair,1.0,1,1,10,10
589,589,true_pair,1.0,1,1,4,4
590,590,true_pair,1.0,1,1,49,49
591,591,true_pair,1.0,1,1,39,39
592,592,true_pair,1.0,1,1,16,16
593,593,true_pair,1.0,1,1,1,1
594,594,true_pair,1.0,1,1,21,21
595,595,true_pair,1.0,1,1,49,49
596,596,true_pair,1.0,1,1,2,2
597,597,true_pair,1.0,1,1,39,39
598,598,true_pair,1.0,1,1,28,28
599,599,true_pair,1.0,1,1,26,26
600,600,true_pair,1.0,1,1,37,37
601,601,true_pair,1.0,1,1,3,3
602,602,true_pair,1.0,1,1,13,13
603,603,true_pair,1.0,1,1,38,38
604,604,true_pair,1.0,1,1,41,41
605,605,true_pair,1.0,1,1,9,9
606,606,true_pair,1.0,1,1,41,41
607,607,true_pair,1.0,1,1,22,22
608,608,true_pair,1.0,1,1,49,49
609,609,true_pair,1.0,1,1,33,33
610,610,true_pair,1.0,1,1,42,42
611,611,true_pair,1.0,1,1,22,22
612,612,true_pair,1.0,1,1,18,18
613,613,true_pair,1.0,1,1,48,48
614,614,true_pair,1.0,1,1,46,46
615,615,true_pair,1.0,1,1,9,9
616,616,true_pair,1.0,1,1,49,49
617,617,true_pair,1.0,1,1,24,24
618,618,true_pair,1.0,1,1,0,0
619,619,true_pair,1.0,1,1,11,11
620,620,true_pair,1.0,1,1,1,1
621,621,true_pair,1.0,1,1,1,1
622,622,true_pair,1.0,1,1,36,36
623,623,true_pair,1.0,1,1,23,23
624,624,true_pair,1.0,1,1,4,4
625,625,true_pair,1.0,1,1,22,22
626,626,true_pair,1.0,1,1,3,3
627,627,true_pair,1.0,1,1,33,33
628,628,true_pair,1.0,1,1,49,49
629,629,true_pair,1.0,1,1,38,38
630,630,true_pair,1.0,1,1,41,41
631,631,true_pair,1.0,1,1,18,18
632,632,true_pair,1.0,1,1,23,23
633,633,true_pair,1.0,1,1,25,25
634,634,true_pair,1.0,1,1,1,1
635,635,true_pair,1.0,1,1,23,23
636,636,true_pair,1.0,1,1,7,7
637,637,true_pair,1.0,1,1,7,7
638,638,true_pair,1.0,1,1,30,30
639,639,true_pair,1.0,1,1,28,28
640,640,true_pair,1.0,1,1,1,1
641,641,true_pair,1.0,1,1,46,46
642,642,true_pair,1.0,1,1,44,44
643,643,true_pair,1.0,1,1,41,41
644,644,true_pair,1.0,1,1,17,17
645,645,true_pair,1.0,1,1,17,17
646,646,true_pair,1.0,1,1,7,7
647,647,true_pair,1.0,1,1,9,9
648,648,true_pair,1.0,1,1,2,2
649,649,true_pair,1.0,1,1,44,44
650,650,true_pair,1.0,1,1,49,49
651,651,true_pair,1.0,1,1,18,18
652,652,true_pair,1.0,1,1,32,32
653,653,true_pair,1.0,1,1,31,31
654,654,true_pair,1.0,1,1,7,7
655,655,true_pair,1.0,1,1,37,37
656,656,true_pair,1.0,1,1,43,43
657,657,true_pair,1.0,1,1,16,16
658,658,true_pair,1.0,1,1,34,34
659,659,true_pair,1.0,1,1,11,11
660,660,true_pair,1.0,1,1,36,36
661,661,true_pair,1.0,1,1,10,10
662,662,true_pair,1.0,1,1,22,22
663,663,true_pair,1.0,1,1,1,1
664,664,true_pair,1.0,1,1,21,21
665,665,true_pair,1.0,1,1,15,15
666,666,true_pair,1.0,1,1,2,2
667,667,true_pair,1.0,1,1,12,12
668,668,true_pair,1.0,1,1,48,48
669,669,true_pair,1.0,1,1,22,22
670,670,true_pair,1.0,1,1,1,1
671,671,true_pair,1.0,1,1,14,14
672,672,true_pair,1.0,1,1,31,31
673,673,true_pair,1.0,1,1,20,20
674,674,true_pair,1.0,1,1,22,22
675,675,true_pair,1.0,1,1,4,4
676,676,true_pair,1.0,1,1,28,28
677,677,true_pair,1.0,1,1,10,10
678,678,true_pair,1.0,1,1,43,43
679,679,true_pair,1.0,1,1,11,11
680,680,true_pair,1.0,1,1,11,11
681,681,true_pair,1.0,1,1,30,30
682,682,true_pair,1.0,1,1,13,13
683,683,true_pair,1.0,1,1,32,32
684,684,true_pair,1.0,1,1,25,25
685,685,true_pair,1.0,1,1,29,29
686,686,true_pair,1.0,1,1,32,32
687,687,true_pair,1.0,1,1,10,10
688,688,true_pair,1.0,1,1,35,35
689,689,true_pair,1.0,1,1,35,35
690,690,true_pair,1.0,1,1,12,12
691,691,true_pair,1.0,1,1,42,42
692,692,true_pair,1.0,1,1,12,12
693,693,true_pair,1.0,1,1,32,32
694,694,true_pair,1.0,1,1,13,13
695,695,true_pair,1.0,1,1,25,25
696,696,true_pair,1.0,1,1,22,22
697,697,true_pair,1.0,1,1,1,1
698,698,true_pair,1.0,1,1,30,30
699,699,true_pair,1.0,1,1,35,35
700,700,true_pair,1.0,1,1,10,10
701,701,true_pair,1.0,1,1,10,10
702,702,true_pair,1.0,1,1,10,10
703,703,true_pair,1.0,1,1,24,24
704,704,true_pair,1.0,1,1,21,21
705,705,true_pair,1.0,1,1,26,26
706,706,true_pair,1.0,1,1,14,14
707,707,true_pair,1.0,1,1,9,9
708,708,true_pair,1.0,1,1,22,22
709,709,true_pair,1.0,1,1,33,33
710,710,true_pair,1.0,1,1,0,0
711,711,true_pair,1.0,1,1,49,49
712,712,true_pair,1.0,1,1,32,32
713,713,true_pair,1.0,1,1,48,48
714,714,true_pair,1.0,1,1,12,12
715,715,true_pair,1.0,1,1,36,36
716,716,true_pair,1.0,1,1,47,47
717,717,true_pair,1.0,1,1,25,25
718,718,true_pair,1.0,1,1,9,9
719,719,true_pair,1.0,1,1,42,42
720,720,true_pair,1.0,1,1,46,46
721,721,true_pair,1.0,1,1,45,45
722,722,true_pair,1.0,1,1,11,11
723,723,true_pair,1.0,1,1,42,42
724,724,true_pair,1.0,1,1,38,38
725,725,true_pair,1.0,1,1,24,24
726,726,true_pair,1.0,1,1,15,15
727,727,true_pair,1.0,1,1,47,47
728,728,true_pair,1.0,1,1,48,48
729,729,true_pair,1.0,1,1,39,39
730,730,true_pair,1.0,1,1,35,35
731,731,true_pair,1.0,1,1,3,3
732,732,true_pair,1.0,1,1,44,44
733,733,true_pair,1.0,1,1,14,14
734,734,true_pair,1.0,1,1,13,13
735,735,true_pair,1.0,1,1,0,0
736,736,true_pair,1.0,1,1,19,19
737,737,true_pair,1.0,1,1,47,47
738,738,true_pair,1.0,1,1,2,2
739,739,true_pair,1.0,1,1,20,20
740,740,true_pair,1.0,1,1,41,41
741,741,true_pair,1.0,1,1,7,7
742,742,true_pair,1.0,1,1,21,21
743,743,true_pair,1.0,1,1,28,28
744,744,true_pair,1.0,1,1,13,13
745,745,true_pair,1.0,1,1,36,36
746,746,true_pair,1.0,1,1,8,8
747,747,true_pair,1.0,1,1,48,48
748,748,true_pair,1.0,1,1,39,39
749,749,true_pair,1.0,1,1,4,4
750,750,true_pair,1.0,1,1,47,47
751,751,true_pair,1.0,1,1,3,3
752,752,true_pair,1.0,1,1,27,27
753,753,true_pair,1.0,1,1,48,48
754,754,true_pair,1.0,1,1,17,17
755,755,true_pair,1.0,1,1,45,45
756,756,true_pair,1.0,1,1,3,3
757,757,true_pair,1.0,1,1,28,28
758,758,true_pair,1.0,1,1,20,20
759,759,true_pair,1.0,1,1,26,26
760,760,true_pair,1.0,1,1,40,40
761,761,true_pair,1.0,1,1,30,30
762,762,true_pair,1.0,1,1,8,8
763,763,true_pair,1.0,1,1,45,45
764,764,true_pair,1.0,1,1,21,21
765,765,true_pair,1.0,1,1,43,43
766,766,true_pair,1.0,1,1,16,16
767,767,true_pair,1.0,1,1,39,39
768,768,true_pair,1.0,1,1,41,41
769,769,true_pair,1.0,1,1,25,25
770,770,true_pair,1.0,1,1,19,19
771,771,true_pair,1.0,1,1,3,3
772,772,true_pair,1.0,1,1,12,12
773,773,true_pair,1.0,1,1,15,15
774,774,true_pair,1.0,1,1,17,17
775,775,true_pair,1.0,1,1,27,27
776,776,true_pair,1.0,1,1,27,27
777,777,true_pair,1.0,1,1,2,2
778,778,true_pair,1.0,1,1,14,14
779,779,true_pair,1.0,1,1,29,29
780,780,true_pair,1.0,1,1,47,47
781,781,true_pair,1.0,1,1,13,13
782,782,true_pair,1.0,1,1,7,7
783,783,true_pair,1.0,1,1,47,47
784,784,true_pair,1.0,1,1,6,6
785,785,true_pair,1.0,1,1,27,27
786,786,true_pair,1.0,1,1,2,2
787,787,true_pair,1.0,1,1,2,2
788,788,true_pair,1.0,1,1,22,22
789,789,true_pair,1.0,1,1,46,46
790,790,true_pair,1.0,1,1,12,12
791,791,true_pair,1.0,1,1,32,32
792,792,true_pair,1.0,1,1,23,23
793,793,true_pair,1.0,1,1,5,5
794,794,true_pair,1.0,1,1,2,2
795,795,true_pair,1.0,1,1,43,43
796,796,true_pair,1.0,1,1,20,20
797,797,true_pair,1.0,1,1,42,42
798,798,true_pair,1.0,1,1,7,7
799,799,true_pair,1.0,1,1,25,25
800,800,true_pair,1.0,1,1,15,15
801,801,true_pair,1.0,1,1,4,4
802,802,true_pair,1.0,1,1,33,33
803,803,true_pair,1.0,1,1,19,19
804,804,true_pair,1.0,1,1,46,46
805,805,true_pair,1.0,1,1,15,15
806,806,true_pair,1.0,1,1,13,13
807,807,true_pair,1.0,1,1,36,36
808,808,true_pair,1.0,1,1,8,8
809,809,true_pair,1.0,1,1,27,27
810,810,true_pair,1.0,1,1,43,43
811,811,true_pair,1.0,1,1,28,28
812,812,true_pair,1.0,1,1,13,13
813,813,true_pair,1.0,1,1,27,27
814,814,true_pair,1.0,1,1,2,2
815,815,true_pair,1.0,1,1,32,32
816,816,true_pair,1.0,1,1,8,8
817,817,true_pair,1.0,1,1,33,33
818,818,true_pair,1.0,1,1,8,8
819,819,true_pair,1.0,1,1,18,18
820,820,true_pair,1.0,1,1,29,29
821,821,true_pair,1.0,1,1,5,5
822,822,true_pair,1.0,1,1,8,8
823,823,true_pair,1.0,1,1,2,2
824,824,true_pair,1.0,1,1,0,0
825,825,true_pair,1.0,1,1,46,46
826,826,true_pair,1.0,1,1,4,4
827,827,true_pair,1.0,1,1,2,2
828,828,true_pair,1.0,1,1,6,6
829,829,true_pair,1.0,1,1,25,25
830,830,true_pair,1.0,1,1,15,15
831,831,true_pair,1.0,1,1,7,7
832,832,true_pair,1.0,1,1,24,24
833,833,true_pair,1.0,1,1,21,21
834,834,true_pair,1.0,1,1,46,46
835,835,true_pair,1.0,1,1,46,46
836,836,true_pair,1.0,1,1,18,18
837,837,true_pair,1.0,1,1,12,12
838,838,true_pair,1.0,1,1,9,9
839,839,true_pair,1.0,1,1,49,49
840,840,true_pair,1.0,1,1,23,23
841,841,true_pair,1.0,1,1,35,35
842,842,true_pair,1.0,1,1,40,40
843,843,true_pair,1.0,1,1,47,47
844,844,true_pair,1.0,1,1,21,21
845,845,true_pair,1.0,1,1,44,44
846,846,true_pair,1.0,1,1,9,9
847,847,true_pair,1.0,1,1,9,9
848,848,true_pair,1.0,1,1,10,10
849,849,true_pair,1.0,1,1,18,18
850,850,true_pair,1.0,1,1,14,14
851,851,true_pair,1.0,1,1,18,18
852,852,true_pair,1.0,1,1,27,27
853,853,true_pair,1.0,1,1,43,43
854,854,true_pair,1.0,1,1,13,13
855,855,true_pair,1.0,1,1,8,8
856,856,true_pair,1.0,1,1,17,17
857,857,true_pair,1.0,1,1,35,35
858,858,true_pair,1.0,1,1,8,8
859,859,true_pair,1.0,1,1,15,15
860,860,true_pair,1.0,1,1,37,37
861,861,true_pair,1.0,1,1,0,0
862,862,true_pair,1.0,1,1,34,34
863,863,true_pair,1.0,1,1,41,41
864,864,true_pair,1.0,1,1,15,15
865,865,true_pair,1.0,1,1,25,25
866,866,true_pair,1.0,1,1,10,10
867,867,true_pair,1.0,1,1,29,29
868,868,true_pair,1.0,1,1,12,12
869,869,true_pair,1.0,1,1,26,26
870,870,true_pair,1.0,1,1,44,44
871,871,true_pair,1.0,1,1,3,3
872,872,true_pair,1.0,1,1,6,6
873,873,true_pair,1.0,1,1,46,46
874,874,true_pair,1.0,1,1,29,29
875,875,true_pair,1.0,1,1,40,40
876,876,true_pair,1.0,1,1,18,18
877,877,true_pair,1.0,1,1,21,21
878,878,true_pair,1.0,1,1,40,40
879,879,true_pair,1.0,1,1,40,40
880,880,true_pair,1.0,1,1,20,20
881,881,true_pair,1.0,1,1,21,21
882,882,true_pair,1.0,1,1,22,22
883,883,true_pair,1.0,1,1,48,48
884,884,true_pair,1.0,1,1,38,38
885,885,true_pair,1.0,1,1,34,34
886,886,true_pair,1.0,1,1,44,44
887,887,true_pair,1.0,1,1,30,30
888,888,true_pair,1.0,1,1,38,38
889,889,true_pair,1.0,1,1,31,31
890,890,true_pair,1.0,1,1,42,42
891,891,true_pair,1.0,1,1,41,41
892,892,true_pair,1.0,1,1,20,20
893,893,true_pair,1.0,1,1,19,19
894,894,true_pair,1.0,1,1,1,1
895,895,true_pair,1.0,1,1,7,7
896,896,true_pair,1.0,1,1,36,36
897,897,true_pair,1.0,1,1,9,9
898,898,true_pair,1.0,1,1,19,19
899,899,true_pair,1.0,1,1,20,20
900,900,true_pair,1.0,1,1,20,20
901,901,true_pair,1.0,1,1,41,41
902,902,true_pair,1.0,1,1,10,10
903,903,true_pair,1.0,1,1,20,20
904,904,true_pair,1.0,1,1,2,2
905,905,true_pair,1.0,1,1,12,12
906,906,true_pair,1.0,1,1,39,39
907,907,true_pair,1.0,1,1,13,13
908,908,true_pair,1.0,1,1,23,23
909,909,true_pair,1.0,1,1,10,10
910,910,true_pair,1.0,1,1,35,35
911,911,true_pair,1.0,1,1,20,20
912,912,true_pair,1.0,1,1,18,18
913,913,true_pair,1.0,1,1,49,49
914,914,true_pair,1.0,1,1,49,49
915,915,true_pair,1.0,1,1,4,4
916,916,true_pair,1.0,1,1,36,36
917,917,true_pair,1.0,1,1,8,8
918,918,true_pair,1.0,1,1,29,29
919,919,true_pair,1.0,1,1,35,35
920,920,true_pair,1.0,1,1,15,15
921,921,true_pair,1.0,1,1,0,0
922,922,true_pair,1.0,1,1,31,31
923,923,true_pair,1.0,1,1,26,26
924,924,true_pair,1.0,1,1,47,47
925,925,true_pair,1.0,1,1,4,4
926,926,true_pair,1.0,1,1,28,28
927,927,true_pair,1.0,1,1,28,28
928,928,true_pair,1.0,1,1,14,14
929,929,true_pair,1.0,1,1,21,21
930,930,true_pair,1.0,1,1,30,30
931,931,true_pair,1.0,1,1,4,4
932,932,true_pair,1.0,1,1,14,14
933,933,true_pair,1.0,1,1,32,32
934,934,true_pair,1.0,1,1,15,15
935,935,true_pair,1.0,1,1,28,28
936,936,true_pair,1.0,1,1,46,46
937,937,true_pair,1.0,1,1,48,48
938,938,true_pair,1.0,1,1,20,20
939,939,true_pair,1.0,1,1,45,45
940,940,true_pair,1.0,1,1,36,36
941,941,true_pair,1.0,1,1,26,26
942,942,true_pair,1.0,1,1,21,21
943,943,true_pair,1.0,1,1,18,18
944,944,true_pair,1.0,1,1,22,22
945,945,true_pair,1.0,1,1,1,1
946,946,true_pair,1.0,1,1,20,20
947,947,true_pair,1.0,1,1,1,1
948,948,true_pair,1.0,1,1,23,23
949,949,true_pair,1.0,1,1,11,11
950,950,true_pair,1.0,1,1,16,16
951,951,true_pair,1.0,1,1,18,18
952,952,true_pair,1.0,1,1,22,22
953,953,true_pair,1.0,1,1,45,45
954,954,true_pair,1.0,1,1,41,41
955,955,true_pair,1.0,1,1,2,2
956,956,true_pair,1.0,1,1,45,45
957,957,true_pair,1.0,1,1,7,7
958,958,true_pair,1.0,1,1,16,16
959,959,true_pair,1.0,1,1,1,1
960,960,true_pair,1.0,1,1,14,14
961,961,true_pair,1.0,1,1,47,47
962,962,true_pair,1.0,1,1,16,16
963,963,true_pair,1.0,1,1,37,37
964,964,true_pair,1.0,1,1,6,6
965,965,true_pair,1.0,1,1,36,36
966,966,true_pair,1.0,1,1,30,30
967,967,true_pair,1.0,1,1,44,44
968,968,true_pair,1.0,1,1,18,18
969,969,true_pair,1.0,1,1,45,45
970,970,true_pair,1.0,1,1,46,46
971,971,true_pair,1.0,1,1,48,48
972,972,true_pair,1.0,1,1,16,16
973,973,true_pair,1.0,1,1,28,28
974,974,true_pair,1.0,1,1,43,43
975,975,true_pair,1.0,1,1,34,34
976,976,true_pair,1.0,1,1,12,12
977,977,true_pair,1.0,1,1,36,36
978,978,true_pair,1.0,1,1,22,22
979,979,true_pair,1.0,1,1,48,48
980,980,true_pair,1.0,1,1,7,7
981,981,true_pair,1.0,1,1,47,47
982,982,true_pair,1.0,1,1,47,47
983,983,true_pair,1.0,1,1,16,16
984,984,true_pair,1.0,1,1,30,30
985,985,true_pair,1.0,1,1,34,34
986,986,true_pair,1.0,1,1,3,3
987,987,true_pair,1.0,1,1,35,35
988,988,true_pair,1.0,1,1,43,43
989,989,true_pair,1.0,1,1,0,0
990,990,true_pair,1.0,1,1,26,26
991,991,true_pair,1.0,1,1,25,25
992,992,true_pair,1.0,1,1,14,14
993,993,true_pair,1.0,1,1,5,5
994,994,true_pair,1.0,1,1,14,14
995,995,true_pair,1.0,1,1,8,8
996,996,true_pair,1.0,1,1,26,26
997,997,true_pair,1.0,1,1,28,28
998,998,true_pair,1.0,1,1,28,28
999,999,true_pair,1.0,1,1,37,37
1000,1000,true_pair,1.0,1,1,11,11
1001,1001,true_pair,1.0,1,1,1,1
1002,1002,true_pair,1.0,1,1,46,46
1003,1003,true_pair,1.0,1,1,44,44
1004,1004,true_pair,1.0,1,1,32,32
1005,1005,true_pair,1.0,1,1,9,9
1006,1006,true_pair,1.0,1,1,13,13
1007,1007,true_pair,1.0,1,1,23,23
1008,1008,true_pair,1.0,1,1,28,28
1009,1009,true_pair,1.0,1,1,4,4
1010,1010,true_pair,1.0,1,1,16,16
1011,1011,true_pair,1.0,1,1,27,27
1012,1012,true_pair,1.0,1,1,26,26
1013,1013,true_pair,1.0,1,1,5,5
1014,1014,true_pair,1.0,1,1,22,22
1015,1015,true_pair,1.0,1,1,34,34
1016,1016,true_pair,1.0,1,1,29,29
1017,1017,true_pair,1.0,1,1,32,32
1018,1018,true_pair,1.0,1,1,35,35
1019,1019,true_pair,1.0,1,1,10,10
1020,1020,true_pair,1.0,1,1,14,14
1021,1021,true_pair,1.0,1,1,26,26
1022,1022,true_pair,1.0,1,1,9,9
1023,1023,true_pair,1.0,1,1,38,38
1024,1024,true_pair,1.0,1,1,3,3
1025,1025,true_pair,1.0,1,1,42,42
1026,1026,true_pair,1.0,1,1,12,12
1027,1027,true_pair,1.0,1,1,43,43
1028,1028,true_pair,1.0,1,1,0,0
1029,1029,true_pair,1.0,1,1,21,21
1030,1030,true_pair,1.0,1,1,22,22
1031,1031,true_pair,1.0,1,1,33,33
1032,1032,true_pair,1.0,1,1,38,38
1033,1033,true_pair,1.0,1,1,28,28
1034,1034,true_pair,1.0,1,1,2,2
1035,1035,true_pair,1.0,1,1,34,34
1036,1036,true_pair,1.0,1,1,22,22
1037,1037,true_pair,1.0,1,1,26,26
1038,1038,true_pair,1.0,1,1,14,14
1039,1039,true_pair,1.0,1,1,17,17
1040,1040,true_pair,1.0,1,1,40,40
1041,1041,true_pair,1.0,1,1,13,13
1042,1042,true_pair,1.0,1,1,3,3
1043,1043,true_pair,1.0,1,1,33,33
1044,1044,true_pair,1.0,1,1,46,46
1045,1045,true_pair,1.0,1,1,5,5
1046,1046,true_pair,1.0,1,1,7,7
1047,1047,true_pair,1.0,1,1,15,15
1048,1048,true_pair,1.0,1,1,39,39
1049,1049,true_pair,1.0,1,1,34,34
1050,1050,true_pair,1.0,1,1,25,25
1051,1051,true_pair,1.0,1,1,2,2
1052,1052,true_pair,1.0,1,1,6,6
1053,1053,true_pair,1.0,1,1,18,18
1054,1054,true_pair,1.0,1,1,17,17
1055,1055,true_pair,1.0,1,1,2,2
1056,1056,true_pair,1.0,1,1,49,49
1057,1057,true_pair,1.0,1,1,8,8
1058,1058,true_pair,1.0,1,1,6,6
1059,1059,true_pair,1.0,1,1,1,1
1060,1060,true_pair,1.0,1,1,32,32
1061,1061,true_pair,1.0,1,1,48,48
1062,1062,true_pair,1.0,1,1,6,6
1063,1063,true_pair,1.0,1,1,23,23
1064,1064,true_pair,1.0,1,1,25,25
1065,1065,true_pair,1.0,1,1,35,35
1066,1066,true_pair,1.0,1,1,14,14
1067,1067,true_pair,1.0,1,1,27,27
1068,1068,true_pair,1.0,1,1,48,48
1069,1069,true_pair,1.0,1,1,40,40
1070,1070,true_pair,1.0,1,1,37,37
1071,1071,true_pair,1.0,1,1,1,1
1072,1072,true_pair,1.0,1,1,6,6
1073,1073,true_pair,1.0,1,1,37,37
1074,1074,true_pair,1.0,1,1,45,45
1075,1075,true_pair,1.0,1,1,33,33
1076,1076,true_pair,1.0,1,1,27,27
1077,1077,true_pair,1.0,1,1,20,20
1078,1078,true_pair,1.0,1,1,33,33
1079,1079,true_pair,1.0,1,1,6,6
1080,1080,true_pair,1.0,1,1,31,31
1081,1081,true_pair,1.0,1,1,29,29
1082,1082,true_pair,1.0,1,1,41,41
1083,1083,true_pair,1.0,1,1,21,21
1084,1084,true_pair,1.0,1,1,31,31
1085,1085,true_pair,1.0,1,1,36,36
1086,1086,true_pair,1.0,1,1,27,27
1087,1087,true_pair,1.0,1,1,43,43
1088,1088,true_pair,1.0,1,1,45,45
1089,1089,true_pair,1.0,1,1,48,48
1090,1090,true_pair,1.0,1,1,36,36
1091,1091,true_pair,1.0,1,1,31,31
1092,1092,true_pair,1.0,1,1,18,18
1093,1093,true_pair,1.0,1,1,14,14
1094,1094,true_pair,1.0,1,1,6,6
1095,1095,true_pair,1.0,1,1,43,43
1096,1096,true_pair,1.0,1,1,6,6
1097,1097,true_pair,1.0,1,1,37,37
1098,1098,true_pair,1.0,1,1,31,31
1099,1099,true_pair,1.0,1,1,22,22
1100,1100,true_pair,1.0,1,1,4,4
1101,1101,true_pair,1.0,1,1,0,0
1102,1102,true_pair,1.0,1,1,15,15
1103,1103,true_pair,1.0,1,1,18,18
1104,1104,true_pair,1.0,1,1,43,43
1105,1105,true_pair,1.0,1,1,13,13
1106,1106,true_pair,1.0,1,1,0,0
1107,1107,true_pair,1.0,1,1,15,15
1108,1108,true_pair,1.0,1,1,25,25
1109,1109,true_pair,1.0,1,1,23,23
1110,1110,true_pair,1.0,1,1,9,9
1111,1111,true_pair,1.0,1,1,37,37
1112,1112,true_pair,1.0,1,1,11,11
1113,1113,true_pair,1.0,1,1,12,12
1114,1114,true_pair,1.0,1,1,27,27
1115,1115,true_pair,1.0,1,1,22,22
1116,1116,true_pair,1.0,1,1,1,1
1117,1117,true_pair,1.0,1,1,28,28
1118,1118,true_pair,1.0,1,1,5,5
1119,1119,true_pair,1.0,1,1,24,24
1120,1120,true_pair,1.0,1,1,47,47
1121,1121,true_pair,1.0,1,1,3,3
1122,1122,true_pair,1.0,1,1,7,7
1123,1123,true_pair,1.0,1,1,23,23
1124,1124,true_pair,1.0,1,1,29,29
1125,1125,true_pair,1.0,1,1,44,44
1126,1126,true_pair,1.0,1,1,40,40
1127,1127,true_pair,1.0,1,1,11,11
1128,1128,true_pair,1.0,1,1,36,36
1129,1129,true_pair,1.0,1,1,12,12
1130,1130,true_pair,1.0,1,1,9,9
1131,1131,true_pair,1.0,1,1,0,0
1132,1132,true_pair,1.0,1,1,25,25
1133,1133,true_pair,1.0,1,1,32,32
1134,1134,true_pair,1.0,1,1,21,21
1135,1135,true_pair,1.0,1,1,0,0
1136,1136,true_pair,1.0,1,1,7,7
1137,1137,true_pair,1.0,1,1,12,12
1138,1138,true_pair,1.0,1,1,18,18
1139,1139,true_pair,1.0,1,1,24,24
1140,1140,true_pair,1.0,1,1,10,10
1141,1141,true_pair,1.0,1,1,41,41
1142,1142,true_pair,1.0,1,1,34,34
1143,1143,true_pair,1.0,1,1,44,44
1144,1144,true_pair,1.0,1,1,33,33
1145,1145,true_pair,1.0,1,1,4,4
1146,1146,true_pair,1.0,1,1,28,28
1147,1147,true_pair,1.0,1,1,47,47
1148,1148,true_pair,1.0,1,1,31,31
1149,1149,true_pair,1.0,1,1,43,43
1150,1150,true_pair,1.0,1,1,9,9
1151,1151,true_pair,1.0,1,1,45,45
1152,1152,true_pair,1.0,1,1,19,19
1153,1153,true_pair,1.0,1,1,36,36
1154,1154,true_pair,1.0,1,1,9,9
1155,1155,true_pair,1.0,1,1,46,46
1156,1156,true_pair,1.0,1,1,8,8
1157,1157,true_pair,1.0,1,1,20,20
1158,1158,true_pair,1.0,1,1,14,14
1159,1159,true_pair,1.0,1,1,12,12
1160,1160,true_pair,1.0,1,1,36,36
1161,1161,true_pair,1.0,1,1,35,35
1162,1162,true_pair,1.0,1,1,16,16
1163,1163,true_pair,1.0,1,1,32,32
1164,1164,true_pair,1.0,1,1,21,21
1165,1165,true_pair,1.0,1,1,23,23
1166,1166,true_pair,1.0,1,1,49,49
1167,1167,true_pair,1.0,1,1,18,18
1168,1168,true_pair,1.0,1,1,22,22
1169,1169,true_pair,1.0,1,1,38,38
1170,1170,true_pair,1.0,1,1,4,4
1171,1171,true_pair,1.0,1,1,30,30
1172,1172,true_pair,1.0,1,1,46,46
1173,1173,true_pair,1.0,1,1,47,47
1174,1174,true_pair,1.0,1,1,4,4
1175,1175,true_pair,1.0,1,1,30,30
1176,1176,true_pair,1.0,1,1,5,5
1177,1177,true_pair,1.0,1,1,46,46
1178,1178,true_pair,1.0,1,1,45,45
1179,1179,true_pair,1.0,1,1,40,40
1180,1180,true_pair,1.0,1,1,41,41
1181,1181,true_pair,1.0,1,1,32,32
1182,1182,true_pair,1.0,1,1,46,46
1183,1183,true_pair,1.0,1,1,26,26
1184,1184,true_pair,1.0,1,1,15,15
1185,1185,true_pair,1.0,1,1,18,18
1186,1186,true_pair,1.0,1,1,24,24
1187,1187,true_pair,1.0,1,1,30,30
1188,1188,true_pair,1.0,1,1,37,37
1189,1189,true_pair,1.0,1,1,48,48
1190,1190,true_pair,1.0,1,1,6,6
1191,1191,true_pair,1.0,1,1,13,13
1192,1192,true_pair,1.0,1,1,21,21
1193,1193,true_pair,1.0,1,1,35,35
1194,1194,true_pair,1.0,1,1,49,49
1195,1195,true_pair,1.0,1,1,15,15
1196,1196,true_pair,1.0,1,1,27,27
1197,1197,true_pair,1.0,1,1,27,27
1198,1198,true_pair,1.0,1,1,14,14
1199,1199,true_pair,1.0,1,1,7,7
1200,1200,true_pair,1.0,1,1,12,12
1201,1201,true_pair,1.0,1,1,18,18
1202,1202,true_pair,1.0,1,1,43,43
1203,1203,true_pair,1.0,1,1,16,16
1204,1204,true_pair,1.0,1,1,19,19
1205,1205,true_pair,1.0,1,1,28,28
1206,1206,true_pair,1.0,1,1,17,17
1207,1207,true_pair,1.0,1,1,14,14
1208,1208,true_pair,1.0,1,1,36,36
1209,1209,true_pair,1.0,1,1,18,18
1210,1210,true_pair,1.0,1,1,14,14
1211,1211,true_pair,1.0,1,1,32,32
1212,1212,true_pair,1.0,1,1,15,15
1213,1213,true_pair,1.0,1,1,14,14
1214,1214,true_pair,1.0,1,1,25,25
1215,1215,true_pair,1.0,1,1,3,3
1216,1216,true_pair,1.0,1,1,44,44
1217,1217,true_pair,1.0,1,1,13,13
1218,1218,true_pair,1.0,1,1,43,43
1219,1219,true_pair,1.0,1,1,6,6
1220,1220,true_pair,1.0,1,1,15,15
1221,1221,true_pair,1.0,1,1,26,26
1222,1222,true_pair,1.0,1,1,23,23
1223,1223,true_pair,1.0,1,1,7,7
1224,1224,true_pair,1.0,1,1,44,44
1225,1225,true_pair,1.0,1,1,46,46
1226,1226,true_pair,1.0,1,1,23,23
1227,1227,true_pair,1.0,1,1,36,36
1228,1228,true_pair,1.0,1,1,3,3
1229,1229,true_pair,1.0,1,1,37,37
1230,1230,true_pair,1.0,1,1,42,42
1231,1231,true_pair,1.0,1,1,22,22
1232,1232,true_pair,1.0,1,1,19,19
1233,1233,true_pair,1.0,1,1,14,14
1234,1234,true_pair,1.0,1,1,49,49
1235,1235,true_pair,1.0,1,1,28,28
1236,1236,true_pair,1.0,1,1,36,36
1237,1237,true_pair,1.0,1,1,17,17
1238,1238,true_pair,1.0,1,1,29,29
1239,1239,true_pair,1.0,1,1,5,5
1240,1240,true_pair,1.0,1,1,10,10
1241,1241,true_pair,1.0,1,1,26,26
1242,1242,true_pair,1.0,1,1,36,36
1243,1243,true_pair,1.0,1,1,45,45
1244,1244,true_pair,1.0,1,1,26,26
1245,1245,true_pair,1.0,1,1,32,32
1246,1246,true_pair,1.0,1,1,9,9
1247,1247,true_pair,1.0,1,1,39,39
1248,1248,true_pair,1.0,1,1,28,28
1249,1249,true_pair,1.0,1,1,2,2
1250,1250,true_pair,1.0,1,1,30,30
1251,1251,true_pair,1.0,1,1,34,34
1252,1252,true_pair,1.0,1,1,49,49
1253,1253,true_pair,1.0,1,1,8,8
1254,1254,true_pair,1.0,1,1,31,31
1255,1255,true_pair,1.0,1,1,9,9
1256,1256,true_pair,1.0,1,1,46,46
1257,1257,true_pair,1.0,1,1,31,31
1258,1258,true_pair,1.0,1,1,31,31
1259,1259,true_pair,1.0,1,1,46,46
1260,1260,true_pair,1.0,1,1,12,12
1261,1261,true_pair,1.0,1,1,1,1
1262,1262,true_pair,1.0,1,1,1,1
1263,1263,true_pair,1.0,1,1,35,35
1264,1264,true_pair,1.0,1,1,29,29
1265,1265,true_pair,1.0,1,1,24,24
1266,1266,true_pair,1.0,1,1,11,11
1267,1267,true_pair,1.0,1,1,15,15
1268,1268,true_pair,1.0,1,1,24,24
1269,1269,true_pair,1.0,1,1,33,33
1270,1270,true_pair,1.0,1,1,4,4
1271,1271,true_pair,1.0,1,1,14,14
1272,1272,true_pair,1.0,1,1,0,0
1273,1273,true_pair,1.0,1,1,42,42
1274,1274,true_pair,1.0,1,1,6,6
1275,1275,true_pair,1.0,1,1,2,2
1276,1276,true_pair,1.0,1,1,34,34
1277,1277,true_pair,1.0,1,1,49,49
1278,1278,true_pair,1.0,1,1,18,18
1279,1279,true_pair,1.0,1,1,42,42
1280,1280,true_pair,1.0,1,1,43,43
1281,1281,true_pair,1.0,1,1,41,41
1282,1282,true_pair,1.0,1,1,20,20
1283,1283,true_pair,1.0,1,1,32,32
1284,1284,true_pair,1.0,1,1,6,6
1285,1285,true_pair,1.0,1,1,37,37
1286,1286,true_pair,1.0,1,1,43,43
1287,1287,true_pair,1.0,1,1,23,23
1288,1288,true_pair,1.0,1,1,39,39
1289,1289,true_pair,1.0,1,1,42,42
1290,1290,true_pair,1.0,1,1,8,8
1291,1291,true_pair,1.0,1,1,26,26
1292,1292,true_pair,1.0,1,1,1,1
1293,1293,true_pair,1.0,1,1,5,5
1294,1294,true_pair,1.0,1,1,37,37
1295,1295,true_pair,1.0,1,1,32,32
1296,1296,true_pair,1.0,1,1,23,23
1297,1297,true_pair,1.0,1,1,13,13
1298,1298,true_pair,1.0,1,1,29,29
1299,1299,true_pair,1.0,1,1,6,6
1300,1300,true_pair,1.0,1,1,38,38
1301,1301,true_pair,1.0,1,1,34,34
1302,1302,true_pair,1.0,1,1,12,12
1303,1303,true_pair,1.0,1,1,32,32
1304,1304,true_pair,1.0,1,1,40,40
1305,1305,true_pair,1.0,1,1,12,12
1306,1306,true_pair,1.0,1,1,13,13
1307,1307,true_pair,1.0,1,1,25,25
1308,1308,true_pair,1.0,1,1,39,39
1309,1309,true_pair,1.0,1,1,28,28
1310,1310,true_pair,1.0,1,1,33,33
1311,1311,true_pair,1.0,1,1,15,15
1312,1312,true_pair,1.0,1,1,48,48
1313,1313,true_pair,1.0,1,1,5,5
1314,1314,true_pair,1.0,1,1,48,48
1315,1315,true_pair,1.0,1,1,35,35
1316,1316,true_pair,1.0,1,1,43,43
1317,1317,true_pair,1.0,1,1,28,28
1318,1318,true_pair,1.0,1,1,2,2
1319,1319,true_pair,1.0,1,1,14,14
1320,1320,true_pair,1.0,1,1,32,32
1321,1321,true_pair,1.0,1,1,21,21
1322,1322,true_pair,1.0,1,1,10,10
1323,1323,true_pair,1.0,1,1,22,22
1324,1324,true_pair,1.0,1,1,32,32
1325,1325,true_pair,1.0,1,1,24,24
1326,1326,true_pair,1.0,1,1,11,11
1327,1327,true_pair,1.0,1,1,37,37
1328,1328,true_pair,1.0,1,1,2,2
1329,1329,true_pair,1.0,1,1,14,14
1330,1330,true_pair,1.0,1,1,22,22
1331,1331,true_pair,1.0,1,1,16,16
1332,1332,true_pair,1.0,1,1,45,45
1333,1333,true_pair,1.0,1,1,11,11
1334,1334,true_pair,1.0,1,1,10,10
1335,1335,true_pair,1.0,1,1,40,40
1336,1336,true_pair,1.0,1,1,16,16
1337,1337,true_pair,1.0,1,1,46,46
1338,1338,true_pair,1.0,1,1,33,33
1339,1339,true_pair,1.0,1,1,43,43
1340,1340,true_pair,1.0,1,1,25,25
1341,1341,true_pair,1.0,1,1,0,0
1342,1342,true_pair,1.0,1,1,9,9
1343,1343,true_pair,1.0,1,1,6,6
1344,1344,true_pair,1.0,1,1,15,15
1345,1345,true_pair,1.0,1,1,48,48
1346,1346,true_pair,1.0,1,1,6,6
1347,1347,true_pair,1.0,1,1,18,18
1348,1348,true_pair,1.0,1,1,20,20
1349,1349,true_pair,1.0,1,1,37,37
1350,1350,true_pair,1.0,1,1,18,18
1351,1351,true_pair,1.0,1,1,32,32
1352,1352,true_pair,1.0,1,1,20,20
1353,1353,true_pair,1.0,1,1,40,40
1354,1354,true_pair,1.0,1,1,31,31
1355,1355,true_pair,1.0,1,1,31,31
1356,1356,true_pair,1.0,1,1,4,4
1357,1357,true_pair,1.0,1,1,5,5
1358,1358,true_pair,1.0,1,1,40,40
1359,1359,true_pair,1.0,1,1,13,13
1360,1360,true_pair,1.0,1,1,25,25
1361,1361,true_pair,1.0,1,1,13,13
1362,1362,true_pair,1.0,1,1,24,24
1363,1363,true_pair,1.0,1,1,45,45
1364,1364,true_pair,1.0,1,1,39,39
1365,1365,true_pair,1.0,1,1,39,39
1366,1366,true_pair,1.0,1,1,36,36
1367,1367,true_pair,1.0,1,1,41,41
1368,1368,true_pair,1.0,1,1,48,48
1369,1369,true_pair,1.0,1,1,1,1
1370,1370,true_pair,1.0,1,1,11,11
1371,1371,true_pair,1.0,1,1,32,32
1372,1372,true_pair,1.0,1,1,39,39
1373,1373,true_pair,1.0,1,1,17,17
1374,1374,true_pair,1.0,1,1,39,39
1375,1375,true_pair,1.0,1,1,18,18
1376,1376,true_pair,1.0,1,1,17,17
1377,1377,true_pair,1.0,1,1,25,25
1378,1378,true_pair,1.0,1,1,6,6
1379,1379,true_pair,1.0,1,1,37,37
1380,1380,true_pair,1.0,1,1,11,11
1381,1381,true_pair,1.0,1,1,27,27
1382,1382,true_pair,1.0,1,1,47,47
1383,1383,true_pair,1.0,1,1,29,29
1384,1384,true_pair,1.0,1,1,15,15
1385,1385,true_pair,1.0,1,1,14,14
1386,1386,true_pair,1.0,1,1,12,12
1387,1387,true_pair,1.0,1,1,38,38
1388,1388,true_pair,1.0,1,1,15,15
1389,1389,true_pair,1.0,1,1,7,7
1390,1390,true_pair,1.0,1,1,32,32
1391,1391,true_pair,1.0,1,1,46,46
1392,1392,true_pair,1.0,1,1,38,38
1393,1393,true_pair,1.0,1,1,33,33
1394,1394,true_pair,1.0,1,1,32,32
1395,1395,true_pair,1.0,1,1,13,13
1396,1396,true_pair,1.0,1,1,2,2
1397,1397,true_pair,1.0,1,1,40,40
1398,1398,true_pair,1.0,1,1,31,31
1399,1399,true_pair,1.0,1,1,28,28
1400,1400,true_pair,1.0,1,1,49,49
1401,1401,true_pair,1.0,1,1,29,29
1402,1402,true_pair,1.0,1,1,36,36
1403,1403,true_pair,1.0,1,1,20,20
1404,1404,true_pair,1.0,1,1,32,32
1405,1405,true_pair,1.0,1,1,46,46
1406,1406,true_pair,1.0,1,1,33,33
1407,1407,true_pair,1.0,1,1,12,12
1408,1408,true_pair,1.0,1,1,34,34
1409,1409,true_pair,1.0,1,1,23,23
1410,1410,true_pair,1.0,1,1,44,44
1411,1411,true_pair,1.0,1,1,37,37
1412,1412,true_pair,1.0,1,1,12,12
1413,1413,true_pair,1.0,1,1,30,30
1414,1414,true_pair,1.0,1,1,3,3
1415,1415,true_pair,1.0,1,1,8,8
1416,1416,true_pair,1.0,1,1,22,22
1417,1417,true_pair,1.0,1,1,44,44
1418,1418,true_pair,1.0,1,1,2,2
1419,1419,true_pair,1.0,1,1,26,26
1420,1420,true_pair,1.0,1,1,17,17
1421,1421,true_pair,1.0,1,1,29,29
1422,1422,true_pair,1.0,1,1,36,36
1423,1423,true_pair,1.0,1,1,45,45
1424,1424,true_pair,1.0,1,1,13,13
1425,1425,true_pair,1.0,1,1,26,26
1426,1426,true_pair,1.0,1,1,36,36
1427,1427,true_pair,1.0,1,1,19,19
1428,1428,true_pair,1.0,1,1,21,21
1429,1429,true_pair,1.0,1,1,47,47
1430,1430,true_pair,1.0,1,1,36,36
1431,1431,true_pair,1.0,1,1,11,11
1432,1432,true_pair,1.0,1,1,10,10
1433,1433,true_pair,1.0,1,1,10,10
1434,1434,true_pair,1.0,1,1,27,27
1435,1435,true_pair,1.0,1,1,29,29
1436,1436,true_pair,1.0,1,1,7,7
1437,1437,true_pair,1.0,1,1,20,20
1438,1438,true_pair,1.0,1,1,21,21
1439,1439,true_pair,1.0,1,1,33,33
1440,1440,true_pair,1.0,1,1,35,35
1441,1441,true_pair,1.0,1,1,25,25
1442,1442,true_pair,1.0,1,1,4,4
1443,1443,true_pair,1.0,1,1,5,5
1444,1444,true_pair,1.0,1,1,34,34
1445,1445,true_pair,1.0,1,1,33,33
1446,1446,true_pair,1.0,1,1,21,21
1447,1447,true_pair,1.0,1,1,38,38
1448,1448,true_pair,1.0,1,1,47,47
1449,1449,true_pair,1.0,1,1,5,5
1450,1450,true_pair,1.0,1,1,48,48
1451,1451,true_pair,1.0,1,1,20,20
1452,1452,true_pair,1.0,1,1,45,45
1453,1453,true_pair,1.0,1,1,24,24
1454,1454,true_pair,1.0,1,1,48,48
1455,1455,true_pair,1.0,1,1,48,48
1456,1456,true_pair,1.0,1,1,6,6
1457,1457,true_pair,1.0,1,1,31,31
1458,1458,true_pair,1.0,1,1,49,49
1459,1459,true_pair,1.0,1,1,41,41
1460,1460,true_pair,1.0,1,1,15,15
1461,1461,true_pair,1.0,1,1,25,25
1462,1462,true_pair,1.0,1,1,28,28
1463,1463,true_pair,1.0,1,1,14,14
1464,1464,true_pair,1.0,1,1,28,28
1465,1465,true_pair,1.0,1,1,43,43
1466,1466,true_pair,1.0,1,1,5,5
1467,1467,true_pair,1.0,1,1,6,6
1468,1468,true_pair,1.0,1,1,41,41
1469,1469,true_pair,1.0,1,1,45,45
1470,1470,true_pair,1.0,1,1,14,14
1471,1471,true_pair,1.0,1,1,7,7
1472,1472,true_pair,1.0,1,1,12,12
1473,1473,true_pair,1.0,1,1,0,0
1474,1474,true_pair,1.0,1,1,38,38
1475,1475,true_pair,1.0,1,1,23,23
1476,1476,true_pair,1.0,1,1,14,14
1477,1477,true_pair,1.0,1,1,9,9
1478,1478,true_pair,1.0,1,1,23,23
1479,1479,true_pair,1.0,1,1,21,21
1480,1480,true_pair,1.0,1,1,0,0
1481,1481,true_pair,1.0,1,1,37,37
1482,1482,true_pair,1.0,1,1,6,6
1483,1483,true_pair,1.0,1,1,40,40
1484,1484,true_pair,1.0,1,1,10,10
1485,1485,true_pair,1.0,1,1,28,28
1486,1486,true_pair,1.0,1,1,40,40
1487,1487,true_pair,1.0,1,1,39,39
1488,1488,true_pair,1.0,1,1,30,30
1489,1489,true_pair,1.0,1,1,41,41
1490,1490,true_pair,1.0,1,1,8,8
1491,1491,true_pair,1.0,1,1,27,27
1492,1492,true_pair,1.0,1,1,7,7
1493,1493,true_pair,1.0,1,1,12,12
1494,1494,true_pair,1.0,1,1,42,42
1495,1495,true_pair,1.0,1,1,3,3
1496,1496,true_pair,1.0,1,1,15,15
1497,1497,true_pair,1.0,1,1,15,15
1498,1498,true_pair,1.0,1,1,0,0
1499,1499,true_pair,1.0,1,1,16,16
1500,1500,true_pair,1.0,1,1,23,23
1501,1501,true_pair,1.0,1,1,5,5
1502,1502,true_pair,1.0,1,1,33,33
1503,1503,true_pair,1.0,1,1,30,30
1504,1504,true_pair,1.0,1,1,49,49
1505,1505,true_pair,1.0,1,1,18,18
1506,1506,true_pair,1.0,1,1,32,32
1507,1507,true_pair,1.0,1,1,17,17
1508,1508,true_pair,1.0,1,1,20,20
1509,1509,true_pair,1.0,1,1,47,47
1510,1510,true_pair,1.0,1,1,21,21
1511,1511,true_pair,1.0,1,1,34,34
1512,1512,true_pair,1.0,1,1,47,47
1513,1513,true_pair,1.0,1,1,42,42
1514,1514,true_pair,1.0,1,1,14,14
1515,1515,true_pair,1.0,1,1,25,25
1516,1516,true_pair,1.0,1,1,22,22
1517,1517,true_pair,1.0,1,1,29,29
1518,1518,true_pair,1.0,1,1,1,1
1519,1519,true_pair,1.0,1,1,8,8
1520,1520,true_pair,1.0,1,1,12,12
1521,1521,true_pair,1.0,1,1,42,42
1522,1522,true_pair,1.0,1,1,42,42
1523,1523,true_pair,1.0,1,1,9,9
1524,1524,true_pair,1.0,1,1,38,38
1525,1525,true_pair,1.0,1,1,25,25
1526,1526,true_pair,1.0,1,1,27,27
1527,1527,true_pair,1.0,1,1,5,5
1528,1528,true_pair,1.0,1,1,27,27
1529,1529,true_pair,1.0,1,1,13,13
1530,1530,true_pair,1.0,1,1,24,24
1531,1531,true_pair,1.0,1,1,41,41
1532,1532,true_pair,1.0,1,1,11,11
1533,1533,true_pair,1.0,1,1,41,41
1534,1534,true_pair,1.0,1,1,32,32
1535,1535,true_pair,1.0,1,1,22,22
1536,1536,true_pair,1.0,1,1,42,42
1537,1537,true_pair,1.0,1,1,42,42
1538,1538,true_pair,1.0,1,1,1,1
1539,1539,true_pair,1.0,1,1,13,13
1540,1540,true_pair,1.0,1,1,20,20
1541,1541,true_pair,1.0,1,1,43,43
1542,1542,true_pair,1.0,1,1,24,24
1543,1543,true_pair,1.0,1,1,20,20
1544,1544,true_pair,1.0,1,1,29,29
1545,1545,true_pair,1.0,1,1,20,20
1546,1546,true_pair,1.0,1,1,40,40
1547,1547,true_pair,1.0,1,1,1,1
1548,1548,true_pair,1.0,1,1,46,46
1549,1549,true_pair,1.0,1,1,41,41
1550,1550,true_pair,1.0,1,1,26,26
1551,1551,true_pair,1.0,1,1,11,11
1552,1552,true_pair,1.0,1,1,2,2
1553,1553,true_pair,1.0,1,1,42,42
1554,1554,true_pair,1.0,1,1,37,37
1555,1555,true_pair,1.0,1,1,15,15
1556,1556,true_pair,1.0,1,1,44,44
1557,1557,true_pair,1.0,1,1,31,31
1558,1558,true_pair,1.0,1,1,11,11
1559,1559,true_pair,1.0,1,1,38,38
1560,1560,true_pair,1.0,1,1,11,11
1561,1561,true_pair,1.0,1,1,49,49
1562,1562,true_pair,1.0,1,1,23,23
1563,1563,true_pair,1.0,1,1,1,1
1564,1564,true_pair,1.0,1,1,44,44
1565,1565,true_pair,1.0,1,1,32,32
1566,1566,true_pair,1.0,1,1,7,7
1567,1567,true_pair,1.0,1,1,49,49
1568,1568,true_pair,1.0,1,1,25,25
1569,1569,true_pair,1.0,1,1,29,29
1570,1570,true_pair,1.0,1,1,16,16
1571,1571,true_pair,1.0,1,1,6,6
1572,1572,true_pair,1.0,1,1,16,16
1573,1573,true_pair,1.0,1,1,48,48
1574,1574,true_pair,1.0,1,1,42,42
1575,1575,true_pair,1.0,1,1,12,12
1576,1576,true_pair,1.0,1,1,41,41
1577,1577,true_pair,1.0,1,1,10,10
1578,1578,true_pair,1.0,1,1,28,28
1579,1579,true_pair,1.0,1,1,9,9
1580,1580,true_pair,1.0,1,1,44,44
1581,1581,true_pair,1.0,1,1,15,15
1582,1582,true_pair,1.0,1,1,22,22
1583,1583,true_pair,1.0,1,1,2,2
1584,1584,true_pair,1.0,1,1,46,46
1585,1585,true_pair,1.0,1,1,18,18
1586,1586,true_pair,1.0,1,1,3,3
1587,1587,true_pair,1.0,1,1,36,36
1588,1588,true_pair,1.0,1,1,42,42
1589,1589,true_pair,1.0,1,1,17,17
1590,1590,true_pair,1.0,1,1,47,47
1591,1591,true_pair,1.0,1,1,39,39
1592,1592,true_pair,1.0,1,1,40,40
1593,1593,true_pair,1.0,1,1,41,41
1594,1594,true_pair,1.0,1,1,49,49
1595,1595,true_pair,1.0,1,1,24,24
1596,1596,true_pair,1.0,1,1,13,13
1597,1597,true_pair,1.0,1,1,2,2
1598,1598,true_pair,1.0,1,1,22,22
1599,1599,true_pair,1.0,1,1,4,4
1600,1600,true_pair,1.0,1,1,45,45
1601,1601,true_pair,1.0,1,1,49,49
1602,1602,true_pair,1.0,1,1,49,49
1603,1603,true_pair,1.0,1,1,38,38
1604,1604,true_pair,1.0,1,1,9,9
1605,1605,true_pair,1.0,1,1,47,47
1606,1606,true_pair,1.0,1,1,48,48
1607,1607,true_pair,1.0,1,1,33,33
1608,1608,true_pair,1.0,1,1,44,44
1609,1609,true_pair,1.0,1,1,46,46
1610,1610,true_pair,1.0,1,1,27,27
1611,1611,true_pair,1.0,1,1,38,38
1612,1612,true_pair,1.0,1,1,35,35
1613,1613,true_pair,1.0,1,1,26,26
1614,1614,true_pair,1.0,1,1,1,1
1615,1615,true_pair,1.0,1,1,34,34
1616,1616,true_pair,1.0,1,1,1,1
1617,1617,true_pair,1.0,1,1,30,30
1618,1618,true_pair,1.0,1,1,14,14
1619,1619,true_pair,1.0,1,1,19,19
1620,1620,true_pair,1.0,1,1,19,19
1621,1621,true_pair,1.0,1,1,1,1
1622,1622,true_pair,1.0,1,1,0,0
1623,1623,true_pair,1.0,1,1,3,3
1624,1624,true_pair,1.0,1,1,14,14
1625,1625,true_pair,1.0,1,1,18,18
1626,1626,true_pair,1.0,1,1,21,21
1627,1627,true_pair,1.0,1,1,13,13
1628,1628,true_pair,1.0,1,1,28,28
1629,1629,true_pair,1.0,1,1,46,46
1630,1630,true_pair,1.0,1,1,21,21
1631,1631,true_pair,1.0,1,1,42,42
1632,1632,true_pair,1.0,1,1,2,2
1633,1633,true_pair,1.0,1,1,27,27
1634,1634,true_pair,1.0,1,1,23,23
1635,1635,true_pair,1.0,1,1,32,32
1636,1636,true_pair,1.0,1,1,38,38
1637,1637,true_pair,1.0,1,1,18,18
1638,1638,true_pair,1.0,1,1,43,43
1639,1639,true_pair,1.0,1,1,47,47
1640,1640,true_pair,1.0,1,1,42,42
1641,1641,true_pair,1.0,1,1,18,18
1642,1642,true_pair,1.0,1,1,26,26
1643,1643,true_pair,1.0,1,1,43,43
1644,1644,true_pair,1.0,1,1,39,39
1645,1645,true_pair,1.0,1,1,38,38
1646,1646,true_pair,1.0,1,1,20,20
1647,1647,true_pair,1.0,1,1,24,24
1648,1648,true_pair,1.0,1,1,17,17
1649,1649,true_pair,1.0,1,1,39,39
1650,1650,true_pair,1.0,1,1,1,1
1651,1651,true_pair,1.0,1,1,15,15
1652,1652,true_pair,1.0,1,1,23,23
1653,1653,true_pair,1.0,1,1,33,33
1654,1654,true_pair,1.0,1,1,32,32
1655,1655,true_pair,1.0,1,1,25,25
1656,1656,true_pair,1.0,1,1,8,8
1657,1657,true_pair,1.0,1,1,31,31
1658,1658,true_pair,1.0,1,1,14,14
1659,1659,true_pair,1.0,1,1,13,13
1660,1660,true_pair,1.0,1,1,34,34
1661,1661,true_pair,1.0,1,1,40,40
1662,1662,true_pair,1.0,1,1,29,29
1663,1663,true_pair,1.0,1,1,9,9
1664,1664,true_pair,1.0,1,1,20,20
1665,1665,true_pair,1.0,1,1,0,0
1666,1666,true_pair,1.0,1,1,39,39
1667,1667,true_pair,1.0,1,1,21,21
1668,1668,true_pair,1.0,1,1,22,22
1669,1669,true_pair,1.0,1,1,6,6
1670,1670,true_pair,1.0,1,1,12,12
1671,1671,true_pair,1.0,1,1,27,27
1672,1672,true_pair,1.0,1,1,34,34
1673,1673,true_pair,1.0,1,1,22,22
1674,1674,true_pair,1.0,1,1,15,15
1675,1675,true_pair,1.0,1,1,32,32
1676,1676,true_pair,1.0,1,1,10,10
1677,1677,true_pair,1.0,1,1,26,26
1678,1678,true_pair,1.0,1,1,45,45
1679,1679,true_pair,1.0,1,1,3,3
1680,1680,true_pair,1.0,1,1,28,28
1681,1681,true_pair,1.0,1,1,23,23
1682,1682,true_pair,1.0,1,1,8,8
1683,1683,true_pair,1.0,1,1,13,13
1684,1684,true_pair,1.0,1,1,40,40
1685,1685,true_pair,1.0,1,1,42,42
1686,1686,true_pair,1.0,1,1,39,39
1687,1687,true_pair,1.0,1,1,10,10
1688,1688,true_pair,1.0,1,1,17,17
1689,1689,true_pair,1.0,1,1,36,36
1690,1690,true_pair,1.0,1,1,31,31
1691,1691,true_pair,1.0,1,1,33,33
1692,1692,true_pair,1.0,1,1,42,42
1693,1693,true_pair,1.0,1,1,43,43
1694,1694,true_pair,1.0,1,1,18,18
1695,1695,true_pair,1.0,1,1,24,24
1696,1696,true_pair,1.0,1,1,38,38
1697,1697,true_pair,1.0,1,1,38,38
1698,1698,true_pair,1.0,1,1,7,7
1699,1699,true_pair,1.0,1,1,8,8
1700,1700,true_pair,1.0,1,1,12,12
1701,1701,true_pair,1.0,1,1,22,22
1702,1702,true_pair,1.0,1,1,27,27
1703,1703,true_pair,1.0,1,1,15,15
1704,1704,true_pair,1.0,1,1,41,41
1705,1705,true_pair,1.0,1,1,41,41
1706,1706,true_pair,1.0,1,1,3,3
1707,1707,true_pair,1.0,1,1,27,27
1708,1708,true_pair,1.0,1,1,33,33
1709,1709,true_pair,1.0,1,1,46,46
1710,1710,true_pair,1.0,1,1,5,5
1711,1711,true_pair,1.0,1,1,19,19
1712,1712,true_pair,1.0,1,1,33,33
1713,1713,true_pair,1.0,1,1,1,1
1714,1714,true_pair,1.0,1,1,29,29
1715,1715,true_pair,1.0,1,1,28,28
1716,1716,true_pair,1.0,1,1,37,37
1717,1717,true_pair,1.0,1,1,15,15
1718,1718,true_pair,1.0,1,1,2,2
1719,1719,true_pair,1.0,1,1,1,1
1720,1720,true_pair,1.0,1,1,26,26
1721,1721,true_pair,1.0,1,1,35,35
1722,1722,true_pair,1.0,1,1,10,10
1723,1723,true_pair,1.0,1,1,38,38
1724,1724,true_pair,1.0,1,1,4,4
1725,1725,true_pair,1.0,1,1,16,16
1726,1726,true_pair,1.0,1,1,12,12
1727,1727,true_pair,1.0,1,1,34,34
1728,1728,true_pair,1.0,1,1,17,17
1729,1729,true_pair,1.0,1,1,6,6
1730,1730,true_pair,1.0,1,1,22,22
1731,1731,true_pair,1.0,1,1,23,23
1732,1732,true_pair,1.0,1,1,4,4
1733,1733,true_pair,1.0,1,1,46,46
1734,1734,true_pair,1.0,1,1,30,30
1735,1735,true_pair,1.0,1,1,32,32
1736,1736,true_pair,1.0,1,1,23,23
1737,1737,true_pair,1.0,1,1,10,10
1738,1738,true_pair,1.0,1,1,47,47
1739,1739,true_pair,1.0,1,1,4,4
1740,1740,true_pair,1.0,1,1,2,2
1741,1741,true_pair,1.0,1,1,11,11
1742,1742,true_pair,1.0,1,1,7,7
1743,1743,true_pair,1.0,1,1,25,25
1744,1744,true_pair,1.0,1,1,32,32
1745,1745,true_pair,1.0,1,1,17,17
1746,1746,true_pair,1.0,1,1,27,27
1747,1747,true_pair,1.0,1,1,33,33
1748,1748,true_pair,1.0,1,1,33,33
1749,1749,true_pair,1.0,1,1,33,33
1750,1750,true_pair,1.0,1,1,41,41
1751,1751,true_pair,1.0,1,1,4,4
1752,1752,true_pair,1.0,1,1,18,18
1753,1753,true_pair,1.0,1,1,12,12
1754,1754,true_pair,1.0,1,1,12,12
1755,1755,true_pair,1.0,1,1,4,4
1756,1756,true_pair,1.0,1,1,35,35
1757,1757,true_pair,1.0,1,1,31,31
1758,1758,true_pair,1.0,1,1,15,15
1759,1759,true_pair,1.0,1,1,10,10
1760,1760,true_pair,1.0,1,1,31,31
1761,1761,true_pair,1.0,1,1,12,12
1762,1762,true_pair,1.0,1,1,10,10
1763,1763,true_pair,1.0,1,1,36,36
1764,1764,true_pair,1.0,1,1,2,2
1765,1765,true_pair,1.0,1,1,22,22
1766,1766,true_pair,1.0,1,1,1,1
1767,1767,true_pair,1.0,1,1,20,20
1768,1768,true_pair,1.0,1,1,17,17
1769,1769,true_pair,1.0,1,1,31,31
1770,1770,true_pair,1.0,1,1,28,28
1771,1771,true_pair,1.0,1,1,27,27
1772,1772,true_pair,1.0,1,1,27,27
1773,1773,true_pair,1.0,1,1,3,3
1774,1774,true_pair,1.0,1,1,39,39
1775,1775,true_pair,1.0,1,1,38,38
1776,1776,true_pair,1.0,1,1,7,7
1777,1777,true_pair,1.0,1,1,6,6
1778,1778,true_pair,1.0,1,1,30,30
1779,1779,true_pair,1.0,1,1,36,36
1780,1780,true_pair,1.0,1,1,38,38
1781,1781,true_pair,1.0,1,1,29,29
1782,1782,true_pair,1.0,1,1,42,42
1783,1783,true_pair,1.0,1,1,39,39
1784,1784,true_pair,1.0,1,1,35,35
1785,1785,true_pair,1.0,1,1,25,25
1786,1786,true_pair,1.0,1,1,40,40
1787,1787,true_pair,1.0,1,1,13,13
1788,1788,true_pair,1.0,1,1,23,23
1789,1789,true_pair,1.0,1,1,47,47
1790,1790,true_pair,1.0,1,1,38,38
1791,1791,true_pair,1.0,1,1,45,45
1792,1792,true_pair,1.0,1,1,40,40
1793,1793,true_pair,1.0,1,1,19,19
1794,1794,true_pair,1.0,1,1,29,29
1795,1795,true_pair,1.0,1,1,33,33
1796,1796,true_pair,1.0,1,1,41,41
1797,1797,true_pair,1.0,1,1,14,14
1798,1798,true_pair,1.0,1,1,49,49
1799,1799,true_pair,1.0,1,1,5,5
1800,1800,true_pair,1.0,1,1,32,32
1801,1801,true_pair,1.0,1,1,20,20
1802,1802,true_pair,1.0,1,1,11,11
1803,1803,true_pair,1.0,1,1,47,47
1804,1804,true_pair,1.0,1,1,6,6
1805,1805,true_pair,1.0,1,1,25,25
1806,1806,true_pair,1.0,1,1,22,22
1807,1807,true_pair,1.0,1,1,25,25
1808,1808,true_pair,1.0,1,1,17,17
1809,1809,true_pair,1.0,1,1,48,48
1810,1810,true_pair,1.0,1,1,5,5
1811,1811,true_pair,1.0,1,1,15,15
1812,1812,true_pair,1.0,1,1,13,13
1813,1813,true_pair,1.0,1,1,6,6
1814,1814,true_pair,1.0,1,1,39,39
1815,1815,true_pair,1.0,1,1,16,16
1816,1816,true_pair,1.0,1,1,11,11
1817,1817,true_pair,1.0,1,1,7,7
1818,1818,true_pair,1.0,1,1,2,2
1819,1819,true_pair,1.0,1,1,6,6
1820,1820,true_pair,1.0,1,1,18,18
1821,1821,true_pair,1.0,1,1,1,1
1822,1822,true_pair,1.0,1,1,26,26
1823,1823,true_pair,1.0,1,1,12,12
1824,1824,true_pair,1.0,1,1,25,25
1825,1825,true_pair,1.0,1,1,35,35
1826,1826,true_pair,1.0,1,1,38,38
1827,1827,true_pair,1.0,1,1,7,7
1828,1828,true_pair,1.0,1,1,0,0
1829,1829,true_pair,1.0,1,1,11,11
1830,1830,true_pair,1.0,1,1,36,36
1831,1831,true_pair,1.0,1,1,19,19
1832,1832,true_pair,1.0,1,1,49,49
1833,1833,true_pair,1.0,1,1,23,23
1834,1834,true_pair,1.0,1,1,29,29
1835,1835,true_pair,1.0,1,1,37,37
1836,1836,true_pair,1.0,1,1,39,39
1837,1837,true_pair,1.0,1,1,39,39
1838,1838,true_pair,1.0,1,1,43,43
1839,1839,true_pair,1.0,1,1,27,27
1840,1840,true_pair,1.0,1,1,39,39
1841,1841,true_pair,1.0,1,1,25,25
1842,1842,true_pair,1.0,1,1,5,5
1843,1843,true_pair,1.0,1,1,18,18
1844,1844,true_pair,1.0,1,1,24,24
1845,1845,true_pair,1.0,1,1,21,21
1846,1846,true_pair,1.0,1,1,24,24
1847,1847,true_pair,1.0,1,1,15,15
1848,1848,true_pair,1.0,1,1,20,20
1849,1849,true_pair,1.0,1,1,41,41
1850,1850,true_pair,1.0,1,1,44,44
1851,1851,true_pair,1.0,1,1,44,44
1852,1852,true_pair,1.0,1,1,40,40
1853,1853,true_pair,1.0,1,1,17,17
1854,1854,true_pair,1.0,1,1,20,20
1855,1855,true_pair,1.0,1,1,21,21
1856,1856,true_pair,1.0,1,1,6,6
1857,1857,true_pair,1.0,1,1,23,23
1858,1858,true_pair,1.0,1,1,4,4
1859,1859,true_pair,1.0,1,1,14,14
1860,1860,true_pair,1.0,1,1,2,2
1861,1861,true_pair,1.0,1,1,44,44
1862,1862,true_pair,1.0,1,1,8,8
1863,1863,true_pair,1.0,1,1,20,20
1864,1864,true_pair,1.0,1,1,8,8
1865,1865,true_pair,1.0,1,1,4,4
1866,1866,true_pair,1.0,1,1,28,28
1867,1867,true_pair,1.0,1,1,8,8
1868,1868,true_pair,1.0,1,1,35,35
1869,1869,true_pair,1.0,1,1,28,28
1870,1870,true_pair,1.0,1,1,38,38
1871,1871,true_pair,1.0,1,1,1,1
1872,1872,true_pair,1.0,1,1,29,29
1873,1873,true_pair,1.0,1,1,47,47
1874,1874,true_pair,1.0,1,1,42,42
1875,1875,true_pair,1.0,1,1,11,11
1876,1876,true_pair,1.0,1,1,23,23
1877,1877,true_pair,1.0,1,1,17,17
1878,1878,true_pair,1.0,1,1,15,15
1879,1879,true_pair,1.0,1,1,23,23
1880,1880,true_pair,1.0,1,1,14,14
1881,1881,true_pair,1.0,1,1,22,22
1882,1882,true_pair,1.0,1,1,4,4
1883,1883,true_pair,1.0,1,1,29,29
1884,1884,true_pair,1.0,1,1,46,46
1885,1885,true_pair,1.0,1,1,26,26
1886,1886,true_pair,1.0,1,1,7,7
1887,1887,true_pair,1.0,1,1,5,5
1888,1888,true_pair,1.0,1,1,44,44
1889,1889,true_pair,1.0,1,1,43,43
1890,1890,true_pair,1.0,1,1,0,0
1891,1891,true_pair,1.0,1,1,25,25
1892,1892,true_pair,1.0,1,1,37,37
1893,1893,true_pair,1.0,1,1,9,9
1894,1894,true_pair,1.0,1,1,30,30
1895,1895,true_pair,1.0,1,1,2,2
1896,1896,true_pair,1.0,1,1,5,5
1897,1897,true_pair,1.0,1,1,2,2
1898,1898,true_pair,1.0,1,1,45,45
1899,1899,true_pair,1.0,1,1,46,46
1900,1900,true_pair,1.0,1,1,38,38
1901,1901,true_pair,1.0,1,1,43,43
1902,1902,true_pair,1.0,1,1,20,20
1903,1903,true_pair,1.0,1,1,40,40
1904,1904,true_pair,1.0,1,1,31,31
1905,1905,true_pair,1.0,1,1,31,31
1906,1906,true_pair,1.0,1,1,29,29
1907,1907,true_pair,1.0,1,1,27,27
1908,1908,true_pair,1.0,1,1,5,5
1909,1909,true_pair,1.0,1,1,4,4
1910,1910,true_pair,1.0,1,1,5,5
1911,1911,true_pair,1.0,1,1,6,6
1912,1912,true_pair,1.0,1,1,41,41
1913,1913,true_pair,1.0,1,1,23,23
1914,1914,true_pair,1.0,1,1,46,46
1915,1915,true_pair,1.0,1,1,8,8
1916,1916,true_pair,1.0,1,1,0,0
1917,1917,true_pair,1.0,1,1,25,25
1918,1918,true_pair,1.0,1,1,21,21
1919,1919,true_pair,1.0,1,1,48,48
1920,1920,true_pair,1.0,1,1,30,30
1921,1921,true_pair,1.0,1,1,9,9
1922,1922,true_pair,1.0,1,1,12,12
1923,1923,true_pair,1.0,1,1,26,26
1924,1924,true_pair,1.0,1,1,34,34
1925,1925,true_pair,1.0,1,1,7,7
1926,1926,true_pair,1.0,1,1,11,11
1927,1927,true_pair,1.0,1,1,34,34
1928,1928,true_pair,1.0,1,1,34,34
1929,1929,true_pair,1.0,1,1,3,3
1930,1930,true_pair,1.0,1,1,20,20
1931,1931,true_pair,1.0,1,1,27,27
1932,1932,true_pair,1.0,1,1,49,49
1933,1933,true_pair,1.0,1,1,9,9
1934,1934,true_pair,1.0,1,1,37,37
1935,1935,true_pair,1.0,1,1,35,35
1936,1936,true_pair,1.0,1,1,40,40
1937,1937,true_pair,1.0,1,1,6,6
1938,1938,true_pair,1.0,1,1,41,41
1939,1939,true_pair,1.0,1,1,24,24
1940,1940,true_pair,1.0,1,1,30,30
1941,1941,true_pair,1.0,1,1,43,43
1942,1942,true_pair,1.0,1,1,11,11
1943,1943,true_pair,1.0,1,1,39,39
1944,1944,true_pair,1.0,1,1,48,48
1945,1945,true_pair,1.0,1,1,43,43
1946,1946,true_pair,1.0,1,1,10,10
1947,1947,true_pair,1.0,1,1,5,5
1948,1948,true_pair,1.0,1,1,31,31
1949,1949,true_pair,1.0,1,1,12,12
1950,1950,true_pair,1.0,1,1,29,29
1951,1951,true_pair,1.0,1,1,1,1
1952,1952,true_pair,1.0,1,1,19,19
1953,1953,true_pair,1.0,1,1,25,25
1954,1954,true_pair,1.0,1,1,37,37
1955,1955,true_pair,1.0,1,1,32,32
1956,1956,true_pair,1.0,1,1,48,48
1957,1957,true_pair,1.0,1,1,3,3
1958,1958,true_pair,1.0,1,1,0,0
1959,1959,true_pair,1.0,1,1,27,27
1960,1960,true_pair,1.0,1,1,40,40
1961,1961,true_pair,1.0,1,1,15,15
1962,1962,true_pair,1.0,1,1,32,32
1963,1963,true_pair,1.0,1,1,7,7
1964,1964,true_pair,1.0,1,1,19,19
1965,1965,true_pair,1.0,1,1,25,25
1966,1966,true_pair,1.0,1,1,37,37
1967,1967,true_pair,1.0,1,1,48,48
1968,1968,true_pair,1.0,1,1,16,16
1969,1969,true_pair,1.0,1,1,49,49
1970,1970,true_pair,1.0,1,1,37,37
1971,1971,true_pair,1.0,1,1,41,41
1972,1972,true_pair,1.0,1,1,11,11
1973,1973,true_pair,1.0,1,1,45,45
1974,1974,true_pair,1.0,1,1,34,34
1975,1975,true_pair,1.0,1,1,27,27
1976,1976,true_pair,1.0,1,1,33,33
1977,1977,true_pair,1.0,1,1,7,7
1978,1978,true_pair,1.0,1,1,1,1
1979,1979,true_pair,1.0,1,1,18,18
1980,1980,true_pair,1.0,1,1,37,37
1981,1981,true_pair,1.0,1,1,43,43
1982,1982,true_pair,1.0,1,1,26,26
1983,1983,true_pair,1.0,1,1,13,13
1984,1984,true_pair,1.0,1,1,30,30
1985,1985,true_pair,1.0,1,1,45,45
1986,1986,true_pair,1.0,1,1,21,21
1987,1987,true_pair,1.0,1,1,25,25
1988,1988,true_pair,1.0,1,1,1,1
1989,1989,true_pair,1.0,1,1,36,36
1990,1990,true_pair,1.0,1,1,45,45
1991,1991,true_pair,1.0,1,1,39,39
1992,1992,true_pair,1.0,1,1,4,4
1993,1993,true_pair,1.0,1,1,43,43
1994,1994,true_pair,1.0,1,1,30,30
1995,1995,true_pair,1.0,1,1,16,16
1996,1996,true_pair,1.0,1,1,17,17
1997,1997,true_pair,1.0,1,1,35,35
1998,1998,true_pair,1.0,1,1,18,18
1999,1999,true_pair,1.0,1,1,39,39
2000,2000,true_pair,1.0,1,1,23,23
2001,2001,true_pair,1.0,1,1,41,41
2002,2002,true_pair,1.0,1,1,36,36
2003,2003,true_pair,1.0,1,1,43,43
2004,2004,true_pair,1.0,1,1,27,27
2005,2005,true_pair,1.0,1,1,30,30
2006,2006,true_pair,1.0,1,1,12,12
2007,2007,true_pair,1.0,1,1,44,44
2008,2008,true_pair,1.0,1,1,0,0
2009,2009,true_pair,1.0,1,1,20,20
2010,2010,true_pair,1.0,1,1,33,33
2011,2011,true_pair,1.0,1,1,2,2
2012,2012,true_pair,1.0,1,1,44,44
2013,2013,true_pair,1.0,1,1,44,44
2014,2014,true_pair,1.0,1,1,43,43
2015,2015,true_pair,1.0,1,1,4,4
2016,2016,true_pair,1.0,1,1,33,33
2017,2017,true_pair,1.0,1,1,9,9
2018,2018,true_pair,1.0,1,1,0,0
2019,2019,true_pair,1.0,1,1,35,35
2020,2020,true_pair,1.0,1,1,3,3
2021,2021,true_pair,1.0,1,1,23,23
2022,2022,true_pair,1.0,1,1,44,44
2023,2023,true_pair,1.0,1,1,22,22
2024,2024,true_pair,1.0,1,1,37,37
2025,2025,true_pair,1.0,1,1,17,17
2026,2026,true_pair,1.0,1,1,3,3
2027,2027,true_pair,1.0,1,1,22,22
2028,2028,true_pair,1.0,1,1,41,41
2029,2029,true_pair,1.0,1,1,30,30
2030,2030,true_pair,1.0,1,1,44,44
2031,2031,true_pair,1.0,1,1,42,42
2032,2032,true_pair,1.0,1,1,13,13
2033,2033,true_pair,1.0,1,1,3,3
2034,2034,true_pair,1.0,1,1,16,16
2035,2035,true_pair,1.0,1,1,11,11
2036,2036,true_pair,1.0,1,1,10,10
2037,2037,true_pair,1.0,1,1,41,41
2038,2038,true_pair,1.0,1,1,15,15
2039,2039,true_pair,1.0,1,1,47,47
2040,2040,true_pair,1.0,1,1,15,15
2041,2041,true_pair,1.0,1,1,30,30
2042,2042,true_pair,1.0,1,1,46,46
2043,2043,true_pair,1.0,1,1,14,14
2044,2044,true_pair,1.0,1,1,12,12
2045,2045,true_pair,1.0,1,1,41,41
2046,2046,true_pair,1.0,1,1,25,25
2047,2047,true_pair,1.0,1,1,21,21
2048,2048,true_pair,1.0,1,1,3,3
2049,2049,true_pair,1.0,1,1,41,41
2050,2050,true_pair,1.0,1,1,11,11
2051,2051,true_pair,1.0,1,1,6,6
2052,2052,true_pair,1.0,1,1,17,17
2053,2053,true_pair,1.0,1,1,33,33
2054,2054,true_pair,1.0,1,1,11,11
2055,2055,true_pair,1.0,1,1,48,48
2056,2056,true_pair,1.0,1,1,35,35
2057,2057,true_pair,1.0,1,1,7,7
2058,2058,true_pair,1.0,1,1,12,12
2059,2059,true_pair,1.0,1,1,1,1
2060,2060,true_pair,1.0,1,1,16,16
2061,2061,true_pair,1.0,1,1,31,31
2062,2062,true_pair,1.0,1,1,10,10
2063,2063,true_pair,1.0,1,1,8,8
2064,2064,true_pair,1.0,1,1,11,11
2065,2065,true_pair,1.0,1,1,40,40
2066,2066,true_pair,1.0,1,1,36,36
2067,2067,true_pair,1.0,1,1,14,14
2068,2068,true_pair,1.0,1,1,5,5
2069,2069,true_pair,1.0,1,1,5,5
2070,2070,true_pair,1.0,1,1,38,38
2071,2071,true_pair,1.0,1,1,20,20
2072,2072,true_pair,1.0,1,1,40,40
2073,2073,true_pair,1.0,1,1,27,27
2074,2074,true_pair,1.0,1,1,19,19
2075,2075,true_pair,1.0,1,1,38,38
2076,2076,true_pair,1.0,1,1,42,42
2077,2077,true_pair,1.0,1,1,49,49
2078,2078,true_pair,1.0,1,1,10,10
2079,2079,true_pair,1.0,1,1,9,9
2080,2080,true_pair,1.0,1,1,9,9
2081,2081,true_pair,1.0,1,1,1,1
2082,2082,true_pair,1.0,1,1,40,40
2083,2083,true_pair,1.0,1,1,26,26
2084,2084,true_pair,1.0,1,1,26,26
2085,2085,true_pair,1.0,1,1,16,16
2086,2086,true_pair,1.0,1,1,38,38
2087,2087,true_pair,1.0,1,1,19,19
2088,2088,true_pair,1.0,1,1,33,33
2089,2089,true_pair,1.0,1,1,14,14
2090,2090,true_pair,1.0,1,1,43,43
2091,2091,true_pair,1.0,1,1,23,23
2092,2092,true_pair,1.0,1,1,42,42
2093,2093,true_pair,1.0,1,1,1,1
2094,2094,true_pair,1.0,1,1,19,19
2095,2095,true_pair,1.0,1,1,19,19
2096,2096,true_pair,1.0,1,1,10,10
2097,2097,true_pair,1.0,1,1,3,3
2098,2098,true_pair,1.0,1,1,24,24
2099,2099,true_pair,1.0,1,1,21,21
2100,2100,true_pair,1.0,1,1,48,48
2101,2101,true_pair,1.0,1,1,20,20
2102,2102,true_pair,1.0,1,1,49,49
2103,2103,true_pair,1.0,1,1,22,22
2104,2104,true_pair,1.0,1,1,13,13
2105,2105,true_pair,1.0,1,1,45,45
2106,2106,true_pair,1.0,1,1,26,26
2107,2107,true_pair,1.0,1,1,48,48
2108,2108,true_pair,1.0,1,1,40,40
2109,2109,true_pair,1.0,1,1,38,38
2110,2110,true_pair,1.0,1,1,31,31
2111,2111,true_pair,1.0,1,1,33,33
2112,2112,true_pair,1.0,1,1,16,16
2113,2113,true_pair,1.0,1,1,42,42
2114,2114,true_pair,1.0,1,1,5,5
2115,2115,true_pair,1.0,1,1,17,17
2116,2116,true_pair,1.0,1,1,23,23
2117,2117,true_pair,1.0,1,1,48,48
2118,2118,true_pair,1.0,1,1,14,14
2119,2119,true_pair,1.0,1,1,23,23
2120,2120,true_pair,1.0,1,1,5,5
2121,2121,true_pair,1.0,1,1,45,45
2122,2122,true_pair,1.0,1,1,32,32
2123,2123,true_pair,1.0,1,1,24,24
2124,2124,true_pair,1.0,1,1,0,0
2125,2125,true_pair,1.0,1,1,3,3
2126,2126,true_pair,1.0,1,1,23,23
2127,2127,true_pair,1.0,1,1,40,40
2128,2128,true_pair,1.0,1,1,9,9
2129,2129,true_pair,1.0,1,1,6,6
2130,2130,true_pair,1.0,1,1,5,5
2131,2131,true_pair,1.0,1,1,21,21
2132,2132,true_pair,1.0,1,1,28,28
2133,2133,true_pair,1.0,1,1,49,49
2134,2134,true_pair,1.0,1,1,36,36
2135,2135,true_pair,1.0,1,1,42,42
2136,2136,true_pair,1.0,1,1,14,14
2137,2137,true_pair,1.0,1,1,48,48
2138,2138,true_pair,1.0,1,1,13,13
2139,2139,true_pair,1.0,1,1,47,47
2140,2140,true_pair,1.0,1,1,24,24
2141,2141,true_pair,1.0,1,1,9,9
2142,2142,true_pair,1.0,1,1,13,13
2143,2143,true_pair,1.0,1,1,25,25
2144,2144,true_pair,1.0,1,1,13,13
2145,2145,true_pair,1.0,1,1,19,19
2146,2146,true_pair,1.0,1,1,0,0
2147,2147,true_pair,1.0,1,1,5,5
2148,2148,true_pair,1.0,1,1,22,22
2149,2149,true_pair,1.0,1,1,42,42
2150,2150,true_pair,1.0,1,1,9,9
2151,2151,true_pair,1.0,1,1,31,31
2152,2152,true_pair,1.0,1,1,48,48
2153,2153,true_pair,1.0,1,1,36,36
2154,2154,true_pair,1.0,1,1,28,28
2155,2155,true_pair,1.0,1,1,35,35
2156,2156,true_pair,1.0,1,1,32,32
2157,2157,true_pair,1.0,1,1,42,42
2158,2158,true_pair,1.0,1,1,4,4
2159,2159,true_pair,1.0,1,1,39,39
2160,2160,true_pair,1.0,1,1,12,12
2161,2161,true_pair,1.0,1,1,12,12
2162,2162,true_pair,1.0,1,1,11,11
2163,2163,true_pair,1.0,1,1,20,20
2164,2164,true_pair,1.0,1,1,13,13
2165,2165,true_pair,1.0,1,1,22,22
2166,2166,true_pair,1.0,1,1,19,19
2167,2167,true_pair,1.0,1,1,28,28
2168,2168,true_pair,1.0,1,1,43,43
2169,2169,true_pair,1.0,1,1,38,38
2170,2170,true_pair,1.0,1,1,41,41
2171,2171,true_pair,1.0,1,1,10,10
2172,2172,true_pair,1.0,1,1,34,34
2173,2173,true_pair,1.0,1,1,19,19
2174,2174,true_pair,1.0,1,1,14,14
2175,2175,true_pair,1.0,1,1,45,45
2176,2176,true_pair,1.0,1,1,40,40
2177,2177,true_pair,1.0,1,1,25,25
2178,2178,true_pair,1.0,1,1,31,31
2179,2179,true_pair,1.0,1,1,13,13
2180,2180,true_pair,1.0,1,1,1,1
2181,2181,true_pair,1.0,1,1,11,11
2182,2182,true_pair,1.0,1,1,22,22
2183,2183,true_pair,1.0,1,1,37,37
2184,2184,true_pair,1.0,1,1,4,4
2185,2185,true_pair,1.0,1,1,0,0
2186,2186,true_pair,1.0,1,1,13,13
2187,2187,true_pair,1.0,1,1,34,34
2188,2188,true_pair,1.0,1,1,18,18
2189,2189,true_pair,1.0,1,1,29,29
2190,2190,true_pair,1.0,1,1,43,43
2191,2191,true_pair,1.0,1,1,14,14
2192,2192,true_pair,1.0,1,1,13,13
2193,2193,true_pair,1.0,1,1,4,4
2194,2194,true_pair,1.0,1,1,13,13
2195,2195,true_pair,1.0,1,1,22,22
2196,2196,true_pair,1.0,1,1,42,42
2197,2197,true_pair,1.0,1,1,24,24
2198,2198,true_pair,1.0,1,1,5,5
2199,2199,true_pair,1.0,1,1,43,43
2200,2200,true_pair,1.0,1,1,29,29
2201,2201,true_pair,1.0,1,1,39,39
2202,2202,true_pair,1.0,1,1,34,34
2203,2203,true_pair,1.0,1,1,15,15
2204,2204,true_pair,1.0,1,1,37,37
2205,2205,true_pair,1.0,1,1,2,2
2206,2206,true_pair,1.0,1,1,29,29
2207,2207,true_pair,1.0,1,1,2,2
2208,2208,true_pair,1.0,1,1,27,27
2209,2209,true_pair,1.0,1,1,26,26
2210,2210,true_pair,1.0,1,1,44,44
2211,2211,true_pair,1.0,1,1,29,29
2212,2212,true_pair,1.0,1,1,6,6
2213,2213,true_pair,1.0,1,1,21,21
2214,2214,true_pair,1.0,1,1,34,34
2215,2215,true_pair,1.0,1,1,24,24
2216,2216,true_pair,1.0,1,1,36,36
2217,2217,true_pair,1.0,1,1,22,22
2218,2218,true_pair,1.0,1,1,18,18
2219,2219,true_pair,1.0,1,1,22,22
2220,2220,true_pair,1.0,1,1,37,37
2221,2221,true_pair,1.0,1,1,1,1
2222,2222,true_pair,1.0,1,1,23,23
2223,2223,true_pair,1.0,1,1,43,43
2224,2224,true_pair,1.0,1,1,21,21
2225,2225,true_pair,1.0,1,1,7,7
2226,2226,true_pair,1.0,1,1,34,34
2227,2227,true_pair,1.0,1,1,9,9
2228,2228,true_pair,1.0,1,1,15,15
2229,2229,true_pair,1.0,1,1,49,49
2230,2230,true_pair,1.0,1,1,22,22
2231,2231,true_pair,1.0,1,1,7,7
2232,2232,true_pair,1.0,1,1,14,14
2233,2233,true_pair,1.0,1,1,38,38
2234,2234,true_pair,1.0,1,1,41,41
2235,2235,true_pair,1.0,1,1,20,20
2236,2236,true_pair,1.0,1,1,35,35
2237,2237,true_pair,1.0,1,1,29,29
2238,2238,true_pair,1.0,1,1,4,4
2239,2239,true_pair,1.0,1,1,32,32
2240,2240,true_pair,1.0,1,1,18,18
2241,2241,true_pair,1.0,1,1,20,20
2242,2242,true_pair,1.0,1,1,30,30
2243,2243,true_pair,1.0,1,1,49,49
2244,2244,true_pair,1.0,1,1,11,11
2245,2245,true_pair,1.0,1,1,22,22
2246,2246,true_pair,1.0,1,1,19,19
2247,2247,true_pair,1.0,1,1,36,36
2248,2248,true_pair,1.0,1,1,6,6
2249,2249,true_pair,1.0,1,1,0,0
2250,2250,true_pair,1.0,1,1,23,23
2251,2251,true_pair,1.0,1,1,45,45
2252,2252,true_pair,1.0,1,1,15,15
2253,2253,true_pair,1.0,1,1,0,0
2254,2254,true_pair,1.0,1,1,17,17
2255,2255,true_pair,1.0,1,1,40,40
2256,2256,true_pair,1.0,1,1,37,37
2257,2257,true_pair,1.0,1,1,23,23
2258,2258,true_pair,1.0,1,1,48,48
2259,2259,true_pair,1.0,1,1,30,30
2260,2260,true_pair,1.0,1,1,7,7
2261,2261,true_pair,1.0,1,1,12,12
2262,2262,true_pair,1.0,1,1,18,18
2263,2263,true_pair,1.0,1,1,20,20
2264,2264,true_pair,1.0,1,1,40,40
2265,2265,true_pair,1.0,1,1,36,36
2266,2266,true_pair,1.0,1,1,0,0
2267,2267,true_pair,1.0,1,1,41,41
2268,2268,true_pair,1.0,1,1,38,38
2269,2269,true_pair,1.0,1,1,11,11
2270,2270,true_pair,1.0,1,1,21,21
2271,2271,true_pair,1.0,1,1,19,19
2272,2272,true_pair,1.0,1,1,22,22
2273,2273,true_pair,1.0,1,1,31,31
2274,2274,true_pair,1.0,1,1,36,36
2275,2275,true_pair,1.0,1,1,13,13
2276,2276,true_pair,1.0,1,1,11,11
2277,2277,true_pair,1.0,1,1,46,46
2278,2278,true_pair,1.0,1,1,33,33
2279,2279,true_pair,1.0,1,1,24,24
2280,2280,true_pair,1.0,1,1,46,46
2281,2281,true_pair,1.0,1,1,36,36
2282,2282,true_pair,1.0,1,1,30,30
2283,2283,true_pair,1.0,1,1,8,8
2284,2284,true_pair,1.0,1,1,17,17
2285,2285,true_pair,1.0,1,1,20,20
2286,2286,true_pair,1.0,1,1,27,27
2287,2287,true_pair,1.0,1,1,14,14
2288,2288,true_pair,1.0,1,1,43,43
2289,2289,true_pair,1.0,1,1,46,46
2290,2290,true_pair,1.0,1,1,33,33
2291,2291,true_pair,1.0,1,1,45,45
2292,2292,true_pair,1.0,1,1,21,21
2293,2293,true_pair,1.0,1,1,43,43
2294,2294,true_pair,1.0,1,1,26,26
2295,2295,true_pair,1.0,1,1,39,39
2296,2296,true_pair,1.0,1,1,28,28
2297,2297,true_pair,1.0,1,1,41,41
2298,2298,true_pair,1.0,1,1,43,43
2299,2299,true_pair,1.0,1,1,17,17
2300,2300,true_pair,1.0,1,1,11,11
2301,2301,true_pair,1.0,1,1,44,44
2302,2302,true_pair,1.0,1,1,23,23
2303,2303,true_pair,1.0,1,1,32,32
2304,2304,true_pair,1.0,1,1,37,37
2305,2305,true_pair,1.0,1,1,14,14
2306,2306,true_pair,1.0,1,1,4,4
2307,2307,true_pair,1.0,1,1,41,41
2308,2308,true_pair,1.0,1,1,12,12
2309,2309,true_pair,1.0,1,1,47,47
2310,2310,true_pair,1.0,1,1,43,43
2311,2311,true_pair,1.0,1,1,32,32
2312,2312,true_pair,1.0,1,1,47,47
2313,2313,true_pair,1.0,1,1,7,7
2314,2314,true_pair,1.0,1,1,43,43
2315,2315,true_pair,1.0,1,1,11,11
2316,2316,true_pair,1.0,1,1,9,9
2317,2317,true_pair,1.0,1,1,11,11
2318,2318,true_pair,1.0,1,1,5,5
2319,2319,true_pair,1.0,1,1,39,39
2320,2320,true_pair,1.0,1,1,48,48
2321,2321,true_pair,1.0,1,1,32,32
2322,2322,true_pair,1.0,1,1,12,12
2323,2323,true_pair,1.0,1,1,49,49
2324,2324,true_pair,1.0,1,1,4,4
2325,2325,true_pair,1.0,1,1,35,35
2326,2326,true_pair,1.0,1,1,11,11
2327,2327,true_pair,1.0,1,1,5,5
2328,2328,true_pair,1.0,1,1,19,19
2329,2329,true_pair,1.0,1,1,4,4
2330,2330,true_pair,1.0,1,1,23,23
2331,2331,true_pair,1.0,1,1,20,20
2332,2332,true_pair,1.0,1,1,38,38
2333,2333,true_pair,1.0,1,1,42,42
2334,2334,true_pair,1.0,1,1,20,20
2335,2335,true_pair,1.0,1,1,47,47
2336,2336,true_pair,1.0,1,1,31,31
2337,2337,true_pair,1.0,1,1,26,26
2338,2338,true_pair,1.0,1,1,10,10
2339,2339,true_pair,1.0,1,1,39,39
2340,2340,true_pair,1.0,1,1,19,19
2341,2341,true_pair,1.0,1,1,23,23
2342,2342,true_pair,1.0,1,1,26,26
2343,2343,true_pair,1.0,1,1,18,18
2344,2344,true_pair,1.0,1,1,26,26
2345,2345,true_pair,1.0,1,1,25,25
2346,2346,true_pair,1.0,1,1,34,34
2347,2347,true_pair,1.0,1,1,43,43
2348,2348,true_pair,1.0,1,1,23,23
2349,2349,true_pair,1.0,1,1,48,48
2350,2350,true_pair,1.0,1,1,15,15
2351,2351,true_pair,1.0,1,1,42,42
2352,2352,true_pair,1.0,1,1,17,17
2353,2353,true_pair,1.0,1,1,20,20
2354,2354,true_pair,1.0,1,1,30,30
2355,2355,true_pair,1.0,1,1,36,36
2356,2356,true_pair,1.0,1,1,20,20
2357,2357,true_pair,1.0,1,1,17,17
2358,2358,true_pair,1.0,1,1,41,41
2359,2359,true_pair,1.0,1,1,31,31
2360,2360,true_pair,1.0,1,1,15,15
2361,2361,true_pair,1.0,1,1,33,33
2362,2362,true_pair,1.0,1,1,45,45
2363,2363,true_pair,1.0,1,1,4,4
2364,2364,true_pair,1.0,1,1,35,35
2365,2365,true_pair,1.0,1,1,18,18
2366,2366,true_pair,1.0,1,1,16,16
2367,2367,true_pair,1.0,1,1,32,32
2368,2368,true_pair,1.0,1,1,21,21
2369,2369,true_pair,1.0,1,1,42,42
2370,2370,true_pair,1.0,1,1,36,36
2371,2371,true_pair,1.0,1,1,5,5
2372,2372,true_pair,1.0,1,1,38,38
2373,2373,true_pair,1.0,1,1,13,13
2374,2374,true_pair,1.0,1,1,46,46
2375,2375,true_pair,1.0,1,1,3,3
2376,2376,true_pair,1.0,1,1,43,43
2377,2377,true_pair,1.0,1,1,44,44
2378,2378,true_pair,1.0,1,1,35,35
2379,2379,true_pair,1.0,1,1,12,12
2380,2380,true_pair,1.0,1,1,33,33
2381,2381,true_pair,1.0,1,1,48,48
2382,2382,true_pair,1.0,1,1,10,10
2383,2383,true_pair,1.0,1,1,30,30
2384,2384,true_pair,1.0,1,1,31,31
2385,2385,true_pair,1.0,1,1,43,43
2386,2386,true_pair,1.0,1,1,21,21
2387,2387,true_pair,1.0,1,1,5,5
2388,2388,true_pair,1.0,1,1,27,27
2389,2389,true_pair,1.0,1,1,18,18
2390,2390,true_pair,1.0,1,1,42,42
2391,2391,true_pair,1.0,1,1,31,31
2392,2392,true_pair,1.0,1,1,17,17
2393,2393,true_pair,1.0,1,1,0,0
2394,2394,true_pair,1.0,1,1,2,2
2395,2395,true_pair,1.0,1,1,15,15
2396,2396,true_pair,1.0,1,1,48,48
2397,2397,true_pair,1.0,1,1,39,39
2398,2398,true_pair,1.0,1,1,17,17
2399,2399,true_pair,1.0,1,1,29,29
2400,2400,true_pair,1.0,1,1,45,45
2401,2401,true_pair,1.0,1,1,8,8
2402,2402,true_pair,1.0,1,1,44,44
2403,2403,true_pair,1.0,1,1,19,19
2404,2404,true_pair,1.0,1,1,46,46
2405,2405,true_pair,1.0,1,1,4,4
2406,2406,true_pair,1.0,1,1,21,21
2407,2407,true_pair,1.0,1,1,31,31
2408,2408,true_pair,1.0,1,1,36,36
2409,2409,true_pair,1.0,1,1,7,7
2410,2410,true_pair,1.0,1,1,40,40
2411,2411,true_pair,1.0,1,1,45,45
2412,2412,true_pair,1.0,1,1,35,35
2413,2413,true_pair,1.0,1,1,42,42
2414,2414,true_pair,1.0,1,1,6,6
2415,2415,true_pair,1.0,1,1,9,9
2416,2416,true_pair,1.0,1,1,49,49
2417,2417,true_pair,1.0,1,1,3,3
2418,2418,true_pair,1.0,1,1,42,42
2419,2419,true_pair,1.0,1,1,24,24
2420,2420,true_pair,1.0,1,1,25,25
2421,2421,true_pair,1.0,1,1,5,5
2422,2422,true_pair,1.0,1,1,22,22
2423,2423,true_pair,1.0,1,1,37,37
2424,2424,true_pair,1.0,1,1,24,24
2425,2425,true_pair,1.0,1,1,2,2
2426,2426,true_pair,1.0,1,1,11,11
2427,2427,true_pair,1.0,1,1,20,20
2428,2428,true_pair,1.0,1,1,7,7
2429,2429,true_pair,1.0,1,1,29,29
2430,2430,true_pair,1.0,1,1,47,47
2431,2431,true_pair,1.0,1,1,20,20
2432,2432,true_pair,1.0,1,1,25,25
2433,2433,true_pair,1.0,1,1,42,42
2434,2434,true_pair,1.0,1,1,31,31
2435,2435,true_pair,1.0,1,1,18,18
2436,2436,true_pair,1.0,1,1,9,9
2437,2437,true_pair,1.0,1,1,1,1
2438,2438,true_pair,1.0,1,1,37,37
2439,2439,true_pair,1.0,1,1,47,47
2440,2440,true_pair,1.0,1,1,2,2
2441,2441,true_pair,1.0,1,1,24,24
2442,2442,true_pair,1.0,1,1,5,5
2443,2443,true_pair,1.0,1,1,26,26
2444,2444,true_pair,1.0,1,1,43,43
2445,2445,true_pair,1.0,1,1,11,11
2446,2446,true_pair,1.0,1,1,40,40
2447,2447,true_pair,1.0,1,1,2,2
2448,2448,true_pair,1.0,1,1,21,21
2449,2449,true_pair,1.0,1,1,20,20
2450,2450,true_pair,1.0,1,1,20,20
2451,2451,true_pair,1.0,1,1,39,39
2452,2452,true_pair,1.0,1,1,44,44
2453,2453,true_pair,1.0,1,1,28,28
2454,2454,true_pair,1.0,1,1,34,34
2455,2455,true_pair,1.0,1,1,16,16
2456,2456,true_pair,1.0,1,1,6,6
2457,2457,true_pair,1.0,1,1,1,1
2458,2458,true_pair,1.0,1,1,17,17
2459,2459,true_pair,1.0,1,1,15,15
2460,2460,true_pair,1.0,1,1,3,3
2461,2461,true_pair,1.0,1,1,4,4
2462,2462,true_pair,1.0,1,1,15,15
2463,2463,true_pair,1.0,1,1,23,23
2464,2464,true_pair,1.0,1,1,21,21
2465,2465,true_pair,1.0,1,1,21,21
2466,2466,true_pair,1.0,1,1,3,3
2467,2467,true_pair,1.0,1,1,21,21
2468,2468,true_pair,1.0,1,1,0,0
2469,2469,true_pair,1.0,1,1,33,33
2470,2470,true_pair,1.0,1,1,4,4
2471,2471,true_pair,1.0,1,1,18,18
2472,2472,true_pair,1.0,1,1,48,48
2473,2473,true_pair,1.0,1,1,28,28
2474,2474,true_pair,1.0,1,1,47,47
2475,2475,true_pair,1.0,1,1,1,1
2476,2476,true_pair,1.0,1,1,8,8
2477,2477,true_pair,1.0,1,1,14,14
2478,2478,true_pair,1.0,1,1,19,19
2479,2479,true_pair,1.0,1,1,45,45
2480,2480,true_pair,1.0,1,1,31,31
2481,2481,true_pair,1.0,1,1,47,47
2482,2482,true_pair,1.0,1,1,46,46
2483,2483,true_pair,1.0,1,1,45,45
2484,2484,true_pair,1.0,1,1,44,44
2485,2485,true_pair,1.0,1,1,23,23
2486,2486,true_pair,1.0,1,1,14,14
2487,2487,true_pair,1.0,1,1,33,33
2488,2488,true_pair,1.0,1,1,16,16
2489,2489,true_pair,1.0,1,1,35,35
2490,2490,true_pair,1.0,1,1,36,36
2491,2491,true_pair,1.0,1,1,41,41
2492,2492,true_pair,1.0,1,1,0,0
2493,2493,true_pair,1.0,1,1,8,8
2494,2494,true_pair,1.0,1,1,47,47
2495,2495,true_pair,1.0,1,1,18,18
2496,2496,true_pair,1.0,1,1,25,25
2497,2497,true_pair,1.0,1,1,3,3
2498,2498,true_pair,1.0,1,1,14,14
2499,2499,true_pair,1.0,1,1,45,45
2500,2500,true_pair,1.0,1,1,21,21
2501,2501,true_pair,1.0,1,1,5,5
2502,2502,true_pair,1.0,1,1,1,1
2503,2503,true_pair,1.0,1,1,27,27
2504,2504,true_pair,1.0,1,1,26,26
2505,2505,true_pair,1.0,1,1,21,21
2506,2506,true_pair,1.0,1,1,9,9
2507,2507,true_pair,1.0,1,1,30,30
2508,2508,true_pair,1.0,1,1,20,20
2509,2509,true_pair,1.0,1,1,41,41
2510,2510,true_pair,1.0,1,1,28,28
2511,2511,true_pair,1.0,1,1,35,35
2512,2512,true_pair,1.0,1,1,47,47
2513,2513,true_pair,1.0,1,1,4,4
2514,2514,true_pair,1.0,1,1,0,0
2515,2515,true_pair,1.0,1,1,26,26
2516,2516,true_pair,1.0,1,1,19,19
2517,2517,true_pair,1.0,1,1,34,34
2518,2518,true_pair,1.0,1,1,19,19
2519,2519,true_pair,1.0,1,1,26,26
2520,2520,true_pair,1.0,1,1,14,14
2521,2521,true_pair,1.0,1,1,45,45
2522,2522,true_pair,1.0,1,1,15,15
2523,2523,true_pair,1.0,1,1,38,38
2524,2524,true_pair,1.0,1,1,32,32
2525,2525,true_pair,1.0,1,1,11,11
2526,2526,true_pair,1.0,1,1,15,15
2527,2527,true_pair,1.0,1,1,25,25
2528,2528,true_pair,1.0,1,1,46,46
2529,2529,true_pair,1.0,1,1,17,17
2530,2530,true_pair,1.0,1,1,41,41
2531,2531,true_pair,1.0,1,1,42,42
2532,2532,true_pair,1.0,1,1,38,38
2533,2533,true_pair,1.0,1,1,38,38
2534,2534,true_pair,1.0,1,1,36,36
2535,2535,true_pair,1.0,1,1,9,9
2536,2536,true_pair,1.0,1,1,9,9
2537,2537,true_pair,1.0,1,1,26,26
2538,2538,true_pair,1.0,1,1,22,22
2539,2539,true_pair,1.0,1,1,46,46
2540,2540,true_pair,1.0,1,1,16,16
2541,2541,true_pair,1.0,1,1,43,43
2542,2542,true_pair,1.0,1,1,19,19
2543,2543,true_pair,1.0,1,1,44,44
2544,2544,true_pair,1.0,1,1,35,35
2545,2545,true_pair,1.0,1,1,21,21
2546,2546,true_pair,1.0,1,1,25,25
2547,2547,true_pair,1.0,1,1,18,18
2548,2548,true_pair,1.0,1,1,25,25
2549,2549,true_pair,1.0,1,1,37,37
2550,2550,true_pair,1.0,1,1,36,36
2551,2551,true_pair,1.0,1,1,23,23
2552,2552,true_pair,1.0,1,1,31,31
2553,2553,true_pair,1.0,1,1,16,16
2554,2554,true_pair,1.0,1,1,32,32
2555,2555,true_pair,1.0,1,1,23,23
2556,2556,true_pair,1.0,1,1,4,4
2557,2557,true_pair,1.0,1,1,6,6
2558,2558,true_pair,1.0,1,1,26,26
2559,2559,true_pair,1.0,1,1,19,19
2560,2560,true_pair,1.0,1,1,46,46
2561,2561,true_pair,1.0,1,1,40,40
2562,2562,true_pair,1.0,1,1,16,16
2563,2563,true_pair,1.0,1,1,10,10
2564,2564,true_pair,1.0,1,1,41,41
2565,2565,true_pair,1.0,1,1,42,42
2566,2566,true_pair,1.0,1,1,10,10
2567,2567,true_pair,1.0,1,1,42,42
2568,2568,true_pair,1.0,1,1,16,16
2569,2569,true_pair,1.0,1,1,12,12
2570,2570,true_pair,1.0,1,1,3,3
2571,2571,true_pair,1.0,1,1,11,11
2572,2572,true_pair,1.0,1,1,18,18
2573,2573,true_pair,1.0,1,1,8,8
2574,2574,true_pair,1.0,1,1,42,42
2575,2575,true_pair,1.0,1,1,49,49
2576,2576,true_pair,1.0,1,1,34,34
2577,2577,true_pair,1.0,1,1,35,35
2578,2578,true_pair,1.0,1,1,24,24
2579,2579,true_pair,1.0,1,1,45,45
2580,2580,true_pair,1.0,1,1,42,42
2581,2581,true_pair,1.0,1,1,29,29
2582,2582,true_pair,1.0,1,1,45,45
2583,2583,true_pair,1.0,1,1,7,7
2584,2584,true_pair,1.0,1,1,32,32
2585,2585,true_pair,1.0,1,1,40,40
2586,2586,true_pair,1.0,1,1,26,26
2587,2587,true_pair,1.0,1,1,44,44
2588,2588,true_pair,1.0,1,1,6,6
2589,2589,true_pair,1.0,1,1,37,37
2590,2590,true_pair,1.0,1,1,15,15
2591,2591,true_pair,1.0,1,1,47,47
2592,2592,true_pair,1.0,1,1,37,37
2593,2593,true_pair,1.0,1,1,17,17
2594,2594,true_pair,1.0,1,1,5,5
2595,2595,true_pair,1.0,1,1,48,48
2596,2596,true_pair,1.0,1,1,34,34
2597,2597,true_pair,1.0,1,1,39,39
2598,2598,true_pair,1.0,1,1,26,26
2599,2599,true_pair,1.0,1,1,7,7
2600,2600,true_pair,1.0,1,1,39,39
2601,2601,true_pair,1.0,1,1,6,6
2602,2602,true_pair,1.0,1,1,23,23
2603,2603,true_pair,1.0,1,1,38,38
2604,2604,true_pair,1.0,1,1,48,48
2605,2605,true_pair,1.0,1,1,28,28
2606,2606,true_pair,1.0,1,1,11,11
2607,2607,true_pair,1.0,1,1,11,11
2608,2608,true_pair,1.0,1,1,33,33
2609,2609,true_pair,1.0,1,1,36,36
2610,2610,true_pair,1.0,1,1,46,46
2611,2611,true_pair,1.0,1,1,23,23
2612,2612,true_pair,1.0,1,1,2,2
2613,2613,true_pair,1.0,1,1,23,23
2614,2614,true_pair,1.0,1,1,11,11
2615,2615,true_pair,1.0,1,1,17,17
2616,2616,true_pair,1.0,1,1,28,28
2617,2617,true_pair,1.0,1,1,18,18
2618,2618,true_pair,1.0,1,1,48,48
2619,2619,true_pair,1.0,1,1,6,6
2620,2620,true_pair,1.0,1,1,15,15
2621,2621,true_pair,1.0,1,1,19,19
2622,2622,true_pair,1.0,1,1,43,43
2623,2623,true_pair,1.0,1,1,18,18
2624,2624,true_pair,1.0,1,1,5,5
2625,2625,true_pair,1.0,1,1,31,31
2626,2626,true_pair,1.0,1,1,24,24
2627,2627,true_pair,1.0,1,1,40,40
2628,2628,true_pair,1.0,1,1,11,11
2629,2629,true_pair,1.0,1,1,48,48
2630,2630,true_pair,1.0,1,1,17,17
2631,2631,true_pair,1.0,1,1,24,24
2632,2632,true_pair,1.0,1,1,49,49
2633,2633,true_pair,1.0,1,1,43,43
2634,2634,true_pair,1.0,1,1,7,7
2635,2635,true_pair,1.0,1,1,42,42
2636,2636,true_pair,1.0,1,1,17,17
2637,2637,true_pair,1.0,1,1,34,34
2638,2638,true_pair,1.0,1,1,1,1
2639,2639,true_pair,1.0,1,1,44,44
2640,2640,true_pair,1.0,1,1,32,32
2641,2641,true_pair,1.0,1,1,0,0
2642,2642,true_pair,1.0,1,1,4,4
2643,2643,true_pair,1.0,1,1,13,13
2644,2644,true_pair,1.0,1,1,40,40
2645,2645,true_pair,1.0,1,1,30,30
2646,2646,true_pair,1.0,1,1,3,3
2647,2647,true_pair,1.0,1,1,30,30
2648,2648,true_pair,1.0,1,1,34,34
2649,2649,true_pair,1.0,1,1,4,4
2650,2650,true_pair,1.0,1,1,17,17
2651,2651,true_pair,1.0,1,1,26,26
2652,2652,true_pair,1.0,1,1,15,15
2653,2653,true_pair,1.0,1,1,43,43
2654,2654,true_pair,1.0,1,1,24,24
2655,2655,true_pair,1.0,1,1,49,49
2656,2656,true_pair,1.0,1,1,48,48
2657,2657,true_pair,1.0,1,1,25,25
2658,2658,true_pair,1.0,1,1,39,39
2659,2659,true_pair,1.0,1,1,32,32
2660,2660,true_pair,1.0,1,1,20,20
2661,2661,true_pair,1.0,1,1,19,19
2662,2662,true_pair,1.0,1,1,9,9
2663,2663,true_pair,1.0,1,1,15,15
2664,2664,true_pair,1.0,1,1,3,3
2665,2665,true_pair,1.0,1,1,45,45
2666,2666,true_pair,1.0,1,1,16,16
2667,2667,true_pair,1.0,1,1,36,36
2668,2668,true_pair,1.0,1,1,47,47
2669,2669,true_pair,1.0,1,1,30,30
2670,2670,true_pair,1.0,1,1,28,28
2671,2671,true_pair,1.0,1,1,46,46
2672,2672,true_pair,1.0,1,1,11,11
2673,2673,true_pair,1.0,1,1,19,19
2674,2674,true_pair,1.0,1,1,36,36
2675,2675,true_pair,1.0,1,1,1,1
2676,2676,true_pair,1.0,1,1,25,25
2677,2677,true_pair,1.0,1,1,35,35
2678,2678,true_pair,1.0,1,1,29,29
2679,2679,true_pair,1.0,1,1,33,33
2680,2680,true_pair,1.0,1,1,44,44
2681,2681,true_pair,1.0,1,1,32,32
2682,2682,true_pair,1.0,1,1,13,13
2683,2683,true_pair,1.0,1,1,34,34
2684,2684,true_pair,1.0,1,1,27,27
2685,2685,true_pair,1.0,1,1,13,13
2686,2686,true_pair,1.0,1,1,38,38
2687,2687,true_pair,1.0,1,1,14,14
2688,2688,true_pair,1.0,1,1,8,8
2689,2689,true_pair,1.0,1,1,14,14
2690,2690,true_pair,1.0,1,1,42,42
2691,2691,true_pair,1.0,1,1,21,21
2692,2692,true_pair,1.0,1,1,45,45
2693,2693,true_pair,1.0,1,1,40,40
2694,2694,true_pair,1.0,1,1,39,39
2695,2695,true_pair,1.0,1,1,4,4
2696,2696,true_pair,1.0,1,1,42,42
2697,2697,true_pair,1.0,1,1,48,48
2698,2698,true_pair,1.0,1,1,14,14
2699,2699,true_pair,1.0,1,1,10,10
2700,2700,true_pair,1.0,1,1,30,30
2701,2701,true_pair,1.0,1,1,21,21
2702,2702,true_pair,1.0,1,1,40,40
2703,2703,true_pair,1.0,1,1,4,4
2704,2704,true_pair,1.0,1,1,37,37
2705,2705,true_pair,1.0,1,1,27,27
2706,2706,true_pair,1.0,1,1,4,4
2707,2707,true_pair,1.0,1,1,21,21
2708,2708,true_pair,1.0,1,1,32,32
2709,2709,true_pair,1.0,1,1,27,27
2710,2710,true_pair,1.0,1,1,9,9
2711,2711,true_pair,1.0,1,1,2,2
2712,2712,true_pair,1.0,1,1,18,18
2713,2713,true_pair,1.0,1,1,46,46
2714,2714,true_pair,1.0,1,1,40,40
2715,2715,true_pair,1.0,1,1,30,30
2716,2716,true_pair,1.0,1,1,2,2
2717,2717,true_pair,1.0,1,1,17,17
2718,2718,true_pair,1.0,1,1,22,22
2719,2719,true_pair,1.0,1,1,30,30
2720,2720,true_pair,1.0,1,1,35,35
2721,2721,true_pair,1.0,1,1,33,33
2722,2722,true_pair,1.0,1,1,37,37
2723,2723,true_pair,1.0,1,1,9,9
2724,2724,true_pair,1.0,1,1,47,47
2725,2725,true_pair,1.0,1,1,37,37
2726,2726,true_pair,1.0,1,1,27,27
2727,2727,true_pair,1.0,1,1,44,44
2728,2728,true_pair,1.0,1,1,31,31
2729,2729,true_pair,1.0,1,1,9,9
2730,2730,true_pair,1.0,1,1,18,18
2731,2731,true_pair,1.0,1,1,31,31
2732,2732,true_pair,1.0,1,1,49,49
2733,2733,true_pair,1.0,1,1,21,21
2734,2734,true_pair,1.0,1,1,43,43
2735,2735,true_pair,1.0,1,1,44,44
2736,2736,true_pair,1.0,1,1,35,35
2737,2737,true_pair,1.0,1,1,19,19
2738,2738,true_pair,1.0,1,1,2,2
2739,2739,true_pair,1.0,1,1,30,30
2740,2740,true_pair,1.0,1,1,45,45
2741,2741,true_pair,1.0,1,1,39,39
2742,2742,true_pair,1.0,1,1,24,24
2743,2743,true_pair,1.0,1,1,10,10
2744,2744,true_pair,1.0,1,1,27,27
2745,2745,true_pair,1.0,1,1,46,46
2746,2746,true_pair,1.0,1,1,24,24
2747,2747,true_pair,1.0,1,1,29,29
2748,2748,true_pair,1.0,1,1,0,0
2749,2749,true_pair,1.0,1,1,13,13
2750,2750,true_pair,1.0,1,1,43,43
2751,2751,true_pair,1.0,1,1,12,12
2752,2752,true_pair,1.0,1,1,37,37
2753,2753,true_pair,1.0,1,1,9,9
2754,2754,true_pair,1.0,1,1,34,34
2755,2755,true_pair,1.0,1,1,39,39
2756,2756,true_pair,1.0,1,1,36,36
2757,2757,true_pair,1.0,1,1,1,1
2758,2758,true_pair,1.0,1,1,39,39
2759,2759,true_pair,1.0,1,1,41,41
2760,2760,true_pair,1.0,1,1,9,9
2761,2761,true_pair,1.0,1,1,40,40
2762,2762,true_pair,1.0,1,1,13,13
2763,2763,true_pair,1.0,1,1,34,34
2764,2764,true_pair,1.0,1,1,39,39
2765,2765,true_pair,1.0,1,1,1,1
2766,2766,true_pair,1.0,1,1,39,39
2767,2767,true_pair,1.0,1,1,33,33
2768,2768,true_pair,1.0,1,1,28,28
2769,2769,true_pair,1.0,1,1,2,2
2770,2770,true_pair,1.0,1,1,10,10
2771,2771,true_pair,1.0,1,1,3,3
2772,2772,true_pair,1.0,1,1,7,7
2773,2773,true_pair,1.0,1,1,30,30
2774,2774,true_pair,1.0,1,1,28,28
2775,2775,true_pair,1.0,1,1,25,25
2776,2776,true_pair,1.0,1,1,13,13
2777,2777,true_pair,1.0,1,1,30,30
2778,2778,true_pair,1.0,1,1,3,3
2779,2779,true_pair,1.0,1,1,38,38
2780,2780,true_pair,1.0,1,1,33,33
2781,2781,true_pair,1.0,1,1,27,27
2782,2782,true_pair,1.0,1,1,47,47
2783,2783,true_pair,1.0,1,1,9,9
2784,2784,true_pair,1.0,1,1,3,3
2785,2785,true_pair,1.0,1,1,36,36
2786,2786,true_pair,1.0,1,1,12,12
2787,2787,true_pair,1.0,1,1,26,26
2788,2788,true_pair,1.0,1,1,28,28
2789,2789,true_pair,1.0,1,1,8,8
2790,2790,true_pair,1.0,1,1,17,17
2791,2791,true_pair,1.0,1,1,18,18
2792,2792,true_pair,1.0,1,1,41,41
2793,2793,true_pair,1.0,1,1,38,38
2794,2794,true_pair,1.0,1,1,14,14
2795,2795,true_pair,1.0,1,1,30,30
2796,2796,true_pair,1.0,1,1,19,19
2797,2797,true_pair,1.0,1,1,2,2
2798,2798,true_pair,1.0,1,1,23,23
2799,2799,true_pair,1.0,1,1,38,38
2800,2800,true_pair,1.0,1,1,8,8
2801,2801,true_pair,1.0,1,1,5,5
2802,2802,true_pair,1.0,1,1,21,21
2803,2803,true_pair,1.0,1,1,24,24
2804,2804,true_pair,1.0,1,1,26,26
2805,2805,true_pair,1.0,1,1,44,44
2806,2806,true_pair,1.0,1,1,6,6
2807,2807,true_pair,1.0,1,1,29,29
2808,2808,true_pair,1.0,1,1,6,6
2809,2809,true_pair,1.0,1,1,27,27
2810,2810,true_pair,1.0,1,1,9,9
2811,2811,true_pair,1.0,1,1,36,36
2812,2812,true_pair,1.0,1,1,8,8
2813,2813,true_pair,1.0,1,1,15,15
2814,2814,true_pair,1.0,1,1,6,6
2815,2815,true_pair,1.0,1,1,38,38
2816,2816,true_pair,1.0,1,1,47,47
2817,2817,true_pair,1.0,1,1,16,16
2818,2818,true_pair,1.0,1,1,15,15
2819,2819,true_pair,1.0,1,1,12,12
2820,2820,true_pair,1.0,1,1,9,9
2821,2821,true_pair,1.0,1,1,11,11
2822,2822,true_pair,1.0,1,1,19,19
2823,2823,true_pair,1.0,1,1,8,8
2824,2824,true_pair,1.0,1,1,46,46
2825,2825,true_pair,1.0,1,1,42,42
2826,2826,true_pair,1.0,1,1,16,16
2827,2827,true_pair,1.0,1,1,3,3
2828,2828,true_pair,1.0,1,1,12,12
2829,2829,true_pair,1.0,1,1,8,8
2830,2830,true_pair,1.0,1,1,0,0
2831,2831,true_pair,1.0,1,1,34,34
2832,2832,true_pair,1.0,1,1,9,9
2833,2833,true_pair,1.0,1,1,18,18
2834,2834,true_pair,1.0,1,1,28,28
2835,2835,true_pair,1.0,1,1,0,0
2836,2836,true_pair,1.0,1,1,47,47
2837,2837,true_pair,1.0,1,1,26,26
2838,2838,true_pair,1.0,1,1,40,40
2839,2839,true_pair,1.0,1,1,38,38
2840,2840,true_pair,1.0,1,1,33,33
2841,2841,true_pair,1.0,1,1,27,27
2842,2842,true_pair,1.0,1,1,16,16
2843,2843,true_pair,1.0,1,1,35,35
2844,2844,true_pair,1.0,1,1,41,41
2845,2845,true_pair,1.0,1,1,19,19
2846,2846,true_pair,1.0,1,1,18,18
2847,2847,true_pair,1.0,1,1,16,16
2848,2848,true_pair,1.0,1,1,1,1
2849,2849,true_pair,1.0,1,1,44,44
2850,2850,true_pair,1.0,1,1,8,8
2851,2851,true_pair,1.0,1,1,1,1
2852,2852,true_pair,1.0,1,1,6,6
2853,2853,true_pair,1.0,1,1,36,36
2854,2854,true_pair,1.0,1,1,33,33
2855,2855,true_pair,1.0,1,1,14,14
2856,2856,true_pair,1.0,1,1,9,9
2857,2857,true_pair,1.0,1,1,12,12
2858,2858,true_pair,1.0,1,1,37,37
2859,2859,true_pair,1.0,1,1,28,28
2860,2860,true_pair,1.0,1,1,35,35
2861,2861,true_pair,1.0,1,1,23,23
2862,2862,true_pair,1.0,1,1,45,45
2863,2863,true_pair,1.0,1,1,40,40
2864,2864,true_pair,1.0,1,1,13,13
2865,2865,true_pair,1.0,1,1,44,44
2866,2866,true_pair,1.0,1,1,13,13
2867,2867,true_pair,1.0,1,1,13,13
2868,2868,true_pair,1.0,1,1,20,20
2869,2869,true_pair,1.0,1,1,2,2
2870,2870,true_pair,1.0,1,1,14,14
2871,2871,true_pair,1.0,1,1,14,14
2872,2872,true_pair,1.0,1,1,49,49
2873,2873,true_pair,1.0,1,1,22,22
2874,2874,true_pair,1.0,1,1,28,28
2875,2875,true_pair,1.0,1,1,45,45
2876,2876,true_pair,1.0,1,1,24,24
2877,2877,true_pair,1.0,1,1,13,13
2878,2878,true_pair,1.0,1,1,18,18
2879,2879,true_pair,1.0,1,1,45,45
2880,2880,true_pair,1.0,1,1,48,48
2881,2881,true_pair,1.0,1,1,3,3
2882,2882,true_pair,1.0,1,1,46,46
2883,2883,true_pair,1.0,1,1,41,41
2884,2884,true_pair,1.0,1,1,47,47
2885,2885,true_pair,1.0,1,1,12,12
2886,2886,true_pair,1.0,1,1,0,0
2887,2887,true_pair,1.0,1,1,21,21
2888,2888,true_pair,1.0,1,1,10,10
2889,2889,true_pair,1.0,1,1,2,2
2890,2890,true_pair,1.0,1,1,11,11
2891,2891,true_pair,1.0,1,1,5,5
2892,2892,true_pair,1.0,1,1,42,42
2893,2893,true_pair,1.0,1,1,5,5
2894,2894,true_pair,1.0,1,1,8,8
2895,2895,true_pair,1.0,1,1,47,47
2896,2896,true_pair,1.0,1,1,27,27
2897,2897,true_pair,1.0,1,1,9,9
2898,2898,true_pair,1.0,1,1,48,48
2899,2899,true_pair,1.0,1,1,44,44
2900,2900,true_pair,1.0,1,1,16,16
2901,2901,true_pair,1.0,1,1,33,33
2902,2902,true_pair,1.0,1,1,13,13
2903,2903,true_pair,1.0,1,1,37,37
2904,2904,true_pair,1.0,1,1,16,16
2905,2905,true_pair,1.0,1,1,48,48
2906,2906,true_pair,1.0,1,1,13,13
2907,2907,true_pair,1.0,1,1,32,32
2908,2908,true_pair,1.0,1,1,8,8
2909,2909,true_pair,1.0,1,1,49,49
2910,2910,true_pair,1.0,1,1,16,16
2911,2911,true_pair,1.0,1,1,23,23
2912,2912,true_pair,1.0,1,1,34,34
2913,2913,true_pair,1.0,1,1,24,24
2914,2914,true_pair,1.0,1,1,15,15
2915,2915,true_pair,1.0,1,1,31,31
2916,2916,true_pair,1.0,1,1,49,49
2917,2917,true_pair,1.0,1,1,21,21
2918,2918,true_pair,1.0,1,1,39,39
2919,2919,true_pair,1.0,1,1,9,9
2920,2920,true_pair,1.0,1,1,35,35
2921,2921,true_pair,1.0,1,1,19,19
2922,2922,true_pair,1.0,1,1,30,30
2923,2923,true_pair,1.0,1,1,34,34
2924,2924,true_pair,1.0,1,1,7,7
2925,2925,true_pair,1.0,1,1,0,0
2926,2926,true_pair,1.0,1,1,9,9
2927,2927,true_pair,1.0,1,1,24,24
2928,2928,true_pair,1.0,1,1,14,14
2929,2929,true_pair,1.0,1,1,34,34
2930,2930,true_pair,1.0,1,1,20,20
2931,2931,true_pair,1.0,1,1,17,17
2932,2932,true_pair,1.0,1,1,49,49
2933,2933,true_pair,1.0,1,1,24,24
2934,2934,true_pair,1.0,1,1,22,22
2935,2935,true_pair,1.0,1,1,29,29
2936,2936,true_pair,1.0,1,1,43,43
2937,2937,true_pair,1.0,1,1,8,8
2938,2938,true_pair,1.0,1,1,10,10
2939,2939,true_pair,1.0,1,1,41,41
2940,2940,true_pair,1.0,1,1,45,45
2941,2941,true_pair,1.0,1,1,11,11
2942,2942,true_pair,1.0,1,1,0,0
2943,2943,true_pair,1.0,1,1,9,9
2944,2944,true_pair,1.0,1,1,15,15
2945,2945,true_pair,1.0,1,1,32,32
2946,2946,true_pair,1.0,1,1,17,17
2947,2947,true_pair,1.0,1,1,2,2
2948,2948,true_pair,1.0,1,1,1,1
2949,2949,true_pair,1.0,1,1,46,46
2950,2950,true_pair,1.0,1,1,48,48
2951,2951,true_pair,1.0,1,1,9,9
2952,2952,true_pair,1.0,1,1,45,45
2953,2953,true_pair,1.0,1,1,6,6
2954,2954,true_pair,1.0,1,1,30,30
2955,2955,true_pair,1.0,1,1,4,4
2956,2956,true_pair,1.0,1,1,42,42
2957,2957,true_pair,1.0,1,1,44,44
2958,2958,true_pair,1.0,1,1,40,40
2959,2959,true_pair,1.0,1,1,11,11
2960,2960,true_pair,1.0,1,1,2,2
2961,2961,true_pair,1.0,1,1,18,18
2962,2962,true_pair,1.0,1,1,45,45
2963,2963,true_pair,1.0,1,1,3,3
2964,2964,true_pair,1.0,1,1,31,31
2965,2965,true_pair,1.0,1,1,19,19
2966,2966,true_pair,1.0,1,1,28,28
2967,2967,true_pair,1.0,1,1,26,26
2968,2968,true_pair,1.0,1,1,16,16
2969,2969,true_pair,1.0,1,1,44,44
2970,2970,true_pair,1.0,1,1,38,38
2971,2971,true_pair,1.0,1,1,16,16
2972,2972,true_pair,1.0,1,1,49,49
2973,2973,true_pair,1.0,1,1,34,34
2974,2974,true_pair,1.0,1,1,16,16
2975,2975,true_pair,1.0,1,1,7,7
2976,2976,true_pair,1.0,1,1,2,2
2977,2977,true_pair,1.0,1,1,24,24
2978,2978,true_pair,1.0,1,1,1,1
2979,2979,true_pair,1.0,1,1,18,18
2980,2980,true_pair,1.0,1,1,18,18
2981,2981,true_pair,1.0,1,1,4,4
2982,2982,true_pair,1.0,1,1,40,40
2983,2983,true_pair,1.0,1,1,18,18
2984,2984,true_pair,1.0,1,1,36,36
2985,2985,true_pair,1.0,1,1,43,43
2986,2986,true_pair,1.0,1,1,9,9
2987,2987,true_pair,1.0,1,1,5,5
2988,2988,true_pair,1.0,1,1,34,34
2989,2989,true_pair,1.0,1,1,36,36
2990,2990,true_pair,1.0,1,1,39,39
2991,2991,true_pair,1.0,1,1,0,0
2992,2992,true_pair,1.0,1,1,5,5
2993,2993,true_pair,1.0,1,1,5,5
2994,2994,true_pair,1.0,1,1,30,30
2995,2995,true_pair,1.0,1,1,37,37
2996,2996,true_pair,1.0,1,1,31,31
2997,2997,true_pair,1.0,1,1,8,8
2998,2998,true_pair,1.0,1,1,7,7
2999,2999,true_pair,1.0,1,1,24,24
3000,3000,true_pair,1.0,1,1,27,27
3001,3001,true_pair,1.0,1,1,19,19
3002,3002,true_pair,1.0,1,1,44,44
3003,3003,true_pair,1.0,1,1,45,45
3004,3004,true_pair,1.0,1,1,46,46
3005,3005,true_pair,1.0,1,1,46,46
3006,3006,true_pair,1.0,1,1,19,19
3007,3007,true_pair,1.0,1,1,48,48
3008,3008,true_pair,1.0,1,1,22,22
3009,3009,true_pair,1.0,1,1,28,28
3010,3010,true_pair,1.0,1,1,16,16
3011,3011,true_pair,1.0,1,1,7,7
3012,3012,true_pair,1.0,1,1,15,15
3013,3013,true_pair,1.0,1,1,16,16
3014,3014,true_pair,1.0,1,1,5,5
3015,3015,true_pair,1.0,1,1,31,31
3016,3016,true_pair,1.0,1,1,19,19
3017,3017,true_pair,1.0,1,1,30,30
3018,3018,true_pair,1.0,1,1,2,2
3019,3019,true_pair,1.0,1,1,42,42
3020,3020,true_pair,1.0,1,1,11,11
3021,3021,true_pair,1.0,1,1,47,47
3022,3022,true_pair,1.0,1,1,42,42
3023,3023,true_pair,1.0,1,1,49,49
3024,3024,true_pair,1.0,1,1,17,17
3025,3025,true_pair,1.0,1,1,26,26
3026,3026,true_pair,1.0,1,1,49,49
3027,3027,true_pair,1.0,1,1,3,3
3028,3028,true_pair,1.0,1,1,22,22
3029,3029,true_pair,1.0,1,1,8,8
3030,3030,true_pair,1.0,1,1,5,5
3031,3031,true_pair,1.0,1,1,34,34
3032,3032,true_pair,1.0,1,1,36,36
3033,3033,true_pair,1.0,1,1,35,35
3034,3034,true_pair,1.0,1,1,11,11
3035,3035,true_pair,1.0,1,1,34,34
3036,3036,true_pair,1.0,1,1,6,6
3037,3037,true_pair,1.0,1,1,35,35
3038,3038,true_pair,1.0,1,1,32,32
3039,3039,true_pair,1.0,1,1,43,43
3040,3040,true_pair,1.0,1,1,42,42
3041,3041,true_pair,1.0,1,1,12,12
3042,3042,true_pair,1.0,1,1,22,22
3043,3043,true_pair,1.0,1,1,40,40
3044,3044,true_pair,1.0,1,1,35,35
3045,3045,true_pair,1.0,1,1,43,43
3046,3046,true_pair,1.0,1,1,35,35
3047,3047,true_pair,1.0,1,1,17,17
3048,3048,true_pair,1.0,1,1,42,42
3049,3049,true_pair,1.0,1,1,12,12
3050,3050,true_pair,1.0,1,1,48,48
3051,3051,true_pair,1.0,1,1,21,21
3052,3052,true_pair,1.0,1,1,10,10
3053,3053,true_pair,1.0,1,1,46,46
3054,3054,true_pair,1.0,1,1,47,47
3055,3055,true_pair,1.0,1,1,0,0
3056,3056,true_pair,1.0,1,1,17,17
3057,3057,true_pair,1.0,1,1,24,24
3058,3058,true_pair,1.0,1,1,29,29
3059,3059,true_pair,1.0,1,1,25,25
3060,3060,true_pair,1.0,1,1,49,49
3061,3061,true_pair,1.0,1,1,4,4
3062,3062,true_pair,1.0,1,1,13,13
3063,3063,true_pair,1.0,1,1,0,0
3064,3064,true_pair,1.0,1,1,33,33
3065,3065,true_pair,1.0,1,1,48,48
3066,3066,true_pair,1.0,1,1,12,12
3067,3067,true_pair,1.0,1,1,27,27
3068,3068,true_pair,1.0,1,1,8,8
3069,3069,true_pair,1.0,1,1,31,31
3070,3070,true_pair,1.0,1,1,47,47
3071,3071,true_pair,1.0,1,1,20,20
3072,3072,true_pair,1.0,1,1,9,9
3073,3073,true_pair,1.0,1,1,39,39
3074,3074,true_pair,1.0,1,1,19,19
3075,3075,true_pair,1.0,1,1,26,26
3076,3076,true_pair,1.0,1,1,30,30
3077,3077,true_pair,1.0,1,1,9,9
3078,3078,true_pair,1.0,1,1,27,27
3079,3079,true_pair,1.0,1,1,19,19
3080,3080,true_pair,1.0,1,1,0,0
3081,3081,true_pair,1.0,1,1,40,40
3082,3082,true_pair,1.0,1,1,21,21
3083,3083,true_pair,1.0,1,1,38,38
3084,3084,true_pair,1.0,1,1,37,37
3085,3085,true_pair,1.0,1,1,15,15
3086,3086,true_pair,1.0,1,1,28,28
3087,3087,true_pair,1.0,1,1,5,5
3088,3088,true_pair,1.0,1,1,21,21
3089,3089,true_pair,1.0,1,1,19,19
3090,3090,true_pair,1.0,1,1,18,18
3091,3091,true_pair,1.0,1,1,29,29
3092,3092,true_pair,1.0,1,1,2,2
3093,3093,true_pair,1.0,1,1,7,7
3094,3094,true_pair,1.0,1,1,15,15
3095,3095,true_pair,1.0,1,1,7,7
3096,3096,true_pair,1.0,1,1,43,43
3097,3097,true_pair,1.0,1,1,45,45
3098,3098,true_pair,1.0,1,1,5,5
3099,3099,true_pair,1.0,1,1,40,40
3100,3100,true_pair,1.0,1,1,9,9
3101,3101,true_pair,1.0,1,1,12,12
3102,3102,true_pair,1.0,1,1,1,1
3103,3103,true_pair,1.0,1,1,28,28
3104,3104,true_pair,1.0,1,1,46,46
3105,3105,true_pair,1.0,1,1,10,10
3106,3106,true_pair,1.0,1,1,28,28
3107,3107,true_pair,1.0,1,1,15,15
3108,3108,true_pair,1.0,1,1,33,33
3109,3109,true_pair,1.0,1,1,4,4
3110,3110,true_pair,1.0,1,1,34,34
3111,3111,true_pair,1.0,1,1,44,44
3112,3112,true_pair,1.0,1,1,15,15
3113,3113,true_pair,1.0,1,1,5,5
3114,3114,true_pair,1.0,1,1,6,6
3115,3115,true_pair,1.0,1,1,44,44
3116,3116,true_pair,1.0,1,1,1,1
3117,3117,true_pair,1.0,1,1,43,43
3118,3118,true_pair,1.0,1,1,41,41
3119,3119,true_pair,1.0,1,1,42,42
3120,3120,true_pair,1.0,1,1,26,26
3121,3121,true_pair,1.0,1,1,13,13
3122,3122,true_pair,1.0,1,1,1,1
3123,3123,true_pair,1.0,1,1,8,8
3124,3124,true_pair,1.0,1,1,31,31
3125,3125,true_pair,1.0,1,1,13,13
3126,3126,true_pair,1.0,1,1,37,37
3127,3127,true_pair,1.0,1,1,33,33
3128,3128,true_pair,1.0,1,1,22,22
3129,3129,true_pair,1.0,1,1,35,35
3130,3130,true_pair,1.0,1,1,10,10
3131,3131,true_pair,1.0,1,1,28,28
3132,3132,true_pair,1.0,1,1,14,14
3133,3133,true_pair,1.0,1,1,25,25
3134,3134,true_pair,1.0,1,1,31,31
3135,3135,true_pair,1.0,1,1,12,12
3136,3136,true_pair,1.0,1,1,43,43
3137,3137,true_pair,1.0,1,1,25,25
3138,3138,true_pair,1.0,1,1,22,22
3139,3139,true_pair,1.0,1,1,6,6
3140,3140,true_pair,1.0,1,1,24,24
3141,3141,true_pair,1.0,1,1,39,39
3142,3142,true_pair,1.0,1,1,46,46
3143,3143,true_pair,1.0,1,1,9,9
3144,3144,true_pair,1.0,1,1,30,30
3145,3145,true_pair,1.0,1,1,41,41
3146,3146,true_pair,1.0,1,1,46,46
3147,3147,true_pair,1.0,1,1,15,15
3148,3148,true_pair,1.0,1,1,24,24
3149,3149,true_pair,1.0,1,1,26,26
3150,3150,true_pair,1.0,1,1,42,42
3151,3151,true_pair,1.0,1,1,49,49
3152,3152,true_pair,1.0,1,1,17,17
3153,3153,true_pair,1.0,1,1,28,28
3154,3154,true_pair,1.0,1,1,43,43
3155,3155,true_pair,1.0,1,1,22,22
3156,3156,true_pair,1.0,1,1,7,7
3157,3157,true_pair,1.0,1,1,30,30
3158,3158,true_pair,1.0,1,1,33,33
3159,3159,true_pair,1.0,1,1,6,6
3160,3160,true_pair,1.0,1,1,30,30
3161,3161,true_pair,1.0,1,1,38,38
3162,3162,true_pair,1.0,1,1,0,0
3163,3163,true_pair,1.0,1,1,49,49
3164,3164,true_pair,1.0,1,1,48,48
3165,3165,true_pair,1.0,1,1,35,35
3166,3166,true_pair,1.0,1,1,7,7
3167,3167,true_pair,1.0,1,1,24,24
3168,3168,true_pair,1.0,1,1,34,34
3169,3169,true_pair,1.0,1,1,13,13
3170,3170,true_pair,1.0,1,1,12,12
3171,3171,true_pair,1.0,1,1,29,29
3172,3172,true_pair,1.0,1,1,6,6
3173,3173,true_pair,1.0,1,1,4,4
3174,3174,true_pair,1.0,1,1,8,8
3175,3175,true_pair,1.0,1,1,20,20
3176,3176,true_pair,1.0,1,1,24,24
3177,3177,true_pair,1.0,1,1,5,5
3178,3178,true_pair,1.0,1,1,26,26
3179,3179,true_pair,1.0,1,1,5,5
3180,3180,true_pair,1.0,1,1,15,15
3181,3181,true_pair,1.0,1,1,29,29
3182,3182,true_pair,1.0,1,1,25,25
3183,3183,true_pair,1.0,1,1,19,19
3184,3184,true_pair,1.0,1,1,5,5
3185,3185,true_pair,1.0,1,1,40,40
3186,3186,true_pair,1.0,1,1,16,16
3187,3187,true_pair,1.0,1,1,27,27
3188,3188,true_pair,1.0,1,1,30,30
3189,3189,true_pair,1.0,1,1,25,25
3190,3190,true_pair,1.0,1,1,40,40
3191,3191,true_pair,1.0,1,1,15,15
3192,3192,true_pair,1.0,1,1,24,24
3193,3193,true_pair,1.0,1,1,14,14
3194,3194,true_pair,1.0,1,1,33,33
3195,3195,true_pair,1.0,1,1,4,4
3196,3196,true_pair,1.0,1,1,15,15
3197,3197,true_pair,1.0,1,1,13,13
3198,3198,true_pair,1.0,1,1,29,29
3199,3199,true_pair,1.0,1,1,29,29
3200,3200,true_pair,1.0,1,1,36,36
3201,3201,true_pair,1.0,1,1,25,25
3202,3202,true_pair,1.0,1,1,7,7
3203,3203,true_pair,1.0,1,1,24,24
3204,3204,true_pair,1.0,1,1,8,8
3205,3205,true_pair,1.0,1,1,31,31
3206,3206,true_pair,1.0,1,1,44,44
3207,3207,true_pair,1.0,1,1,43,43
3208,3208,true_pair,1.0,1,1,17,17
3209,3209,true_pair,1.0,1,1,35,35
3210,3210,true_pair,1.0,1,1,2,2
3211,3211,true_pair,1.0,1,1,46,46
3212,3212,true_pair,1.0,1,1,32,32
3213,3213,true_pair,1.0,1,1,14,14
3214,3214,true_pair,1.0,1,1,34,34
3215,3215,true_pair,1.0,1,1,4,4
3216,3216,true_pair,1.0,1,1,48,48
3217,3217,true_pair,1.0,1,1,9,9
3218,3218,true_pair,1.0,1,1,22,22
3219,3219,true_pair,1.0,1,1,26,26
3220,3220,true_pair,1.0,1,1,29,29
3221,3221,true_pair,1.0,1,1,39,39
3222,3222,true_pair,1.0,1,1,21,21
3223,3223,true_pair,1.0,1,1,3,3
3224,3224,true_pair,1.0,1,1,21,21
3225,3225,true_pair,1.0,1,1,0,0
3226,3226,true_pair,1.0,1,1,29,29
3227,3227,true_pair,1.0,1,1,7,7
3228,3228,true_pair,1.0,1,1,31,31
3229,3229,true_pair,1.0,1,1,28,28
3230,3230,true_pair,1.0,1,1,36,36
3231,3231,true_pair,1.0,1,1,33,33
3232,3232,true_pair,1.0,1,1,2,2
3233,3233,true_pair,1.0,1,1,26,26
3234,3234,true_pair,1.0,1,1,1,1
3235,3235,true_pair,1.0,1,1,10,10
3236,3236,true_pair,1.0,1,1,40,40
3237,3237,true_pair,1.0,1,1,11,11
3238,3238,true_pair,1.0,1,1,34,34
3239,3239,true_pair,1.0,1,1,21,21
3240,3240,true_pair,1.0,1,1,17,17
3241,3241,true_pair,1.0,1,1,9,9
3242,3242,true_pair,1.0,1,1,3,3
3243,3243,true_pair,1.0,1,1,32,32
3244,3244,true_pair,1.0,1,1,39,39
3245,3245,true_pair,1.0,1,1,11,11
3246,3246,true_pair,1.0,1,1,14,14
3247,3247,true_pair,1.0,1,1,16,16
3248,3248,true_pair,1.0,1,1,48,48
3249,3249,true_pair,1.0,1,1,31,31
3250,3250,true_pair,1.0,1,1,47,47
3251,3251,true_pair,1.0,1,1,41,41
3252,3252,true_pair,1.0,1,1,5,5
3253,3253,true_pair,1.0,1,1,21,21
3254,3254,true_pair,1.0,1,1,32,32
3255,3255,true_pair,1.0,1,1,36,36
3256,3256,true_pair,1.0,1,1,22,22
3257,3257,true_pair,1.0,1,1,17,17
3258,3258,true_pair,1.0,1,1,47,47
3259,3259,true_pair,1.0,1,1,24,24
3260,3260,true_pair,1.0,1,1,6,6
3261,3261,true_pair,1.0,1,1,11,11
3262,3262,true_pair,1.0,1,1,8,8
3263,3263,true_pair,1.0,1,1,49,49
3264,3264,true_pair,1.0,1,1,35,35
3265,3265,true_pair,1.0,1,1,47,47
3266,3266,true_pair,1.0,1,1,17,17
3267,3267,true_pair,1.0,1,1,31,31
3268,3268,true_pair,1.0,1,1,10,10
3269,3269,true_pair,1.0,1,1,40,40
3270,3270,true_pair,1.0,1,1,38,38
3271,3271,true_pair,1.0,1,1,48,48
3272,3272,true_pair,1.0,1,1,30,30
3273,3273,true_pair,1.0,1,1,46,46
3274,3274,true_pair,1.0,1,1,41,41
3275,3275,true_pair,1.0,1,1,7,7
3276,3276,true_pair,1.0,1,1,12,12
3277,3277,true_pair,1.0,1,1,23,23
3278,3278,true_pair,1.0,1,1,3,3
3279,3279,true_pair,1.0,1,1,39,39
3280,3280,true_pair,1.0,1,1,9,9
3281,3281,true_pair,1.0,1,1,40,40
3282,3282,true_pair,1.0,1,1,13,13
3283,3283,true_pair,1.0,1,1,4,4
3284,3284,true_pair,1.0,1,1,30,30
3285,3285,true_pair,1.0,1,1,33,33
3286,3286,true_pair,1.0,1,1,24,24
3287,3287,true_pair,1.0,1,1,3,3
3288,3288,true_pair,1.0,1,1,41,41
3289,3289,true_pair,1.0,1,1,49,49
3290,3290,true_pair,1.0,1,1,31,31
3291,3291,true_pair,1.0,1,1,0,0
3292,3292,true_pair,1.0,1,1,34,34
3293,3293,true_pair,1.0,1,1,9,9
3294,3294,true_pair,1.0,1,1,20,20
3295,3295,true_pair,1.0,1,1,16,16
3296,3296,true_pair,1.0,1,1,29,29
3297,3297,true_pair,1.0,1,1,5,5
3298,3298,true_pair,1.0,1,1,0,0
3299,3299,true_pair,1.0,1,1,28,28
3300,3300,true_pair,1.0,1,1,18,18
3301,3301,true_pair,1.0,1,1,40,40
3302,3302,true_pair,1.0,1,1,39,39
3303,3303,true_pair,1.0,1,1,1,1
3304,3304,true_pair,1.0,1,1,3,3
3305,3305,true_pair,1.0,1,1,38,38
3306,3306,true_pair,1.0,1,1,29,29
3307,3307,true_pair,1.0,1,1,2,2
3308,3308,true_pair,1.0,1,1,14,14
3309,3309,true_pair,1.0,1,1,49,49
3310,3310,true_pair,1.0,1,1,48,48
3311,3311,true_pair,1.0,1,1,41,41
3312,3312,true_pair,1.0,1,1,42,42
3313,3313,true_pair,1.0,1,1,26,26
3314,3314,true_pair,1.0,1,1,44,44
3315,3315,true_pair,1.0,1,1,3,3
3316,3316,true_pair,1.0,1,1,4,4
3317,3317,true_pair,1.0,1,1,19,19
3318,3318,true_pair,1.0,1,1,45,45
3319,3319,true_pair,1.0,1,1,41,41
3320,3320,true_pair,1.0,1,1,16,16
3321,3321,true_pair,1.0,1,1,39,39
3322,3322,true_pair,1.0,1,1,2,2
3323,3323,true_pair,1.0,1,1,40,40
3324,3324,true_pair,1.0,1,1,34,34
3325,3325,true_pair,1.0,1,1,30,30
3326,3326,true_pair,1.0,1,1,19,19
3327,3327,true_pair,1.0,1,1,15,15
3328,3328,true_pair,1.0,1,1,17,17
3329,3329,true_pair,1.0,1,1,38,38
3330,3330,true_pair,1.0,1,1,49,49
3331,3331,true_pair,1.0,1,1,29,29
3332,3332,true_pair,1.0,1,1,13,13
3333,3333,true_pair,1.0,1,1,30,30
3334,3334,true_pair,1.0,1,1,19,19
3335,3335,true_pair,1.0,1,1,22,22
3336,3336,true_pair,1.0,1,1,25,25
3337,3337,true_pair,1.0,1,1,42,42
3338,3338,true_pair,1.0,1,1,28,28
3339,3339,true_pair,1.0,1,1,14,14
3340,3340,true_pair,1.0,1,1,30,30
3341,3341,true_pair,1.0,1,1,32,32
3342,3342,true_pair,1.0,1,1,12,12
3343,3343,true_pair,1.0,1,1,27,27
3344,3344,true_pair,1.0,1,1,14,14
3345,3345,true_pair,1.0,1,1,34,34
3346,3346,true_pair,1.0,1,1,38,38
3347,3347,true_pair,1.0,1,1,3,3
3348,3348,true_pair,1.0,1,1,42,42
3349,3349,true_pair,1.0,1,1,24,24
3350,3350,true_pair,1.0,1,1,14,14
3351,3351,true_pair,1.0,1,1,44,44
3352,3352,true_pair,1.0,1,1,45,45
3353,3353,true_pair,1.0,1,1,9,9
3354,3354,true_pair,1.0,1,1,45,45
3355,3355,true_pair,1.0,1,1,8,8
3356,3356,true_pair,1.0,1,1,39,39
3357,3357,true_pair,1.0,1,1,18,18
3358,3358,true_pair,1.0,1,1,33,33
3359,3359,true_pair,1.0,1,1,14,14
3360,3360,true_pair,1.0,1,1,46,46
3361,3361,true_pair,1.0,1,1,5,5
3362,3362,true_pair,1.0,1,1,16,16
3363,3363,true_pair,1.0,1,1,30,30
3364,3364,true_pair,1.0,1,1,21,21
3365,3365,true_pair,1.0,1,1,42,42
3366,3366,true_pair,1.0,1,1,44,44
3367,3367,true_pair,1.0,1,1,1,1
3368,3368,true_pair,1.0,1,1,40,40
3369,3369,true_pair,1.0,1,1,10,10
3370,3370,true_pair,1.0,1,1,15,15
3371,3371,true_pair,1.0,1,1,35,35
3372,3372,true_pair,1.0,1,1,19,19
3373,3373,true_pair,1.0,1,1,38,38
3374,3374,true_pair,1.0,1,1,45,45
3375,3375,true_pair,1.0,1,1,37,37
3376,3376,true_pair,1.0,1,1,17,17
3377,3377,true_pair,1.0,1,1,20,20
3378,3378,true_pair,1.0,1,1,49,49
3379,3379,true_pair,1.0,1,1,32,32
3380,3380,true_pair,1.0,1,1,43,43
3381,3381,true_pair,1.0,1,1,19,19
3382,3382,true_pair,1.0,1,1,34,34
3383,3383,true_pair,1.0,1,1,24,24
3384,3384,true_pair,1.0,1,1,22,22
3385,3385,true_pair,1.0,1,1,39,39
3386,3386,true_pair,1.0,1,1,1,1
3387,3387,true_pair,1.0,1,1,3,3
3388,3388,true_pair,1.0,1,1,38,38
3389,3389,true_pair,1.0,1,1,27,27
3390,3390,true_pair,1.0,1,1,15,15
3391,3391,true_pair,1.0,1,1,30,30
3392,3392,true_pair,1.0,1,1,31,31
3393,3393,true_pair,1.0,1,1,36,36
3394,3394,true_pair,1.0,1,1,35,35
3395,3395,true_pair,1.0,1,1,27,27
3396,3396,true_pair,1.0,1,1,26,26
3397,3397,true_pair,1.0,1,1,30,30
3398,3398,true_pair,1.0,1,1,46,46
3399,3399,true_pair,1.0,1,1,21,21
3400,3400,true_pair,1.0,1,1,16,16
3401,3401,true_pair,1.0,1,1,3,3
3402,3402,true_pair,1.0,1,1,17,17
3403,3403,true_pair,1.0,1,1,44,44
3404,3404,true_pair,1.0,1,1,37,37
3405,3405,true_pair,1.0,1,1,46,46
3406,3406,true_pair,1.0,1,1,33,33
3407,3407,true_pair,1.0,1,1,39,39
3408,3408,true_pair,1.0,1,1,47,47
3409,3409,true_pair,1.0,1,1,47,47
3410,3410,true_pair,1.0,1,1,21,21
3411,3411,true_pair,1.0,1,1,46,46
3412,3412,true_pair,1.0,1,1,23,23
3413,3413,true_pair,1.0,1,1,36,36
3414,3414,true_pair,1.0,1,1,12,12
3415,3415,true_pair,1.0,1,1,35,35
3416,3416,true_pair,1.0,1,1,16,16
3417,3417,true_pair,1.0,1,1,44,44
3418,3418,true_pair,1.0,1,1,9,9
3419,3419,true_pair,1.0,1,1,21,21
3420,3420,true_pair,1.0,1,1,44,44
3421,3421,true_pair,1.0,1,1,19,19
3422,3422,true_pair,1.0,1,1,23,23
3423,3423,true_pair,1.0,1,1,10,10
3424,3424,true_pair,1.0,1,1,13,13
3425,3425,true_pair,1.0,1,1,14,14
3426,3426,true_pair,1.0,1,1,11,11
3427,3427,true_pair,1.0,1,1,7,7
3428,3428,true_pair,1.0,1,1,5,5
3429,3429,true_pair,1.0,1,1,21,21
3430,3430,true_pair,1.0,1,1,0,0
3431,3431,true_pair,1.0,1,1,19,19
3432,3432,true_pair,1.0,1,1,17,17
3433,3433,true_pair,1.0,1,1,11,11
3434,3434,true_pair,1.0,1,1,38,38
3435,3435,true_pair,1.0,1,1,18,18
3436,3436,true_pair,1.0,1,1,48,48
3437,3437,true_pair,1.0,1,1,26,26
3438,3438,true_pair,1.0,1,1,9,9
3439,3439,true_pair,1.0,1,1,42,42
3440,3440,true_pair,1.0,1,1,34,34
3441,3441,true_pair,1.0,1,1,3,3
3442,3442,true_pair,1.0,1,1,46,46
3443,3443,true_pair,1.0,1,1,32,32
3444,3444,true_pair,1.0,1,1,5,5
3445,3445,true_pair,1.0,1,1,34,34
3446,3446,true_pair,1.0,1,1,39,39
3447,3447,true_pair,1.0,1,1,34,34
3448,3448,true_pair,1.0,1,1,1,1
3449,3449,true_pair,1.0,1,1,47,47
3450,3450,true_pair,1.0,1,1,42,42
3451,3451,true_pair,1.0,1,1,18,18
3452,3452,true_pair,1.0,1,1,44,44
3453,3453,true_pair,1.0,1,1,22,22
3454,3454,true_pair,1.0,1,1,19,19
3455,3455,true_pair,1.0,1,1,49,49
3456,3456,true_pair,1.0,1,1,8,8
3457,3457,true_pair,1.0,1,1,38,38
3458,3458,true_pair,1.0,1,1,6,6
3459,3459,true_pair,1.0,1,1,10,10
3460,3460,true_pair,1.0,1,1,17,17
3461,3461,true_pair,1.0,1,1,20,20
3462,3462,true_pair,1.0,1,1,14,14
3463,3463,true_pair,1.0,1,1,45,45
3464,3464,true_pair,1.0,1,1,20,20
3465,3465,true_pair,1.0,1,1,5,5
3466,3466,true_pair,1.0,1,1,10,10
3467,3467,true_pair,1.0,1,1,49,49
3468,3468,true_pair,1.0,1,1,17,17
3469,3469,true_pair,1.0,1,1,42,42
3470,3470,true_pair,1.0,1,1,9,9
3471,3471,true_pair,1.0,1,1,20,20
3472,3472,true_pair,1.0,1,1,35,35
3473,3473,true_pair,1.0,1,1,43,43
3474,3474,true_pair,1.0,1,1,6,6
3475,3475,true_pair,1.0,1,1,29,29
3476,3476,true_pair,1.0,1,1,39,39
3477,3477,true_pair,1.0,1,1,28,28
3478,3478,true_pair,1.0,1,1,18,18
3479,3479,true_pair,1.0,1,1,34,34
3480,3480,true_pair,1.0,1,1,1,1
3481,3481,true_pair,1.0,1,1,13,13
3482,3482,true_pair,1.0,1,1,33,33
3483,3483,true_pair,1.0,1,1,12,12
3484,3484,true_pair,1.0,1,1,14,14
3485,3485,true_pair,1.0,1,1,4,4
3486,3486,true_pair,1.0,1,1,2,2
3487,3487,true_pair,1.0,1,1,13,13
3488,3488,true_pair,1.0,1,1,43,43
3489,3489,true_pair,1.0,1,1,40,40
3490,3490,true_pair,1.0,1,1,49,49
3491,3491,true_pair,1.0,1,1,35,35
3492,3492,true_pair,1.0,1,1,33,33
3493,3493,true_pair,1.0,1,1,26,26
3494,3494,true_pair,1.0,1,1,34,34
3495,3495,true_pair,1.0,1,1,21,21
3496,3496,true_pair,1.0,1,1,37,37
3497,3497,true_pair,1.0,1,1,2,2
3498,3498,true_pair,1.0,1,1,45,45
3499,3499,true_pair,1.0,1,1,22,22
3500,3500,true_pair,1.0,1,1,44,44
3501,3501,true_pair,1.0,1,1,33,33
3502,3502,true_pair,1.0,1,1,11,11
3503,3503,true_pair,1.0,1,1,33,33
3504,3504,true_pair,1.0,1,1,25,25
3505,3505,true_pair,1.0,1,1,29,29
3506,3506,true_pair,1.0,1,1,10,10
3507,3507,true_pair,1.0,1,1,24,24
3508,3508,true_pair,1.0,1,1,47,47
3509,3509,true_pair,1.0,1,1,32,32
3510,3510,true_pair,1.0,1,1,3,3
3511,3511,true_pair,1.0,1,1,28,28
3512,3512,true_pair,1.0,1,1,13,13
3513,3513,true_pair,1.0,1,1,9,9
3514,3514,true_pair,1.0,1,1,29,29
3515,3515,true_pair,1.0,1,1,39,39
3516,3516,true_pair,1.0,1,1,39,39
3517,3517,true_pair,1.0,1,1,22,22
3518,3518,true_pair,1.0,1,1,7,7
3519,3519,true_pair,1.0,1,1,41,41
3520,3520,true_pair,1.0,1,1,40,40
3521,3521,true_pair,1.0,1,1,27,27
3522,3522,true_pair,1.0,1,1,4,4
3523,3523,true_pair,1.0,1,1,39,39
3524,3524,true_pair,1.0,1,1,45,45
3525,3525,true_pair,1.0,1,1,49,49
3526,3526,true_pair,1.0,1,1,4,4
3527,3527,true_pair,1.0,1,1,37,37
3528,3528,true_pair,1.0,1,1,25,25
3529,3529,true_pair,1.0,1,1,30,30
3530,3530,true_pair,1.0,1,1,12,12
3531,3531,true_pair,1.0,1,1,16,16
3532,3532,true_pair,1.0,1,1,18,18
3533,3533,true_pair,1.0,1,1,48,48
3534,3534,true_pair,1.0,1,1,40,40
3535,3535,true_pair,1.0,1,1,26,26
3536,3536,true_pair,1.0,1,1,2,2
3537,3537,true_pair,1.0,1,1,2,2
3538,3538,true_pair,1.0,1,1,39,39
3539,3539,true_pair,1.0,1,1,4,4
3540,3540,true_pair,1.0,1,1,17,17
3541,3541,true_pair,1.0,1,1,30,30
3542,3542,true_pair,1.0,1,1,27,27
3543,3543,true_pair,1.0,1,1,49,49
3544,3544,true_pair,1.0,1,1,40,40
3545,3545,true_pair,1.0,1,1,14,14
3546,3546,true_pair,1.0,1,1,12,12
3547,3547,true_pair,1.0,1,1,7,7
3548,3548,true_pair,1.0,1,1,24,24
3549,3549,true_pair,1.0,1,1,41,41
3550,3550,true_pair,1.0,1,1,45,45
3551,3551,true_pair,1.0,1,1,41,41
3552,3552,true_pair,1.0,1,1,44,44
3553,3553,true_pair,1.0,1,1,3,3
3554,3554,true_pair,1.0,1,1,13,13
3555,3555,true_pair,1.0,1,1,32,32
3556,3556,true_pair,1.0,1,1,28,28
3557,3557,true_pair,1.0,1,1,5,5
3558,3558,true_pair,1.0,1,1,16,16
3559,3559,true_pair,1.0,1,1,27,27
3560,3560,true_pair,1.0,1,1,40,40
3561,3561,true_pair,1.0,1,1,26,26
3562,3562,true_pair,1.0,1,1,36,36
3563,3563,true_pair,1.0,1,1,31,31
3564,3564,true_pair,1.0,1,1,0,0
3565,3565,true_pair,1.0,1,1,26,26
3566,3566,true_pair,1.0,1,1,48,48
3567,3567,true_pair,1.0,1,1,16,16
3568,3568,true_pair,1.0,1,1,3,3
3569,3569,true_pair,1.0,1,1,46,46
3570,3570,true_pair,1.0,1,1,5,5
3571,3571,true_pair,1.0,1,1,29,29
3572,3572,true_pair,1.0,1,1,21,21
3573,3573,true_pair,1.0,1,1,8,8
3574,3574,true_pair,1.0,1,1,48,48
3575,3575,true_pair,1.0,1,1,30,30
3576,3576,true_pair,1.0,1,1,11,11
3577,3577,true_pair,1.0,1,1,37,37
3578,3578,true_pair,1.0,1,1,18,18
3579,3579,true_pair,1.0,1,1,42,42
3580,3580,true_pair,1.0,1,1,4,4
3581,3581,true_pair,1.0,1,1,7,7
3582,3582,true_pair,1.0,1,1,3,3
3583,3583,true_pair,1.0,1,1,4,4
3584,3584,true_pair,1.0,1,1,19,19
3585,3585,true_pair,1.0,1,1,35,35
3586,3586,true_pair,1.0,1,1,21,21
3587,3587,true_pair,1.0,1,1,28,28
3588,3588,true_pair,1.0,1,1,31,31
3589,3589,true_pair,1.0,1,1,8,8
3590,3590,true_pair,1.0,1,1,42,42
3591,3591,true_pair,1.0,1,1,10,10
3592,3592,true_pair,1.0,1,1,21,21
3593,3593,true_pair,1.0,1,1,21,21
3594,3594,true_pair,1.0,1,1,48,48
3595,3595,true_pair,1.0,1,1,37,37
3596,3596,true_pair,1.0,1,1,41,41
3597,3597,true_pair,1.0,1,1,16,16
3598,3598,true_pair,1.0,1,1,7,7
3599,3599,true_pair,1.0,1,1,14,14
3600,3600,true_pair,1.0,1,1,0,0
3601,3601,true_pair,1.0,1,1,49,49
3602,3602,true_pair,1.0,1,1,44,44
3603,3603,true_pair,1.0,1,1,30,30
3604,3604,true_pair,1.0,1,1,24,24
3605,3605,true_pair,1.0,1,1,0,0
3606,3606,true_pair,1.0,1,1,5,5
3607,3607,true_pair,1.0,1,1,25,25
3608,3608,true_pair,1.0,1,1,44,44
3609,3609,true_pair,1.0,1,1,37,37
3610,3610,true_pair,1.0,1,1,15,15
3611,3611,true_pair,1.0,1,1,38,38
3612,3612,true_pair,1.0,1,1,3,3
3613,3613,true_pair,1.0,1,1,12,12
3614,3614,true_pair,1.0,1,1,38,38
3615,3615,true_pair,1.0,1,1,5,5
3616,3616,true_pair,1.0,1,1,31,31
3617,3617,true_pair,1.0,1,1,29,29
3618,3618,true_pair,1.0,1,1,26,26
3619,3619,true_pair,1.0,1,1,43,43
3620,3620,true_pair,1.0,1,1,19,19
3621,3621,true_pair,1.0,1,1,19,19
3622,3622,true_pair,1.0,1,1,7,7
3623,3623,true_pair,1.0,1,1,15,15
3624,3624,true_pair,1.0,1,1,25,25
3625,3625,true_pair,1.0,1,1,43,43
3626,3626,true_pair,1.0,1,1,11,11
3627,3627,true_pair,1.0,1,1,4,4
3628,3628,true_pair,1.0,1,1,20,20
3629,3629,true_pair,1.0,1,1,22,22
3630,3630,true_pair,1.0,1,1,26,26
3631,3631,true_pair,1.0,1,1,16,16
3632,3632,true_pair,1.0,1,1,8,8
3633,3633,true_pair,1.0,1,1,18,18
3634,3634,true_pair,1.0,1,1,16,16
3635,3635,true_pair,1.0,1,1,4,4
3636,3636,true_pair,1.0,1,1,43,43
3637,3637,true_pair,1.0,1,1,9,9
3638,3638,true_pair,1.0,1,1,28,28
3639,3639,true_pair,1.0,1,1,28,28
3640,3640,true_pair,1.0,1,1,12,12
3641,3641,true_pair,1.0,1,1,10,10
3642,3642,true_pair,1.0,1,1,23,23
3643,3643,true_pair,1.0,1,1,24,24
3644,3644,true_pair,1.0,1,1,27,27
3645,3645,true_pair,1.0,1,1,3,3
3646,3646,true_pair,1.0,1,1,42,42
3647,3647,true_pair,1.0,1,1,25,25
3648,3648,true_pair,1.0,1,1,34,34
3649,3649,true_pair,1.0,1,1,41,41
3650,3650,true_pair,1.0,1,1,8,8
3651,3651,true_pair,1.0,1,1,31,31
3652,3652,true_pair,1.0,1,1,34,34
3653,3653,true_pair,1.0,1,1,42,42
3654,3654,true_pair,1.0,1,1,3,3
3655,3655,true_pair,1.0,1,1,43,43
3656,3656,true_pair,1.0,1,1,18,18
3657,3657,true_pair,1.0,1,1,48,48
3658,3658,true_pair,1.0,1,1,43,43
3659,3659,true_pair,1.0,1,1,26,26
3660,3660,true_pair,1.0,1,1,22,22
3661,3661,true_pair,1.0,1,1,36,36
3662,3662,true_pair,1.0,1,1,18,18
3663,3663,true_pair,1.0,1,1,36,36
3664,3664,true_pair,1.0,1,1,16,16
3665,3665,true_pair,1.0,1,1,40,40
3666,3666,true_pair,1.0,1,1,30,30
3667,3667,true_pair,1.0,1,1,26,26
3668,3668,true_pair,1.0,1,1,8,8
3669,3669,true_pair,1.0,1,1,22,22
3670,3670,true_pair,1.0,1,1,10,10
3671,3671,true_pair,1.0,1,1,21,21
3672,3672,true_pair,1.0,1,1,48,48
3673,3673,true_pair,1.0,1,1,48,48
3674,3674,true_pair,1.0,1,1,47,47
3675,3675,true_pair,1.0,1,1,31,31
3676,3676,true_pair,1.0,1,1,19,19
3677,3677,true_pair,1.0,1,1,35,35
3678,3678,true_pair,1.0,1,1,32,32
3679,3679,true_pair,1.0,1,1,37,37
3680,3680,true_pair,1.0,1,1,31,31
3681,3681,true_pair,1.0,1,1,6,6
3682,3682,true_pair,1.0,1,1,2,2
3683,3683,true_pair,1.0,1,1,41,41
3684,3684,true_pair,1.0,1,1,2,2
3685,3685,true_pair,1.0,1,1,47,47
3686,3686,true_pair,1.0,1,1,42,42
3687,3687,true_pair,1.0,1,1,4,4
3688,3688,true_pair,1.0,1,1,32,32
3689,3689,true_pair,1.0,1,1,30,30
3690,3690,true_pair,1.0,1,1,20,20
3691,3691,true_pair,1.0,1,1,32,32
3692,3692,true_pair,1.0,1,1,42,42
3693,3693,true_pair,1.0,1,1,6,6
3694,3694,true_pair,1.0,1,1,18,18
3695,3695,true_pair,1.0,1,1,2,2
3696,3696,true_pair,1.0,1,1,4,4
3697,3697,true_pair,1.0,1,1,27,27
3698,3698,true_pair,1.0,1,1,21,21
3699,3699,true_pair,1.0,1,1,4,4
3700,3700,true_pair,1.0,1,1,18,18
3701,3701,true_pair,1.0,1,1,20,20
3702,3702,true_pair,1.0,1,1,41,41
3703,3703,true_pair,1.0,1,1,45,45
3704,3704,true_pair,1.0,1,1,9,9
3705,3705,true_pair,1.0,1,1,40,40
3706,3706,true_pair,1.0,1,1,5,5
3707,3707,true_pair,1.0,1,1,16,16
3708,3708,true_pair,1.0,1,1,10,10
3709,3709,true_pair,1.0,1,1,44,44
3710,3710,true_pair,1.0,1,1,48,48
3711,3711,true_pair,1.0,1,1,17,17
3712,3712,true_pair,1.0,1,1,29,29
3713,3713,true_pair,1.0,1,1,30,30
3714,3714,true_pair,1.0,1,1,20,20
3715,3715,true_pair,1.0,1,1,11,11
3716,3716,true_pair,1.0,1,1,14,14
3717,3717,true_pair,1.0,1,1,36,36
3718,3718,true_pair,1.0,1,1,26,26
3719,3719,true_pair,1.0,1,1,6,6
3720,3720,true_pair,1.0,1,1,9,9
3721,3721,true_pair,1.0,1,1,48,48
3722,3722,true_pair,1.0,1,1,43,43
3723,3723,true_pair,1.0,1,1,11,11
3724,3724,true_pair,1.0,1,1,32,32
3725,3725,true_pair,1.0,1,1,1,1
3726,3726,true_pair,1.0,1,1,16,16
3727,3727,true_pair,1.0,1,1,39,39
3728,3728,true_pair,1.0,1,1,21,21
3729,3729,true_pair,1.0,1,1,38,38
3730,3730,true_pair,1.0,1,1,44,44
3731,3731,true_pair,1.0,1,1,19,19
3732,3732,true_pair,1.0,1,1,12,12
3733,3733,true_pair,1.0,1,1,3,3
3734,3734,true_pair,1.0,1,1,31,31
3735,3735,true_pair,1.0,1,1,31,31
3736,3736,true_pair,1.0,1,1,7,7
3737,3737,true_pair,1.0,1,1,3,3
3738,3738,true_pair,1.0,1,1,47,47
3739,3739,true_pair,1.0,1,1,49,49
3740,3740,true_pair,1.0,1,1,35,35
3741,3741,true_pair,1.0,1,1,8,8
3742,3742,true_pair,1.0,1,1,28,28
3743,3743,true_pair,1.0,1,1,30,30
3744,3744,true_pair,1.0,1,1,0,0
3745,3745,true_pair,1.0,1,1,3,3
3746,3746,true_pair,1.0,1,1,37,37
3747,3747,true_pair,1.0,1,1,19,19
3748,3748,true_pair,1.0,1,1,39,39
3749,3749,true_pair,1.0,1,1,7,7
3750,3750,true_pair,1.0,1,1,19,19
3751,3751,true_pair,1.0,1,1,44,44
3752,3752,true_pair,1.0,1,1,2,2
3753,3753,true_pair,1.0,1,1,6,6
3754,3754,true_pair,1.0,1,1,7,7
3755,3755,true_pair,1.0,1,1,35,35
3756,3756,true_pair,1.0,1,1,31,31
3757,3757,true_pair,1.0,1,1,24,24
3758,3758,true_pair,1.0,1,1,24,24
3759,3759,true_pair,1.0,1,1,11,11
3760,3760,true_pair,1.0,1,1,12,12
3761,3761,true_pair,1.0,1,1,48,48
3762,3762,true_pair,1.0,1,1,30,30
3763,3763,true_pair,1.0,1,1,41,41
3764,3764,true_pair,1.0,1,1,5,5
3765,3765,true_pair,1.0,1,1,14,14
3766,3766,true_pair,1.0,1,1,12,12
3767,3767,true_pair,1.0,1,1,22,22
3768,3768,true_pair,1.0,1,1,33,33
3769,3769,true_pair,1.0,1,1,42,42
3770,3770,true_pair,1.0,1,1,34,34
3771,3771,true_pair,1.0,1,1,3,3
3772,3772,true_pair,1.0,1,1,28,28
3773,3773,true_pair,1.0,1,1,25,25
3774,3774,true_pair,1.0,1,1,41,41
3775,3775,true_pair,1.0,1,1,37,37
3776,3776,true_pair,1.0,1,1,22,22
3777,3777,true_pair,1.0,1,1,42,42
3778,3778,true_pair,1.0,1,1,12,12
3779,3779,true_pair,1.0,1,1,13,13
3780,3780,true_pair,1.0,1,1,23,23
3781,3781,true_pair,1.0,1,1,19,19
3782,3782,true_pair,1.0,1,1,18,18
3783,3783,true_pair,1.0,1,1,20,20
3784,3784,true_pair,1.0,1,1,26,26
3785,3785,true_pair,1.0,1,1,5,5
3786,3786,true_pair,1.0,1,1,48,48
3787,3787,true_pair,1.0,1,1,1,1
3788,3788,true_pair,1.0,1,1,32,32
3789,3789,true_pair,1.0,1,1,9,9
3790,3790,true_pair,1.0,1,1,41,41
3791,3791,true_pair,1.0,1,1,27,27
3792,3792,true_pair,1.0,1,1,30,30
3793,3793,true_pair,1.0,1,1,16,16
3794,3794,true_pair,1.0,1,1,9,9
3795,3795,true_pair,1.0,1,1,25,25
3796,3796,true_pair,1.0,1,1,22,22
3797,3797,true_pair,1.0,1,1,9,9
3798,3798,true_pair,1.0,1,1,16,16
3799,3799,true_pair,1.0,1,1,46,46
3800,3800,true_pair,1.0,1,1,23,23
3801,3801,true_pair,1.0,1,1,6,6
3802,3802,true_pair,1.0,1,1,22,22
3803,3803,true_pair,1.0,1,1,38,38
3804,3804,true_pair,1.0,1,1,20,20
3805,3805,true_pair,1.0,1,1,43,43
3806,3806,true_pair,1.0,1,1,22,22
3807,3807,true_pair,1.0,1,1,3,3
3808,3808,true_pair,1.0,1,1,42,42
3809,3809,true_pair,1.0,1,1,19,19
3810,3810,true_pair,1.0,1,1,4,4
3811,3811,true_pair,1.0,1,1,27,27
3812,3812,true_pair,1.0,1,1,6,6
3813,3813,true_pair,1.0,1,1,1,1
3814,3814,true_pair,1.0,1,1,26,26
3815,3815,true_pair,1.0,1,1,23,23
3816,3816,true_pair,1.0,1,1,47,47
3817,3817,true_pair,1.0,1,1,28,28
3818,3818,true_pair,1.0,1,1,11,11
3819,3819,true_pair,1.0,1,1,33,33
3820,3820,true_pair,1.0,1,1,16,16
3821,3821,true_pair,1.0,1,1,11,11
3822,3822,true_pair,1.0,1,1,19,19
3823,3823,true_pair,1.0,1,1,13,13
3824,3824,true_pair,1.0,1,1,33,33
3825,3825,true_pair,1.0,1,1,34,34
3826,3826,true_pair,1.0,1,1,16,16
3827,3827,true_pair,1.0,1,1,40,40
3828,3828,true_pair,1.0,1,1,2,2
3829,3829,true_pair,1.0,1,1,24,24
3830,3830,true_pair,1.0,1,1,21,21
3831,3831,true_pair,1.0,1,1,4,4
3832,3832,true_pair,1.0,1,1,19,19
3833,3833,true_pair,1.0,1,1,0,0
3834,3834,true_pair,1.0,1,1,2,2
3835,3835,true_pair,1.0,1,1,25,25
3836,3836,true_pair,1.0,1,1,38,38
3837,3837,true_pair,1.0,1,1,36,36
3838,3838,true_pair,1.0,1,1,35,35
3839,3839,true_pair,1.0,1,1,20,20
3840,3840,true_pair,1.0,1,1,37,37
3841,3841,true_pair,1.0,1,1,25,25
3842,3842,true_pair,1.0,1,1,47,47
3843,3843,true_pair,1.0,1,1,13,13
3844,3844,true_pair,1.0,1,1,28,28
3845,3845,true_pair,1.0,1,1,47,47
3846,3846,true_pair,1.0,1,1,37,37
3847,3847,true_pair,1.0,1,1,11,11
3848,3848,true_pair,1.0,1,1,28,28
3849,3849,true_pair,1.0,1,1,36,36
3850,3850,true_pair,1.0,1,1,11,11
3851,3851,true_pair,1.0,1,1,23,23
3852,3852,true_pair,1.0,1,1,10,10
3853,3853,true_pair,1.0,1,1,17,17
3854,3854,true_pair,1.0,1,1,44,44
3855,3855,true_pair,1.0,1,1,24,24
3856,3856,true_pair,1.0,1,1,36,36
3857,3857,true_pair,1.0,1,1,48,48
3858,3858,true_pair,1.0,1,1,44,44
3859,3859,true_pair,1.0,1,1,26,26
3860,3860,true_pair,1.0,1,1,28,28
3861,3861,true_pair,1.0,1,1,8,8
3862,3862,true_pair,1.0,1,1,43,43
3863,3863,true_pair,1.0,1,1,44,44
3864,3864,true_pair,1.0,1,1,41,41
3865,3865,true_pair,1.0,1,1,16,16
3866,3866,true_pair,1.0,1,1,16,16
3867,3867,true_pair,1.0,1,1,20,20
3868,3868,true_pair,1.0,1,1,7,7
3869,3869,true_pair,1.0,1,1,33,33
3870,3870,true_pair,1.0,1,1,13,13
3871,3871,true_pair,1.0,1,1,19,19
3872,3872,true_pair,1.0,1,1,44,44
3873,3873,true_pair,1.0,1,1,16,16
3874,3874,true_pair,1.0,1,1,27,27
3875,3875,true_pair,1.0,1,1,41,41
3876,3876,true_pair,1.0,1,1,16,16
3877,3877,true_pair,1.0,1,1,38,38
3878,3878,true_pair,1.0,1,1,30,30
3879,3879,true_pair,1.0,1,1,5,5
3880,3880,true_pair,1.0,1,1,48,48
3881,3881,true_pair,1.0,1,1,34,34
3882,3882,true_pair,1.0,1,1,8,8
3883,3883,true_pair,1.0,1,1,45,45
3884,3884,true_pair,1.0,1,1,39,39
3885,3885,true_pair,1.0,1,1,6,6
3886,3886,true_pair,1.0,1,1,33,33
3887,3887,true_pair,1.0,1,1,25,25
3888,3888,true_pair,1.0,1,1,43,43
3889,3889,true_pair,1.0,1,1,17,17
3890,3890,true_pair,1.0,1,1,15,15
3891,3891,true_pair,1.0,1,1,24,24
3892,3892,true_pair,1.0,1,1,37,37
3893,3893,true_pair,1.0,1,1,17,17
3894,3894,true_pair,1.0,1,1,37,37
3895,3895,true_pair,1.0,1,1,47,47
3896,3896,true_pair,1.0,1,1,14,14
3897,3897,true_pair,1.0,1,1,1,1
3898,3898,true_pair,1.0,1,1,2,2
3899,3899,true_pair,1.0,1,1,45,45
3900,3900,true_pair,1.0,1,1,26,26
3901,3901,true_pair,1.0,1,1,42,42
3902,3902,true_pair,1.0,1,1,37,37
3903,3903,true_pair,1.0,1,1,47,47
3904,3904,true_pair,1.0,1,1,40,40
3905,3905,true_pair,1.0,1,1,9,9
3906,3906,true_pair,1.0,1,1,0,0
3907,3907,true_pair,1.0,1,1,3,3
3908,3908,true_pair,1.0,1,1,47,47
3909,3909,true_pair,1.0,1,1,30,30
3910,3910,true_pair,1.0,1,1,12,12
3911,3911,true_pair,1.0,1,1,15,15
3912,3912,true_pair,1.0,1,1,16,16
3913,3913,true_pair,1.0,1,1,28,28
3914,3914,true_pair,1.0,1,1,15,15
3915,3915,true_pair,1.0,1,1,12,12
3916,3916,true_pair,1.0,1,1,34,34
3917,3917,true_pair,1.0,1,1,5,5
3918,3918,true_pair,1.0,1,1,25,25
3919,3919,true_pair,1.0,1,1,30,30
3920,3920,true_pair,1.0,1,1,6,6
3921,3921,true_pair,1.0,1,1,28,28
3922,3922,true_pair,1.0,1,1,41,41
3923,3923,true_pair,1.0,1,1,0,0
3924,3924,true_pair,1.0,1,1,33,33
3925,3925,true_pair,1.0,1,1,8,8
3926,3926,true_pair,1.0,1,1,27,27
3927,3927,true_pair,1.0,1,1,41,41
3928,3928,true_pair,1.0,1,1,18,18
3929,3929,true_pair,1.0,1,1,10,10
3930,3930,true_pair,1.0,1,1,24,24
3931,3931,true_pair,1.0,1,1,28,28
3932,3932,true_pair,1.0,1,1,19,19
3933,3933,true_pair,1.0,1,1,0,0
3934,3934,true_pair,1.0,1,1,17,17
3935,3935,true_pair,1.0,1,1,12,12
3936,3936,true_pair,1.0,1,1,8,8
3937,3937,true_pair,1.0,1,1,39,39
3938,3938,true_pair,1.0,1,1,8,8
3939,3939,true_pair,1.0,1,1,47,47
3940,3940,true_pair,1.0,1,1,19,19
3941,3941,true_pair,1.0,1,1,4,4
3942,3942,true_pair,1.0,1,1,44,44
3943,3943,true_pair,1.0,1,1,26,26
3944,3944,true_pair,1.0,1,1,31,31
3945,3945,true_pair,1.0,1,1,20,20
3946,3946,true_pair,1.0,1,1,8,8
3947,3947,true_pair,1.0,1,1,3,3
3948,3948,true_pair,1.0,1,1,12,12
3949,3949,true_pair,1.0,1,1,33,33
3950,3950,true_pair,1.0,1,1,7,7
3951,3951,true_pair,1.0,1,1,49,49
3952,3952,true_pair,1.0,1,1,24,24
3953,3953,true_pair,1.0,1,1,12,12
3954,3954,true_pair,1.0,1,1,17,17
3955,3955,true_pair,1.0,1,1,41,41
3956,3956,true_pair,1.0,1,1,45,45
3957,3957,true_pair,1.0,1,1,4,4
3958,3958,true_pair,1.0,1,1,6,6
3959,3959,true_pair,1.0,1,1,13,13
3960,3960,true_pair,1.0,1,1,9,9
3961,3961,true_pair,1.0,1,1,45,45
3962,3962,true_pair,1.0,1,1,2,2
3963,3963,true_pair,1.0,1,1,37,37
3964,3964,true_pair,1.0,1,1,35,35
3965,3965,true_pair,1.0,1,1,30,30
3966,3966,true_pair,1.0,1,1,30,30
3967,3967,true_pair,1.0,1,1,28,28
3968,3968,true_pair,1.0,1,1,25,25
3969,3969,true_pair,1.0,1,1,18,18
3970,3970,true_pair,1.0,1,1,5,5
3971,3971,true_pair,1.0,1,1,28,28
3972,3972,true_pair,1.0,1,1,20,20
3973,3973,true_pair,1.0,1,1,38,38
3974,3974,true_pair,1.0,1,1,24,24
3975,3975,true_pair,1.0,1,1,29,29
3976,3976,true_pair,1.0,1,1,8,8
3977,3977,true_pair,1.0,1,1,42,42
3978,3978,true_pair,1.0,1,1,48,48
3979,3979,true_pair,1.0,1,1,11,11
3980,3980,true_pair,1.0,1,1,29,29
3981,3981,true_pair,1.0,1,1,29,29
3982,3982,true_pair,1.0,1,1,40,40
3983,3983,true_pair,1.0,1,1,30,30
3984,3984,true_pair,1.0,1,1,44,44
3985,3985,true_pair,1.0,1,1,20,20
3986,3986,true_pair,1.0,1,1,36,36
3987,3987,true_pair,1.0,1,1,46,46
3988,3988,true_pair,1.0,1,1,7,7
3989,3989,true_pair,1.0,1,1,24,24
3990,3990,true_pair,1.0,1,1,20,20
3991,3991,true_pair,1.0,1,1,27,27
3992,3992,true_pair,1.0,1,1,39,39
3993,3993,true_pair,1.0,1,1,0,0
3994,3994,true_pair,1.0,1,1,13,13
3995,3995,true_pair,1.0,1,1,10,10
3996,3996,true_pair,1.0,1,1,35,35
3997,3997,true_pair,1.0,1,1,5,5
3998,3998,true_pair,1.0,1,1,28,28
3999,3999,true_pair,1.0,1,1,13,13
4000,4000,true_pair,1.0,1,1,33,33
4001,4001,true_pair,1.0,1,1,11,11
4002,4002,true_pair,1.0,1,1,47,47
4003,4003,true_pair,1.0,1,1,32,32
4004,4004,true_pair,1.0,1,1,17,17
4005,4005,true_pair,1.0,1,1,31,31
4006,4006,true_pair,1.0,1,1,17,17
4007,4007,true_pair,1.0,1,1,20,20
4008,4008,true_pair,1.0,1,1,3,3
4009,4009,true_pair,1.0,1,1,29,29
4010,4010,true_pair,1.0,1,1,1,1
4011,4011,true_pair,1.0,1,1,3,3
4012,4012,true_pair,1.0,1,1,30,30
4013,4013,true_pair,1.0,1,1,34,34
4014,4014,true_pair,1.0,1,1,41,41
4015,4015,true_pair,1.0,1,1,37,37
4016,4016,true_pair,1.0,1,1,4,4
4017,4017,true_pair,1.0,1,1,9,9
4018,4018,true_pair,1.0,1,1,23,23
4019,4019,true_pair,1.0,1,1,37,37
4020,4020,true_pair,1.0,1,1,21,21
4021,4021,true_pair,1.0,1,1,19,19
4022,4022,true_pair,1.0,1,1,17,17
4023,4023,true_pair,1.0,1,1,23,23
4024,4024,true_pair,1.0,1,1,45,45
4025,4025,true_pair,1.0,1,1,4,4
4026,4026,true_pair,1.0,1,1,35,35
4027,4027,true_pair,1.0,1,1,5,5
4028,4028,true_pair,1.0,1,1,29,29
4029,4029,true_pair,1.0,1,1,33,33
4030,4030,true_pair,1.0,1,1,35,35
4031,4031,true_pair,1.0,1,1,11,11
4032,4032,true_pair,1.0,1,1,49,49
4033,4033,true_pair,1.0,1,1,25,25
4034,4034,true_pair,1.0,1,1,47,47
4035,4035,true_pair,1.0,1,1,31,31
4036,4036,true_pair,1.0,1,1,25,25
4037,4037,true_pair,1.0,1,1,47,47
4038,4038,true_pair,1.0,1,1,18,18
4039,4039,true_pair,1.0,1,1,6,6
4040,4040,true_pair,1.0,1,1,23,23
4041,4041,true_pair,1.0,1,1,21,21
4042,4042,true_pair,1.0,1,1,18,18
4043,4043,true_pair,1.0,1,1,33,33
4044,4044,true_pair,1.0,1,1,43,43
4045,4045,true_pair,1.0,1,1,24,24
4046,4046,true_pair,1.0,1,1,47,47
4047,4047,true_pair,1.0,1,1,12,12
4048,4048,true_pair,1.0,1,1,7,7
4049,4049,true_pair,1.0,1,1,10,10
4050,4050,true_pair,1.0,1,1,29,29
4051,4051,true_pair,1.0,1,1,23,23
4052,4052,true_pair,1.0,1,1,14,14
4053,4053,true_pair,1.0,1,1,38,38
4054,4054,true_pair,1.0,1,1,19,19
4055,4055,true_pair,1.0,1,1,32,32
4056,4056,true_pair,1.0,1,1,23,23
4057,4057,true_pair,1.0,1,1,26,26
4058,4058,true_pair,1.0,1,1,7,7
4059,4059,true_pair,1.0,1,1,31,31
4060,4060,true_pair,1.0,1,1,25,25
4061,4061,true_pair,1.0,1,1,35,35
4062,4062,true_pair,1.0,1,1,27,27
4063,4063,true_pair,1.0,1,1,38,38
4064,4064,true_pair,1.0,1,1,21,21
4065,4065,true_pair,1.0,1,1,25,25
4066,4066,true_pair,1.0,1,1,0,0
4067,4067,true_pair,1.0,1,1,28,28
4068,4068,true_pair,1.0,1,1,25,25
4069,4069,true_pair,1.0,1,1,46,46
4070,4070,true_pair,1.0,1,1,8,8
4071,4071,true_pair,1.0,1,1,40,40
4072,4072,true_pair,1.0,1,1,10,10
4073,4073,true_pair,1.0,1,1,36,36
4074,4074,true_pair,1.0,1,1,30,30
4075,4075,true_pair,1.0,1,1,43,43
4076,4076,true_pair,1.0,1,1,20,20
4077,4077,true_pair,1.0,1,1,7,7
4078,4078,true_pair,1.0,1,1,49,49
4079,4079,true_pair,1.0,1,1,23,23
4080,4080,true_pair,1.0,1,1,0,0
4081,4081,true_pair,1.0,1,1,18,18
4082,4082,true_pair,1.0,1,1,35,35
4083,4083,true_pair,1.0,1,1,13,13
4084,4084,true_pair,1.0,1,1,21,21
4085,4085,true_pair,1.0,1,1,43,43
4086,4086,true_pair,1.0,1,1,6,6
4087,4087,true_pair,1.0,1,1,0,0
4088,4088,true_pair,1.0,1,1,31,31
4089,4089,true_pair,1.0,1,1,17,17
4090,4090,true_pair,1.0,1,1,8,8
4091,4091,true_pair,1.0,1,1,44,44
4092,4092,true_pair,1.0,1,1,6,6
4093,4093,true_pair,1.0,1,1,46,46
4094,4094,true_pair,1.0,1,1,32,32
4095,4095,true_pair,1.0,1,1,27,27
4096,4096,true_pair,1.0,1,1,29,29
4097,4097,true_pair,1.0,1,1,1,1
4098,4098,true_pair,1.0,1,1,41,41
4099,4099,true_pair,1.0,1,1,12,12
4100,4100,true_pair,1.0,1,1,1,1
4101,4101,true_pair,1.0,1,1,49,49
4102,4102,true_pair,1.0,1,1,38,38
4103,4103,true_pair,1.0,1,1,3,3
4104,4104,true_pair,1.0,1,1,24,24
4105,4105,true_pair,1.0,1,1,24,24
4106,4106,true_pair,1.0,1,1,10,10
4107,4107,true_pair,1.0,1,1,49,49
4108,4108,true_pair,1.0,1,1,2,2
4109,4109,true_pair,1.0,1,1,17,17
4110,4110,true_pair,1.0,1,1,22,22
4111,4111,true_pair,1.0,1,1,29,29
4112,4112,true_pair,1.0,1,1,41,41
4113,4113,true_pair,1.0,1,1,40,40
4114,4114,true_pair,1.0,1,1,9,9
4115,4115,true_pair,1.0,1,1,24,24
4116,4116,true_pair,1.0,1,1,8,8
4117,4117,true_pair,1.0,1,1,38,38
4118,4118,true_pair,1.0,1,1,46,46
4119,4119,true_pair,1.0,1,1,39,39
4120,4120,true_pair,1.0,1,1,5,5
4121,4121,true_pair,1.0,1,1,39,39
4122,4122,true_pair,1.0,1,1,0,0
4123,4123,true_pair,1.0,1,1,48,48
4124,4124,true_pair,1.0,1,1,40,40
4125,4125,true_pair,1.0,1,1,5,5
4126,4126,true_pair,1.0,1,1,6,6
4127,4127,true_pair,1.0,1,1,25,25
4128,4128,true_pair,1.0,1,1,8,8
4129,4129,true_pair,1.0,1,1,38,38
4130,4130,true_pair,1.0,1,1,37,37
4131,4131,true_pair,1.0,1,1,39,39
4132,4132,true_pair,1.0,1,1,36,36
4133,4133,true_pair,1.0,1,1,16,16
4134,4134,true_pair,1.0,1,1,10,10
4135,4135,true_pair,1.0,1,1,24,24
4136,4136,true_pair,1.0,1,1,22,22
4137,4137,true_pair,1.0,1,1,47,47
4138,4138,true_pair,1.0,1,1,12,12
4139,4139,true_pair,1.0,1,1,1,1
4140,4140,true_pair,1.0,1,1,37,37
4141,4141,true_pair,1.0,1,1,33,33
4142,4142,true_pair,1.0,1,1,34,34
4143,4143,true_pair,1.0,1,1,25,25
4144,4144,true_pair,1.0,1,1,46,46
4145,4145,true_pair,1.0,1,1,26,26
4146,4146,true_pair,1.0,1,1,24,24
4147,4147,true_pair,1.0,1,1,41,41
4148,4148,true_pair,1.0,1,1,40,40
4149,4149,true_pair,1.0,1,1,27,27
4150,4150,true_pair,1.0,1,1,7,7
4151,4151,true_pair,1.0,1,1,15,15
4152,4152,true_pair,1.0,1,1,3,3
4153,4153,true_pair,1.0,1,1,42,42
4154,4154,true_pair,1.0,1,1,36,36
4155,4155,true_pair,1.0,1,1,38,38
4156,4156,true_pair,1.0,1,1,7,7
4157,4157,true_pair,1.0,1,1,16,16
4158,4158,true_pair,1.0,1,1,8,8
4159,4159,true_pair,1.0,1,1,12,12
4160,4160,true_pair,1.0,1,1,23,23
4161,4161,true_pair,1.0,1,1,39,39
4162,4162,true_pair,1.0,1,1,40,40
4163,4163,true_pair,1.0,1,1,14,14
4164,4164,true_pair,1.0,1,1,11,11
4165,4165,true_pair,1.0,1,1,38,38
4166,4166,true_pair,1.0,1,1,36,36
4167,4167,true_pair,1.0,1,1,28,28
4168,4168,true_pair,1.0,1,1,1,1
4169,4169,true_pair,1.0,1,1,23,23
4170,4170,true_pair,1.0,1,1,4,4
4171,4171,true_pair,1.0,1,1,37,37
4172,4172,true_pair,1.0,1,1,22,22
4173,4173,true_pair,1.0,1,1,12,12
4174,4174,true_pair,1.0,1,1,5,5
4175,4175,true_pair,1.0,1,1,27,27
4176,4176,true_pair,1.0,1,1,1,1
4177,4177,true_pair,1.0,1,1,1,1
4178,4178,true_pair,1.0,1,1,17,17
4179,4179,true_pair,1.0,1,1,6,6
4180,4180,true_pair,1.0,1,1,45,45
4181,4181,true_pair,1.0,1,1,42,42
4182,4182,true_pair,1.0,1,1,5,5
4183,4183,true_pair,1.0,1,1,6,6
4184,4184,true_pair,1.0,1,1,21,21
4185,4185,true_pair,1.0,1,1,14,14
4186,4186,true_pair,1.0,1,1,49,49
4187,4187,true_pair,1.0,1,1,24,24
4188,4188,true_pair,1.0,1,1,25,25
4189,4189,true_pair,1.0,1,1,29,29
4190,4190,true_pair,1.0,1,1,13,13
4191,4191,true_pair,1.0,1,1,32,32
4192,4192,true_pair,1.0,1,1,6,6
4193,4193,true_pair,1.0,1,1,31,31
4194,4194,true_pair,1.0,1,1,0,0
4195,4195,true_pair,1.0,1,1,31,31
4196,4196,true_pair,1.0,1,1,34,34
4197,4197,true_pair,1.0,1,1,33,33
4198,4198,true_pair,1.0,1,1,3,3
4199,4199,true_pair,1.0,1,1,34,34
4200,4200,true_pair,1.0,1,1,9,9
4201,4201,true_pair,1.0,1,1,3,3
4202,4202,true_pair,1.0,1,1,16,16
4203,4203,true_pair,1.0,1,1,16,16
4204,4204,true_pair,1.0,1,1,29,29
4205,4205,true_pair,1.0,1,1,38,38
4206,4206,true_pair,1.0,1,1,26,26
4207,4207,true_pair,1.0,1,1,13,13
4208,4208,true_pair,1.0,1,1,1,1
4209,4209,true_pair,1.0,1,1,33,33
4210,4210,true_pair,1.0,1,1,8,8
4211,4211,true_pair,1.0,1,1,18,18
4212,4212,true_pair,1.0,1,1,43,43
4213,4213,true_pair,1.0,1,1,12,12
4214,4214,true_pair,1.0,1,1,49,49
4215,4215,true_pair,1.0,1,1,10,10
4216,4216,true_pair,1.0,1,1,49,49
4217,4217,true_pair,1.0,1,1,32,32
4218,4218,true_pair,1.0,1,1,32,32
4219,4219,true_pair,1.0,1,1,28,28
4220,4220,true_pair,1.0,1,1,46,46
4221,4221,true_pair,1.0,1,1,26,26
4222,4222,true_pair,1.0,1,1,7,7
4223,4223,true_pair,1.0,1,1,14,14
4224,4224,true_pair,1.0,1,1,11,11
4225,4225,true_pair,1.0,1,1,15,15
4226,4226,true_pair,1.0,1,1,10,10
4227,4227,true_pair,1.0,1,1,42,42
4228,4228,true_pair,1.0,1,1,19,19
4229,4229,true_pair,1.0,1,1,25,25
4230,4230,true_pair,1.0,1,1,42,42
4231,4231,true_pair,1.0,1,1,35,35
4232,4232,true_pair,1.0,1,1,36,36
4233,4233,true_pair,1.0,1,1,2,2
4234,4234,true_pair,1.0,1,1,23,23
4235,4235,true_pair,1.0,1,1,44,44
4236,4236,true_pair,1.0,1,1,0,0
4237,4237,true_pair,1.0,1,1,2,2
4238,4238,true_pair,1.0,1,1,2,2
4239,4239,true_pair,1.0,1,1,31,31
4240,4240,true_pair,1.0,1,1,19,19
4241,4241,true_pair,1.0,1,1,4,4
4242,4242,true_pair,1.0,1,1,38,38
4243,4243,true_pair,1.0,1,1,47,47
4244,4244,true_pair,1.0,1,1,0,0
4245,4245,true_pair,1.0,1,1,17,17
4246,4246,true_pair,1.0,1,1,0,0
4247,4247,true_pair,1.0,1,1,0,0
4248,4248,true_pair,1.0,1,1,22,22
4249,4249,true_pair,1.0,1,1,24,24
4250,4250,true_pair,1.0,1,1,21,21
4251,4251,true_pair,1.0,1,1,47,47
4252,4252,true_pair,1.0,1,1,18,18
4253,4253,true_pair,1.0,1,1,20,20
4254,4254,true_pair,1.0,1,1,9,9
4255,4255,true_pair,1.0,1,1,21,21
4256,4256,true_pair,1.0,1,1,8,8
4257,4257,true_pair,1.0,1,1,35,35
4258,4258,true_pair,1.0,1,1,28,28
4259,4259,true_pair,1.0,1,1,45,45
4260,4260,true_pair,1.0,1,1,38,38
4261,4261,true_pair,1.0,1,1,34,34
4262,4262,true_pair,1.0,1,1,20,20
4263,4263,true_pair,1.0,1,1,27,27
4264,4264,true_pair,1.0,1,1,37,37
4265,4265,true_pair,1.0,1,1,35,35
4266,4266,true_pair,1.0,1,1,41,41
4267,4267,true_pair,1.0,1,1,41,41
4268,4268,true_pair,1.0,1,1,20,20
4269,4269,true_pair,1.0,1,1,24,24
4270,4270,true_pair,1.0,1,1,7,7
4271,4271,true_pair,1.0,1,1,27,27
4272,4272,true_pair,1.0,1,1,47,47
4273,4273,true_pair,1.0,1,1,12,12
4274,4274,true_pair,1.0,1,1,20,20
4275,4275,true_pair,1.0,1,1,2,2
4276,4276,true_pair,1.0,1,1,1,1
4277,4277,true_pair,1.0,1,1,23,23
4278,4278,true_pair,1.0,1,1,1,1
4279,4279,true_pair,1.0,1,1,34,34
4280,4280,true_pair,1.0,1,1,38,38
4281,4281,true_pair,1.0,1,1,34,34
4282,4282,true_pair,1.0,1,1,7,7
4283,4283,true_pair,1.0,1,1,13,13
4284,4284,true_pair,1.0,1,1,6,6
4285,4285,true_pair,1.0,1,1,28,28
4286,4286,true_pair,1.0,1,1,39,39
4287,4287,true_pair,1.0,1,1,11,11
4288,4288,true_pair,1.0,1,1,25,25
4289,4289,true_pair,1.0,1,1,0,0
4290,4290,true_pair,1.0,1,1,42,42
4291,4291,true_pair,1.0,1,1,21,21
4292,4292,true_pair,1.0,1,1,24,24
4293,4293,true_pair,1.0,1,1,12,12
4294,4294,true_pair,1.0,1,1,4,4
4295,4295,true_pair,1.0,1,1,44,44
4296,4296,true_pair,1.0,1,1,45,45
4297,4297,true_pair,1.0,1,1,47,47
4298,4298,true_pair,1.0,1,1,37,37
4299,4299,true_pair,1.0,1,1,26,26
4300,4300,true_pair,1.0,1,1,1,1
4301,4301,true_pair,1.0,1,1,41,41
4302,4302,true_pair,1.0,1,1,28,28
4303,4303,true_pair,1.0,1,1,0,0
4304,4304,true_pair,1.0,1,1,32,32
4305,4305,true_pair,1.0,1,1,31,31
4306,4306,true_pair,1.0,1,1,34,34
4307,4307,true_pair,1.0,1,1,41,41
4308,4308,true_pair,1.0,1,1,24,24
4309,4309,true_pair,1.0,1,1,49,49
4310,4310,true_pair,1.0,1,1,41,41
4311,4311,true_pair,1.0,1,1,20,20
4312,4312,true_pair,1.0,1,1,23,23
4313,4313,true_pair,1.0,1,1,23,23
4314,4314,true_pair,1.0,1,1,27,27
4315,4315,true_pair,1.0,1,1,22,22
4316,4316,true_pair,1.0,1,1,6,6
4317,4317,true_pair,1.0,1,1,26,26
4318,4318,true_pair,1.0,1,1,3,3
4319,4319,true_pair,1.0,1,1,23,23
4320,4320,true_pair,1.0,1,1,39,39
4321,4321,true_pair,1.0,1,1,8,8
4322,4322,true_pair,1.0,1,1,17,17
4323,4323,true_pair,1.0,1,1,26,26
4324,4324,true_pair,1.0,1,1,47,47
4325,4325,true_pair,1.0,1,1,5,5
4326,4326,true_pair,1.0,1,1,0,0
4327,4327,true_pair,1.0,1,1,10,10
4328,4328,true_pair,1.0,1,1,35,35
4329,4329,true_pair,1.0,1,1,31,31
4330,4330,true_pair,1.0,1,1,38,38
4331,4331,true_pair,1.0,1,1,13,13
4332,4332,true_pair,1.0,1,1,27,27
4333,4333,true_pair,1.0,1,1,4,4
4334,4334,true_pair,1.0,1,1,37,37
4335,4335,true_pair,1.0,1,1,48,48
4336,4336,true_pair,1.0,1,1,46,46
4337,4337,true_pair,1.0,1,1,10,10
4338,4338,true_pair,1.0,1,1,42,42
4339,4339,true_pair,1.0,1,1,27,27
4340,4340,true_pair,1.0,1,1,0,0
4341,4341,true_pair,1.0,1,1,29,29
4342,4342,true_pair,1.0,1,1,7,7
4343,4343,true_pair,1.0,1,1,40,40
4344,4344,true_pair,1.0,1,1,35,35
4345,4345,true_pair,1.0,1,1,23,23
4346,4346,true_pair,1.0,1,1,1,1
4347,4347,true_pair,1.0,1,1,10,10
4348,4348,true_pair,1.0,1,1,0,0
4349,4349,true_pair,1.0,1,1,40,40
4350,4350,true_pair,1.0,1,1,10,10
4351,4351,true_pair,1.0,1,1,44,44
4352,4352,true_pair,1.0,1,1,34,34
4353,4353,true_pair,1.0,1,1,30,30
4354,4354,true_pair,1.0,1,1,27,27
4355,4355,true_pair,1.0,1,1,17,17
4356,4356,true_pair,1.0,1,1,5,5
4357,4357,true_pair,1.0,1,1,49,49
4358,4358,true_pair,1.0,1,1,27,27
4359,4359,true_pair,1.0,1,1,8,8
4360,4360,true_pair,1.0,1,1,8,8
4361,4361,true_pair,1.0,1,1,7,7
4362,4362,true_pair,1.0,1,1,9,9
4363,4363,true_pair,1.0,1,1,22,22
4364,4364,true_pair,1.0,1,1,10,10
4365,4365,true_pair,1.0,1,1,4,4
4366,4366,true_pair,1.0,1,1,42,42
4367,4367,true_pair,1.0,1,1,30,30
4368,4368,true_pair,1.0,1,1,37,37
4369,4369,true_pair,1.0,1,1,16,16
4370,4370,true_pair,1.0,1,1,45,45
4371,4371,true_pair,1.0,1,1,18,18
4372,4372,true_pair,1.0,1,1,6,6
4373,4373,true_pair,1.0,1,1,37,37
4374,4374,true_pair,1.0,1,1,2,2
4375,4375,true_pair,1.0,1,1,21,21
4376,4376,true_pair,1.0,1,1,16,16
4377,4377,true_pair,1.0,1,1,6,6
4378,4378,true_pair,1.0,1,1,11,11
4379,4379,true_pair,1.0,1,1,47,47
4380,4380,true_pair,1.0,1,1,5,5
4381,4381,true_pair,1.0,1,1,12,12
4382,4382,true_pair,1.0,1,1,29,29
4383,4383,true_pair,1.0,1,1,31,31
4384,4384,true_pair,1.0,1,1,36,36
4385,4385,true_pair,1.0,1,1,47,47
4386,4386,true_pair,1.0,1,1,1,1
4387,4387,true_pair,1.0,1,1,43,43
4388,4388,true_pair,1.0,1,1,19,19
4389,4389,true_pair,1.0,1,1,6,6
4390,4390,true_pair,1.0,1,1,40,40
4391,4391,true_pair,1.0,1,1,13,13
4392,4392,true_pair,1.0,1,1,15,15
4393,4393,true_pair,1.0,1,1,14,14
4394,4394,true_pair,1.0,1,1,36,36
4395,4395,true_pair,1.0,1,1,39,39
4396,4396,true_pair,1.0,1,1,41,41
4397,4397,true_pair,1.0,1,1,29,29
4398,4398,true_pair,1.0,1,1,7,7
4399,4399,true_pair,1.0,1,1,4,4
4400,4400,true_pair,1.0,1,1,14,14
4401,4401,true_pair,1.0,1,1,18,18
4402,4402,true_pair,1.0,1,1,5,5
4403,4403,true_pair,1.0,1,1,24,24
4404,4404,true_pair,1.0,1,1,8,8
4405,4405,true_pair,1.0,1,1,18,18
4406,4406,true_pair,1.0,1,1,29,29
4407,4407,true_pair,1.0,1,1,29,29
4408,4408,true_pair,1.0,1,1,47,47
4409,4409,true_pair,1.0,1,1,34,34
4410,4410,true_pair,1.0,1,1,6,6
4411,4411,true_pair,1.0,1,1,23,23
4412,4412,true_pair,1.0,1,1,34,34
4413,4413,true_pair,1.0,1,1,8,8
4414,4414,true_pair,1.0,1,1,22,22
4415,4415,true_pair,1.0,1,1,30,30
4416,4416,true_pair,1.0,1,1,16,16
4417,4417,true_pair,1.0,1,1,13,13
4418,4418,true_pair,1.0,1,1,17,17
4419,4419,true_pair,1.0,1,1,43,43
4420,4420,true_pair,1.0,1,1,36,36
4421,4421,true_pair,1.0,1,1,3,3
4422,4422,true_pair,1.0,1,1,9,9
4423,4423,true_pair,1.0,1,1,26,26
4424,4424,true_pair,1.0,1,1,39,39
4425,4425,true_pair,1.0,1,1,18,18
4426,4426,true_pair,1.0,1,1,28,28
4427,4427,true_pair,1.0,1,1,37,37
4428,4428,true_pair,1.0,1,1,42,42
4429,4429,true_pair,1.0,1,1,47,47
4430,4430,true_pair,1.0,1,1,1,1
4431,4431,true_pair,1.0,1,1,38,38
4432,4432,true_pair,1.0,1,1,32,32
4433,4433,true_pair,1.0,1,1,44,44
4434,4434,true_pair,1.0,1,1,42,42
4435,4435,true_pair,1.0,1,1,2,2
4436,4436,true_pair,1.0,1,1,24,24
4437,4437,true_pair,1.0,1,1,20,20
4438,4438,true_pair,1.0,1,1,32,32
4439,4439,true_pair,1.0,1,1,10,10
4440,4440,true_pair,1.0,1,1,38,38
4441,4441,true_pair,1.0,1,1,47,47
4442,4442,true_pair,1.0,1,1,36,36
4443,4443,true_pair,1.0,1,1,19,19
4444,4444,true_pair,1.0,1,1,36,36
4445,4445,true_pair,1.0,1,1,24,24
4446,4446,true_pair,1.0,1,1,10,10
4447,4447,true_pair,1.0,1,1,17,17
4448,4448,true_pair,1.0,1,1,48,48
4449,4449,true_pair,1.0,1,1,25,25
4450,4450,true_pair,1.0,1,1,16,16
4451,4451,true_pair,1.0,1,1,0,0
4452,4452,true_pair,1.0,1,1,4,4
4453,4453,true_pair,1.0,1,1,39,39
4454,4454,true_pair,1.0,1,1,2,2
4455,4455,true_pair,1.0,1,1,40,40
4456,4456,true_pair,1.0,1,1,4,4
4457,4457,true_pair,1.0,1,1,34,34
4458,4458,true_pair,1.0,1,1,46,46
4459,4459,true_pair,1.0,1,1,38,38
4460,4460,true_pair,1.0,1,1,46,46
4461,4461,true_pair,1.0,1,1,28,28
4462,4462,true_pair,1.0,1,1,45,45
4463,4463,true_pair,1.0,1,1,46,46
4464,4464,true_pair,1.0,1,1,26,26
4465,4465,true_pair,1.0,1,1,10,10
4466,4466,true_pair,1.0,1,1,38,38
4467,4467,true_pair,1.0,1,1,22,22
4468,4468,true_pair,1.0,1,1,16,16
4469,4469,true_pair,1.0,1,1,46,46
4470,4470,true_pair,1.0,1,1,8,8
4471,4471,true_pair,1.0,1,1,3,3
4472,4472,true_pair,1.0,1,1,26,26
4473,4473,true_pair,1.0,1,1,34,34
4474,4474,true_pair,1.0,1,1,22,22
4475,4475,true_pair,1.0,1,1,44,44
4476,4476,true_pair,1.0,1,1,14,14
4477,4477,true_pair,1.0,1,1,7,7
4478,4478,true_pair,1.0,1,1,48,48
4479,4479,true_pair,1.0,1,1,7,7
4480,4480,true_pair,1.0,1,1,18,18
4481,4481,true_pair,1.0,1,1,9,9
4482,4482,true_pair,1.0,1,1,14,14
4483,4483,true_pair,1.0,1,1,12,12
4484,4484,true_pair,1.0,1,1,21,21
4485,4485,true_pair,1.0,1,1,29,29
4486,4486,true_pair,1.0,1,1,1,1
4487,4487,true_pair,1.0,1,1,5,5
4488,4488,true_pair,1.0,1,1,17,17
4489,4489,true_pair,1.0,1,1,30,30
4490,4490,true_pair,1.0,1,1,4,4
4491,4491,true_pair,1.0,1,1,2,2
4492,4492,true_pair,1.0,1,1,45,45
4493,4493,true_pair,1.0,1,1,41,41
4494,4494,true_pair,1.0,1,1,13,13
4495,4495,true_pair,1.0,1,1,7,7
4496,4496,true_pair,1.0,1,1,10,10
4497,4497,true_pair,1.0,1,1,25,25
4498,4498,true_pair,1.0,1,1,49,49
4499,4499,true_pair,1.0,1,1,12,12
4500,4500,true_pair,1.0,1,1,6,6
4501,4501,true_pair,1.0,1,1,4,4
4502,4502,true_pair,1.0,1,1,36,36
4503,4503,true_pair,1.0,1,1,4,4
4504,4504,true_pair,1.0,1,1,10,10
4505,4505,true_pair,1.0,1,1,12,12
4506,4506,true_pair,1.0,1,1,47,47
4507,4507,true_pair,1.0,1,1,12,12
4508,4508,true_pair,1.0,1,1,38,38
4509,4509,true_pair,1.0,1,1,16,16
4510,4510,true_pair,1.0,1,1,34,34
4511,4511,true_pair,1.0,1,1,44,44
4512,4512,true_pair,1.0,1,1,3,3
4513,4513,true_pair,1.0,1,1,34,34
4514,4514,true_pair,1.0,1,1,4,4
4515,4515,true_pair,1.0,1,1,28,28
4516,4516,true_pair,1.0,1,1,0,0
4517,4517,true_pair,1.0,1,1,13,13
4518,4518,true_pair,1.0,1,1,29,29
4519,4519,true_pair,1.0,1,1,1,1
4520,4520,true_pair,1.0,1,1,35,35
4521,4521,true_pair,1.0,1,1,9,9
4522,4522,true_pair,1.0,1,1,38,38
4523,4523,true_pair,1.0,1,1,22,22
4524,4524,true_pair,1.0,1,1,21,21
4525,4525,true_pair,1.0,1,1,3,3
4526,4526,true_pair,1.0,1,1,39,39
4527,4527,true_pair,1.0,1,1,34,34
4528,4528,true_pair,1.0,1,1,47,47
4529,4529,true_pair,1.0,1,1,1,1
4530,4530,true_pair,1.0,1,1,20,20
4531,4531,true_pair,1.0,1,1,1,1
4532,4532,true_pair,1.0,1,1,37,37
4533,4533,true_pair,1.0,1,1,44,44
4534,4534,true_pair,1.0,1,1,44,44
4535,4535,true_pair,1.0,1,1,3,3
4536,4536,true_pair,1.0,1,1,4,4
4537,4537,true_pair,1.0,1,1,6,6
4538,4538,true_pair,1.0,1,1,1,1
4539,4539,true_pair,1.0,1,1,9,9
4540,4540,true_pair,1.0,1,1,17,17
4541,4541,true_pair,1.0,1,1,11,11
4542,4542,true_pair,1.0,1,1,30,30
4543,4543,true_pair,1.0,1,1,7,7
4544,4544,true_pair,1.0,1,1,33,33
4545,4545,true_pair,1.0,1,1,0,0
4546,4546,true_pair,1.0,1,1,12,12
4547,4547,true_pair,1.0,1,1,28,28
4548,4548,true_pair,1.0,1,1,48,48
4549,4549,true_pair,1.0,1,1,15,15
4550,4550,true_pair,1.0,1,1,14,14
4551,4551,true_pair,1.0,1,1,27,27
4552,4552,true_pair,1.0,1,1,29,29
4553,4553,true_pair,1.0,1,1,24,24
4554,4554,true_pair,1.0,1,1,5,5
4555,4555,true_pair,1.0,1,1,25,25
4556,4556,true_pair,1.0,1,1,2,2
4557,4557,true_pair,1.0,1,1,14,14
4558,4558,true_pair,1.0,1,1,28,28
4559,4559,true_pair,1.0,1,1,46,46
4560,4560,true_pair,1.0,1,1,32,32
4561,4561,true_pair,1.0,1,1,32,32
4562,4562,true_pair,1.0,1,1,33,33
4563,4563,true_pair,1.0,1,1,26,26
4564,4564,true_pair,1.0,1,1,46,46
4565,4565,true_pair,1.0,1,1,47,47
4566,4566,true_pair,1.0,1,1,11,11
4567,4567,true_pair,1.0,1,1,26,26
4568,4568,true_pair,1.0,1,1,49,49
4569,4569,true_pair,1.0,1,1,34,34
4570,4570,true_pair,1.0,1,1,44,44
4571,4571,true_pair,1.0,1,1,34,34
4572,4572,true_pair,1.0,1,1,0,0
4573,4573,true_pair,1.0,1,1,19,19
4574,4574,true_pair,1.0,1,1,37,37
4575,4575,true_pair,1.0,1,1,25,25
4576,4576,true_pair,1.0,1,1,40,40
4577,4577,true_pair,1.0,1,1,28,28
4578,4578,true_pair,1.0,1,1,49,49
4579,4579,true_pair,1.0,1,1,49,49
4580,4580,true_pair,1.0,1,1,37,37
4581,4581,true_pair,1.0,1,1,30,30
4582,4582,true_pair,1.0,1,1,33,33
4583,4583,true_pair,1.0,1,1,27,27
4584,4584,true_pair,1.0,1,1,16,16
4585,4585,true_pair,1.0,1,1,21,21
4586,4586,true_pair,1.0,1,1,6,6
4587,4587,true_pair,1.0,1,1,36,36
4588,4588,true_pair,1.0,1,1,33,33
4589,4589,true_pair,1.0,1,1,8,8
4590,4590,true_pair,1.0,1,1,15,15
4591,4591,true_pair,1.0,1,1,19,19
4592,4592,true_pair,1.0,1,1,42,42
4593,4593,true_pair,1.0,1,1,1,1
4594,4594,true_pair,1.0,1,1,15,15
4595,4595,true_pair,1.0,1,1,5,5
4596,4596,true_pair,1.0,1,1,29,29
4597,4597,true_pair,1.0,1,1,26,26
4598,4598,true_pair,1.0,1,1,21,21
4599,4599,true_pair,1.0,1,1,22,22
4600,4600,true_pair,1.0,1,1,31,31
4601,4601,true_pair,1.0,1,1,7,7
4602,4602,true_pair,1.0,1,1,2,2
4603,4603,true_pair,1.0,1,1,3,3
4604,4604,true_pair,1.0,1,1,2,2
4605,4605,true_pair,1.0,1,1,44,44
4606,4606,true_pair,1.0,1,1,16,16
4607,4607,true_pair,1.0,1,1,31,31
4608,4608,true_pair,1.0,1,1,44,44
4609,4609,true_pair,1.0,1,1,23,23
4610,4610,true_pair,1.0,1,1,45,45
4611,4611,true_pair,1.0,1,1,28,28
4612,4612,true_pair,1.0,1,1,0,0
4613,4613,true_pair,1.0,1,1,43,43
4614,4614,true_pair,1.0,1,1,45,45
4615,4615,true_pair,1.0,1,1,34,34
4616,4616,true_pair,1.0,1,1,12,12
4617,4617,true_pair,1.0,1,1,14,14
4618,4618,true_pair,1.0,1,1,32,32
4619,4619,true_pair,1.0,1,1,32,32
4620,4620,true_pair,1.0,1,1,6,6
4621,4621,true_pair,1.0,1,1,2,2
4622,4622,true_pair,1.0,1,1,20,20
4623,4623,true_pair,1.0,1,1,47,47
4624,4624,true_pair,1.0,1,1,16,16
4625,4625,true_pair,1.0,1,1,6,6
4626,4626,true_pair,1.0,1,1,39,39
4627,4627,true_pair,1.0,1,1,40,40
4628,4628,true_pair,1.0,1,1,22,22
4629,4629,true_pair,1.0,1,1,17,17
4630,4630,true_pair,1.0,1,1,37,37
4631,4631,true_pair,1.0,1,1,35,35
4632,4632,true_pair,1.0,1,1,15,15
4633,4633,true_pair,1.0,1,1,10,10
4634,4634,true_pair,1.0,1,1,20,20
4635,4635,true_pair,1.0,1,1,8,8
4636,4636,true_pair,1.0,1,1,8,8
4637,4637,true_pair,1.0,1,1,46,46
4638,4638,true_pair,1.0,1,1,2,2
4639,4639,true_pair,1.0,1,1,49,49
4640,4640,true_pair,1.0,1,1,11,11
4641,4641,true_pair,1.0,1,1,44,44
4642,4642,true_pair,1.0,1,1,40,40
4643,4643,true_pair,1.0,1,1,14,14
4644,4644,true_pair,1.0,1,1,23,23
4645,4645,true_pair,1.0,1,1,9,9
4646,4646,true_pair,1.0,1,1,17,17
4647,4647,true_pair,1.0,1,1,8,8
4648,4648,true_pair,1.0,1,1,47,47
4649,4649,true_pair,1.0,1,1,3,3
4650,4650,true_pair,1.0,1,1,35,35
4651,4651,true_pair,1.0,1,1,3,3
4652,4652,true_pair,1.0,1,1,9,9
4653,4653,true_pair,1.0,1,1,23,23
4654,4654,true_pair,1.0,1,1,14,14
4655,4655,true_pair,1.0,1,1,36,36
4656,4656,true_pair,1.0,1,1,17,17
4657,4657,true_pair,1.0,1,1,10,10
4658,4658,true_pair,1.0,1,1,3,3
4659,4659,true_pair,1.0,1,1,26,26
4660,4660,true_pair,1.0,1,1,40,40
4661,4661,true_pair,1.0,1,1,12,12
4662,4662,true_pair,1.0,1,1,11,11
4663,4663,true_pair,1.0,1,1,3,3
4664,4664,true_pair,1.0,1,1,27,27
4665,4665,true_pair,1.0,1,1,32,32
4666,4666,true_pair,1.0,1,1,36,36
4667,4667,true_pair,1.0,1,1,37,37
4668,4668,true_pair,1.0,1,1,45,45
4669,4669,true_pair,1.0,1,1,24,24
4670,4670,true_pair,1.0,1,1,7,7
4671,4671,true_pair,1.0,1,1,41,41
4672,4672,true_pair,1.0,1,1,37,37
4673,4673,true_pair,1.0,1,1,7,7
4674,4674,true_pair,1.0,1,1,11,11
4675,4675,true_pair,1.0,1,1,4,4
4676,4676,true_pair,1.0,1,1,18,18
4677,4677,true_pair,1.0,1,1,38,38
4678,4678,true_pair,1.0,1,1,32,32
4679,4679,true_pair,1.0,1,1,8,8
4680,4680,true_pair,1.0,1,1,48,48
4681,4681,true_pair,1.0,1,1,4,4
4682,4682,true_pair,1.0,1,1,25,25
4683,4683,true_pair,1.0,1,1,39,39
4684,4684,true_pair,1.0,1,1,13,13
4685,4685,true_pair,1.0,1,1,5,5
4686,4686,true_pair,1.0,1,1,41,41
4687,4687,true_pair,1.0,1,1,23,23
4688,4688,true_pair,1.0,1,1,18,18
4689,4689,true_pair,1.0,1,1,29,29
4690,4690,true_pair,1.0,1,1,0,0
4691,4691,true_pair,1.0,1,1,13,13
4692,4692,true_pair,1.0,1,1,0,0
4693,4693,true_pair,1.0,1,1,35,35
4694,4694,true_pair,1.0,1,1,20,20
4695,4695,true_pair,1.0,1,1,14,14
4696,4696,true_pair,1.0,1,1,44,44
4697,4697,true_pair,1.0,1,1,49,49
4698,4698,true_pair,1.0,1,1,46,46
4699,4699,true_pair,1.0,1,1,31,31
4700,4700,true_pair,1.0,1,1,42,42
4701,4701,true_pair,1.0,1,1,23,23
4702,4702,true_pair,1.0,1,1,35,35
4703,4703,true_pair,1.0,1,1,36,36
4704,4704,true_pair,1.0,1,1,43,43
4705,4705,true_pair,1.0,1,1,12,12
4706,4706,true_pair,1.0,1,1,16,16
4707,4707,true_pair,1.0,1,1,44,44
4708,4708,true_pair,1.0,1,1,39,39
4709,4709,true_pair,1.0,1,1,27,27
4710,4710,true_pair,1.0,1,1,10,10
4711,4711,true_pair,1.0,1,1,38,38
4712,4712,true_pair,1.0,1,1,13,13
4713,4713,true_pair,1.0,1,1,35,35
4714,4714,true_pair,1.0,1,1,26,26
4715,4715,true_pair,1.0,1,1,22,22
4716,4716,true_pair,1.0,1,1,43,43
4717,4717,true_pair,1.0,1,1,25,25
4718,4718,true_pair,1.0,1,1,41,41
4719,4719,true_pair,1.0,1,1,29,29
4720,4720,true_pair,1.0,1,1,2,2
4721,4721,true_pair,1.0,1,1,40,40
4722,4722,true_pair,1.0,1,1,19,19
4723,4723,true_pair,1.0,1,1,45,45
4724,4724,true_pair,1.0,1,1,25,25
4725,4725,true_pair,1.0,1,1,37,37
4726,4726,true_pair,1.0,1,1,15,15
4727,4727,true_pair,1.0,1,1,26,26
4728,4728,true_pair,1.0,1,1,41,41
4729,4729,true_pair,1.0,1,1,40,40
4730,4730,true_pair,1.0,1,1,8,8
4731,4731,true_pair,1.0,1,1,14,14
4732,4732,true_pair,1.0,1,1,47,47
4733,4733,true_pair,1.0,1,1,1,1
4734,4734,true_pair,1.0,1,1,3,3
4735,4735,true_pair,1.0,1,1,46,46
4736,4736,true_pair,1.0,1,1,35,35
4737,4737,true_pair,1.0,1,1,42,42
4738,4738,true_pair,1.0,1,1,0,0
4739,4739,true_pair,1.0,1,1,41,41
4740,4740,true_pair,1.0,1,1,10,10
4741,4741,true_pair,1.0,1,1,25,25
4742,4742,true_pair,1.0,1,1,3,3
4743,4743,true_pair,1.0,1,1,46,46
4744,4744,true_pair,1.0,1,1,1,1
4745,4745,true_pair,1.0,1,1,45,45
4746,4746,true_pair,1.0,1,1,16,16
4747,4747,true_pair,1.0,1,1,36,36
4748,4748,true_pair,1.0,1,1,16,16
4749,4749,true_pair,1.0,1,1,8,8
4750,4750,true_pair,1.0,1,1,0,0
4751,4751,true_pair,1.0,1,1,21,21
4752,4752,true_pair,1.0,1,1,2,2
4753,4753,true_pair,1.0,1,1,49,49
4754,4754,true_pair,1.0,1,1,7,7
4755,4755,true_pair,1.0,1,1,45,45
4756,4756,true_pair,1.0,1,1,7,7
4757,4757,true_pair,1.0,1,1,17,17
4758,4758,true_pair,1.0,1,1,49,49
4759,4759,true_pair,1.0,1,1,42,42
4760,4760,true_pair,1.0,1,1,22,22
4761,4761,true_pair,1.0,1,1,2,2
4762,4762,true_pair,1.0,1,1,45,45
4763,4763,true_pair,1.0,1,1,6,6
4764,4764,true_pair,1.0,1,1,23,23
4765,4765,true_pair,1.0,1,1,47,47
4766,4766,true_pair,1.0,1,1,30,30
4767,4767,true_pair,1.0,1,1,27,27
4768,4768,true_pair,1.0,1,1,47,47
4769,4769,true_pair,1.0,1,1,26,26
4770,4770,true_pair,1.0,1,1,19,19
4771,4771,true_pair,1.0,1,1,2,2
4772,4772,true_pair,1.0,1,1,37,37
4773,4773,true_pair,1.0,1,1,29,29
4774,4774,true_pair,1.0,1,1,18,18
4775,4775,true_pair,1.0,1,1,24,24
4776,4776,true_pair,1.0,1,1,40,40
4777,4777,true_pair,1.0,1,1,46,46
4778,4778,true_pair,1.0,1,1,19,19
4779,4779,true_pair,1.0,1,1,32,32
4780,4780,true_pair,1.0,1,1,48,48
4781,4781,true_pair,1.0,1,1,35,35
4782,4782,true_pair,1.0,1,1,7,7
4783,4783,true_pair,1.0,1,1,11,11
4784,4784,true_pair,1.0,1,1,7,7
4785,4785,true_pair,1.0,1,1,22,22
4786,4786,true_pair,1.0,1,1,7,7
4787,4787,true_pair,1.0,1,1,39,39
4788,4788,true_pair,1.0,1,1,44,44
4789,4789,true_pair,1.0,1,1,48,48
4790,4790,true_pair,1.0,1,1,13,13
4791,4791,true_pair,1.0,1,1,37,37
4792,4792,true_pair,1.0,1,1,49,49
4793,4793,true_pair,1.0,1,1,32,32
4794,4794,true_pair,1.0,1,1,46,46
4795,4795,true_pair,1.0,1,1,48,48
4796,4796,true_pair,1.0,1,1,49,49
4797,4797,true_pair,1.0,1,1,0,0
4798,4798,true_pair,1.0,1,1,21,21
4799,4799,true_pair,1.0,1,1,13,13
4800,4800,true_pair,1.0,1,1,9,9
4801,4801,true_pair,1.0,1,1,18,18
4802,4802,true_pair,1.0,1,1,17,17
4803,4803,true_pair,1.0,1,1,34,34
4804,4804,true_pair,1.0,1,1,29,29
4805,4805,true_pair,1.0,1,1,35,35
4806,4806,true_pair,1.0,1,1,20,20
4807,4807,true_pair,1.0,1,1,48,48
4808,4808,true_pair,1.0,1,1,27,27
4809,4809,true_pair,1.0,1,1,37,37
4810,4810,true_pair,1.0,1,1,13,13
4811,4811,true_pair,1.0,1,1,38,38
4812,4812,true_pair,1.0,1,1,31,31
4813,4813,true_pair,1.0,1,1,26,26
4814,4814,true_pair,1.0,1,1,1,1
4815,4815,true_pair,1.0,1,1,45,45
4816,4816,true_pair,1.0,1,1,1,1
4817,4817,true_pair,1.0,1,1,49,49
4818,4818,true_pair,1.0,1,1,35,35
4819,4819,true_pair,1.0,1,1,42,42
4820,4820,true_pair,1.0,1,1,35,35
4821,4821,true_pair,1.0,1,1,24,24
4822,4822,true_pair,1.0,1,1,42,42
4823,4823,true_pair,1.0,1,1,16,16
4824,4824,true_pair,1.0,1,1,30,30
4825,4825,true_pair,1.0,1,1,17,17
4826,4826,true_pair,1.0,1,1,40,40
4827,4827,true_pair,1.0,1,1,9,9
4828,4828,true_pair,1.0,1,1,25,25
4829,4829,true_pair,1.0,1,1,32,32
4830,4830,true_pair,1.0,1,1,45,45
4831,4831,true_pair,1.0,1,1,44,44
4832,4832,true_pair,1.0,1,1,46,46
4833,4833,true_pair,1.0,1,1,35,35
4834,4834,true_pair,1.0,1,1,17,17
4835,4835,true_pair,1.0,1,1,6,6
4836,4836,true_pair,1.0,1,1,37,37
4837,4837,true_pair,1.0,1,1,9,9
4838,4838,true_pair,1.0,1,1,31,31
4839,4839,true_pair,1.0,1,1,6,6
4840,4840,true_pair,1.0,1,1,49,49
4841,4841,true_pair,1.0,1,1,7,7
4842,4842,true_pair,1.0,1,1,34,34
4843,4843,true_pair,1.0,1,1,36,36
4844,4844,true_pair,1.0,1,1,10,10
4845,4845,true_pair,1.0,1,1,21,21
4846,4846,true_pair,1.0,1,1,23,23
4847,4847,true_pair,1.0,1,1,35,35
4848,4848,true_pair,1.0,1,1,18,18
4849,4849,true_pair,1.0,1,1,35,35
4850,4850,true_pair,1.0,1,1,41,41
4851,4851,true_pair,1.0,1,1,7,7
4852,4852,true_pair,1.0,1,1,40,40
4853,4853,true_pair,1.0,1,1,40,40
4854,4854,true_pair,1.0,1,1,5,5
4855,4855,true_pair,1.0,1,1,30,30
4856,4856,true_pair,1.0,1,1,7,7
4857,4857,true_pair,1.0,1,1,42,42
4858,4858,true_pair,1.0,1,1,31,31
4859,4859,true_pair,1.0,1,1,33,33
4860,4860,true_pair,1.0,1,1,4,4
4861,4861,true_pair,1.0,1,1,25,25
4862,4862,true_pair,1.0,1,1,22,22
4863,4863,true_pair,1.0,1,1,2,2
4864,4864,true_pair,1.0,1,1,45,45
4865,4865,true_pair,1.0,1,1,49,49
4866,4866,true_pair,1.0,1,1,45,45
4867,4867,true_pair,1.0,1,1,0,0
4868,4868,true_pair,1.0,1,1,5,5
4869,4869,true_pair,1.0,1,1,28,28
4870,4870,true_pair,1.0,1,1,16,16
4871,4871,true_pair,1.0,1,1,45,45
4872,4872,true_pair,1.0,1,1,23,23
4873,4873,true_pair,1.0,1,1,43,43
4874,4874,true_pair,1.0,1,1,8,8
4875,4875,true_pair,1.0,1,1,40,40
4876,4876,true_pair,1.0,1,1,10,10
4877,4877,true_pair,1.0,1,1,10,10
4878,4878,true_pair,1.0,1,1,15,15
4879,4879,true_pair,1.0,1,1,25,25
4880,4880,true_pair,1.0,1,1,38,38
4881,4881,true_pair,1.0,1,1,40,40
4882,4882,true_pair,1.0,1,1,29,29
4883,4883,true_pair,1.0,1,1,49,49
4884,4884,true_pair,1.0,1,1,43,43
4885,4885,true_pair,1.0,1,1,42,42
4886,4886,true_pair,1.0,1,1,0,0
4887,4887,true_pair,1.0,1,1,0,0
4888,4888,true_pair,1.0,1,1,31,31
4889,4889,true_pair,1.0,1,1,32,32
4890,4890,true_pair,1.0,1,1,44,44
4891,4891,true_pair,1.0,1,1,9,9
4892,4892,true_pair,1.0,1,1,0,0
4893,4893,true_pair,1.0,1,1,24,24
4894,4894,true_pair,1.0,1,1,14,14
4895,4895,true_pair,1.0,1,1,14,14
4896,4896,true_pair,1.0,1,1,39,39
4897,4897,true_pair,1.0,1,1,21,21
4898,4898,true_pair,1.0,1,1,46,46
4899,4899,true_pair,1.0,1,1,20,20
4900,4900,true_pair,1.0,1,1,29,29
4901,4901,true_pair,1.0,1,1,28,28
4902,4902,true_pair,1.0,1,1,5,5
4903,4903,true_pair,1.0,1,1,14,14
4904,4904,true_pair,1.0,1,1,38,38
4905,4905,true_pair,1.0,1,1,28,28
4906,4906,true_pair,1.0,1,1,35,35
4907,4907,true_pair,1.0,1,1,25,25
4908,4908,true_pair,1.0,1,1,21,21
4909,4909,true_pair,1.0,1,1,37,37
4910,4910,true_pair,1.0,1,1,34,34
4911,4911,true_pair,1.0,1,1,32,32
4912,4912,true_pair,1.0,1,1,5,5
4913,4913,true_pair,1.0,1,1,21,21
4914,4914,true_pair,1.0,1,1,4,4
4915,4915,true_pair,1.0,1,1,42,42
4916,4916,true_pair,1.0,1,1,11,11
4917,4917,true_pair,1.0,1,1,33,33
4918,4918,true_pair,1.0,1,1,47,47
4919,4919,true_pair,1.0,1,1,36,36
4920,4920,true_pair,1.0,1,1,44,44
4921,4921,true_pair,1.0,1,1,1,1
4922,4922,true_pair,1.0,1,1,37,37
4923,4923,true_pair,1.0,1,1,26,26
4924,4924,true_pair,1.0,1,1,35,35
4925,4925,true_pair,1.0,1,1,35,35
4926,4926,true_pair,1.0,1,1,9,9
4927,4927,true_pair,1.0,1,1,32,32
4928,4928,true_pair,1.0,1,1,18,18
4929,4929,true_pair,1.0,1,1,23,23
4930,4930,true_pair,1.0,1,1,48,48
4931,4931,true_pair,1.0,1,1,49,49
4932,4932,true_pair,1.0,1,1,8,8
4933,4933,true_pair,1.0,1,1,27,27
4934,4934,true_pair,1.0,1,1,29,29
4935,4935,true_pair,1.0,1,1,27,27
4936,4936,true_pair,1.0,1,1,45,45
4937,4937,true_pair,1.0,1,1,27,27
4938,4938,true_pair,1.0,1,1,15,15
4939,4939,true_pair,1.0,1,1,49,49
4940,4940,true_pair,1.0,1,1,13,13
4941,4941,true_pair,1.0,1,1,6,6
4942,4942,true_pair,1.0,1,1,35,35
4943,4943,true_pair,1.0,1,1,11,11
4944,4944,true_pair,1.0,1,1,25,25
4945,4945,true_pair,1.0,1,1,30,30
4946,4946,true_pair,1.0,1,1,15,15
4947,4947,true_pair,1.0,1,1,20,20
4948,4948,true_pair,1.0,1,1,19,19
4949,4949,true_pair,1.0,1,1,19,19
4950,4950,true_pair,1.0,1,1,31,31
4951,4951,true_pair,1.0,1,1,24,24
4952,4952,true_pair,1.0,1,1,38,38
4953,4953,true_pair,1.0,1,1,8,8
4954,4954,true_pair,1.0,1,1,1,1
4955,4955,true_pair,1.0,1,1,13,13
4956,4956,true_pair,1.0,1,1,48,48
4957,4957,true_pair,1.0,1,1,11,11
4958,4958,true_pair,1.0,1,1,44,44
4959,4959,true_pair,1.0,1,1,26,26
4960,4960,true_pair,1.0,1,1,36,36
4961,4961,true_pair,1.0,1,1,42,42
4962,4962,true_pair,1.0,1,1,9,9
4963,4963,true_pair,1.0,1,1,37,37
4964,4964,true_pair,1.0,1,1,36,36
4965,4965,true_pair,1.0,1,1,15,15
4966,4966,true_pair,1.0,1,1,27,27
4967,4967,true_pair,1.0,1,1,10,10
4968,4968,true_pair,1.0,1,1,27,27
4969,4969,true_pair,1.0,1,1,5,5
4970,4970,true_pair,1.0,1,1,8,8
4971,4971,true_pair,1.0,1,1,31,31
4972,4972,true_pair,1.0,1,1,15,15
4973,4973,true_pair,1.0,1,1,31,31
4974,4974,true_pair,1.0,1,1,46,46
4975,4975,true_pair,1.0,1,1,39,39
4976,4976,true_pair,1.0,1,1,24,24
4977,4977,true_pair,1.0,1,1,19,19
4978,4978,true_pair,1.0,1,1,49,49
4979,4979,true_pair,1.0,1,1,28,28
4980,4980,true_pair,1.0,1,1,2,2
4981,4981,true_pair,1.0,1,1,19,19
4982,4982,true_pair,1.0,1,1,32,32
4983,4983,true_pair,1.0,1,1,10,10
4984,4984,true_pair,1.0,1,1,33,33
4985,4985,true_pair,1.0,1,1,32,32
4986,4986,true_pair,1.0,1,1,40,40
4987,4987,true_pair,1.0,1,1,33,33
4988,4988,true_pair,1.0,1,1,37,37
4989,4989,true_pair,1.0,1,1,6,6
4990,4990,true_pair,1.0,1,1,21,21
4991,4991,true_pair,1.0,1,1,25,25
4992,4992,true_pair,1.0,1,1,25,25
4993,4993,true_pair,1.0,1,1,37,37
4994,4994,true_pair,1.0,1,1,49,49
4995,4995,true_pair,1.0,1,1,37,37
4996,4996,true_pair,1.0,1,1,41,41
4997,4997,true_pair,1.0,1,1,39,39
4998,4998,true_pair,1.0,1,1,2,2
4999,4999,true_pair,1.0,1,1,22,22
