a_id,b_id,pair_strategy,pair_score,is_true_pair,is_same_group,a_group_id,b_group_id
0,3772,metadata_similarity,0.9979178220602719,0,0,35,28
1,1265,metadata_similarity,0.9990837184779155,0,0,33,24
2,2251,metadata_similarity,0.999247362345749,0,0,28,45
3,548,metadata_similarity,0.998927063825203,0,1,25,25
4,3636,metadata_similarity,0.9995838426884389,0,1,43,43
5,3981,metadata_similarity,0.999035587427495,0,0,40,29
6,2693,metadata_similarity,0.9981894928284879,0,0,35,40
7,372,metadata_similarity,0.9994487466729428,0,0,15,27
8,3679,metadata_similarity,0.9978933769651123,0,0,20,37
9,4804,metadata_similarity,0.9997974029188631,0,0,27,29
10,2746,metadata_similarity,0.9993764137886181,0,0,3,24
11,2525,metadata_similarity,0.9999542147714569,0,0,2,11
12,406,metadata_similarity,0.9990717234275096,0,0,35,33
13,13,metadata_similarity,0.9995723911582931,1,1,36,36
14,58,metadata_similarity,0.9979784709147977,0,0,19,30
15,2212,metadata_similarity,0.9993140448553508,0,0,25,6
16,16,metadata_similarity,0.9996100368690449,1,1,5,5
17,1172,metadata_similarity,0.9992251091901775,0,1,46,46
18,1633,metadata_similarity,0.9999907020132709,0,0,18,27
19,4732,metadata_similarity,0.9987928748234914,0,0,44,47
20,785,metadata_similarity,0.9992153051604564,0,0,15,27
21,4303,metadata_similarity,0.9995309982709588,0,1,0,0
22,981,metadata_similarity,0.9999422240478703,0,0,46,47
23,4317,metadata_similarity,0.9945536151081839,0,0,42,26
24,4188,metadata_similarity,0.9994290276860094,0,0,10,25
25,2768,metadata_similarity,0.9989480864152607,0,1,28,28
26,3087,metadata_similarity,0.9984216116957447,0,0,25,5
27,3739,metadata_similarity,0.9999988379973431,0,0,5,49
28,4831,metadata_similarity,0.9987604771500913,0,0,23,44
29,4241,metadata_similarity,0.9999009918220482,0,0,10,4
30,14,metadata_similarity,0.999815112295861,0,0,30,19
31,31,metadata_similarity,0.9985081869249165,1,1,45,45
32,2837,metadata_similarity,0.9997490911483767,0,0,14,26
33,2536,metadata_similarity,0.9995969276132923,0,0,3,9
34,4339,metadata_similarity,0.9995379081809284,0,0,39,27
35,4094,metadata_similarity,0.9998281157480324,0,0,31,32
36,103,metadata_similarity,0.99958139452112,0,0,32,0
37,2678,metadata_similarity,0.9998339861917109,0,0,46,29
38,1284,metadata_similarity,0.998737064469676,0,0,10,6
39,3351,metadata_similarity,0.9997431061497826,0,0,45,44
40,40,metadata_similarity,0.9996596975452852,1,1,23,23
41,1246,metadata_similarity,0.999932812825998,0,0,10,9
42,42,metadata_similarity,0.9972545790291625,1,1,48,48
43,4245,metadata_similarity,0.9978492731786721,0,1,17,17
44,2710,metadata_similarity,0.9990675426642307,0,0,41,9
45,60,metadata_similarity,0.9996240857266936,0,0,23,20
46,4074,metadata_similarity,0.9994912956226946,0,0,43,30
47,1053,metadata_similarity,0.9996710953815819,0,0,37,18
48,946,metadata_similarity,0.998457445552442,0,0,6,20
49,928,metadata_similarity,0.9985752996467724,0,0,13,14
50,3107,metadata_similarity,0.9988392570349472,0,0,7,15
51,51,metadata_similarity,0.9993762131899908,1,1,1,1
52,1806,metadata_similarity,0.9972472807468205,0,0,26,22
53,710,metadata_similarity,0.9998407700133792,0,1,0,0
54,2258,metadata_similarity,0.9999183336424696,0,0,32,48
55,364,metadata_similarity,0.9994286879251619,0,1,13,13
56,2399,metadata_similarity,0.9999410350978591,0,0,22,29
57,4160,metadata_similarity,0.9995104649014643,0,0,17,23
58,14,metadata_similarity,0.9980713907162093,0,0,30,19
59,105,metadata_similarity,0.9977298340654638,0,0,5,21
60,4029,metadata_similarity,0.9996919667965907,0,0,20,33
61,3292,metadata_similarity,0.9998372772573035,0,0,28,34
62,2925,metadata_similarity,0.99939098303334,0,0,32,0
63,704,metadata_similarity,0.9956819062888126,0,0,5,21
64,1970,metadata_similarity,0.9980162143661304,0,0,27,37
65,1101,metadata_similarity,0.9996255766010987,0,0,6,0
66,1367,metadata_similarity,0.9996423322075477,0,0,33,41
67,2226,metadata_similarity,0.9995418086083929,0,0,35,34
68,2927,metadata_similarity,0.9998254485042186,0,0,8,24
69,2598,metadata_similarity,0.9990353387660028,0,0,22,26
70,453,metadata_similarity,0.9992297091647093,0,0,15,13
71,71,metadata_similarity,0.9869487579481442,1,1,35,35
72,2426,metadata_similarity,0.9977508862674894,0,0,31,11
73,3932,metadata_similarity,0.9940843286697701,0,0,10,19
74,2776,metadata_similarity,0.9987515985180943,0,0,33,13
75,1141,metadata_similarity,0.9993068616108082,0,0,36,41
76,2574,metadata_similarity,0.9975629910886418,0,0,47,42
77,3061,metadata_similarity,0.9992011426450329,0,0,10,4
78,3585,metadata_similarity,0.9996149607808554,0,0,2,35
79,1938,metadata_similarity,0.9998002685580754,0,0,28,41
80,3346,metadata_similarity,0.9995615192337087,0,0,44,38
81,1024,metadata_similarity,0.9996144686341963,0,0,20,3
82,3794,metadata_similarity,0.9995589892431463,0,1,9,9
83,1597,metadata_similarity,0.9999555777829692,0,0,1,2
84,389,metadata_similarity,0.999521727004705,0,0,15,21
85,4294,metadata_similarity,0.999124873895152,0,0,3,4
86,1048,metadata_similarity,0.9961686668262247,0,1,39,39
87,2217,metadata_similarity,0.9999631701636589,0,0,31,22
88,473,metadata_similarity,0.99841413482689,0,0,42,43
89,1255,metadata_similarity,0.9996140266365763,0,0,24,9
90,4718,metadata_similarity,0.9996278517962416,0,0,48,41
91,803,metadata_similarity,0.9993391791457114,0,0,20,19
92,2247,metadata_similarity,0.999795737203543,0,0,34,36
93,3817,metadata_similarity,0.9961171077833926,0,0,45,28
94,4648,metadata_similarity,0.9998318961151629,0,1,47,47
95,95,metadata_similarity,0.9980959006716268,1,1,38,38
96,4662,metadata_similarity,0.9995001406292132,0,1,11,11
97,554,metadata_similarity,0.9998736932335113,0,0,39,37
98,1980,metadata_similarity,0.9992683521994968,0,0,47,37
99,3336,metadata_similarity,0.9998857821688881,0,0,22,25
100,4864,metadata_similarity,0.9999878899103609,0,1,45,45
101,2040,metadata_similarity,0.9991397272528343,0,0,6,15
102,3927,metadata_similarity,0.9998434242677686,0,0,47,41
103,4639,metadata_similarity,0.9989249444882536,0,0,0,49
104,3663,metadata_similarity,0.9999454302123809,0,0,30,36
105,1198,metadata_similarity,0.999579163471435,0,0,21,14
106,2934,metadata_similarity,0.9987854291534329,0,0,29,22
107,3092,metadata_similarity,0.9993525183734346,0,1,2,2
108,3670,metadata_similarity,0.9996642983684463,0,1,10,10
109,3891,metadata_similarity,0.999956580702651,0,0,38,24
110,835,metadata_similarity,0.998657113005865,0,1,46,46
111,4771,metadata_similarity,0.9996189934854841,0,0,38,2
112,4969,metadata_similarity,0.9997146625749233,0,0,29,5
113,1271,metadata_similarity,0.9991630356258272,0,0,26,14
114,1677,metadata_similarity,0.9992211994996002,0,0,30,26
115,175,metadata_similarity,0.9995659266485115,0,0,38,34
116,4251,metadata_similarity,0.99953885819258,0,0,38,47
117,1696,metadata_similarity,0.9983596214803385,0,0,34,38
118,1539,metadata_similarity,0.9999807316122974,0,0,1,13
119,4053,metadata_similarity,0.9999765005996224,0,0,36,38
120,4490,metadata_similarity,0.998834282173539,0,0,0,4
121,4306,metadata_similarity,0.9995799539583609,0,1,34,34
122,122,metadata_similarity,0.9999735249074087,1,1,45,45
123,2920,metadata_similarity,0.999002406257449,0,0,29,35
124,1274,metadata_similarity,0.9992725649905012,0,0,1,6
125,2336,metadata_similarity,0.9997749871331466,0,0,44,31
126,2851,metadata_similarity,0.9982253490603266,0,0,20,1
127,1715,metadata_similarity,0.9994457633348287,0,0,8,28
128,2206,metadata_similarity,0.9998465441236509,0,1,29,29
129,2677,metadata_similarity,0.9997475761861767,0,0,34,35
130,4654,metadata_similarity,0.9989994874974865,0,0,6,14
131,3726,metadata_similarity,0.9989566267567275,0,0,1,16
132,1948,metadata_similarity,0.9982956825134608,0,0,49,31
133,2885,metadata_similarity,0.9997293856144939,0,1,12,12
134,2335,metadata_similarity,0.9995533309529252,0,0,45,47
135,3741,metadata_similarity,0.9975626240107054,0,1,8,8
136,2647,metadata_similarity,0.9999615646618354,0,0,40,30
137,667,metadata_similarity,0.9999058858793866,0,0,22,12
138,3835,metadata_similarity,0.999800646392916,0,0,39,25
139,4924,metadata_similarity,0.9989226680224638,0,0,41,35
140,4493,metadata_similarity,0.9998071977816843,0,0,31,41
141,1236,metadata_similarity,0.9995405987516802,0,0,46,36
142,55,metadata_similarity,0.9987514874993542,0,0,10,13
143,2215,metadata_similarity,0.998783361095147,0,0,21,24
144,1893,metadata_similarity,0.9994873714619182,0,1,9,9
145,387,metadata_similarity,0.9986487692987281,0,0,37,20
146,3777,metadata_similarity,0.9998275267814764,0,0,43,42
147,4662,metadata_similarity,0.9958322262594882,0,1,11,11
148,748,metadata_similarity,0.9990315451362957,0,0,49,39
149,2376,metadata_similarity,0.9999609915218215,0,0,30,43
150,2977,metadata_similarity,0.9995828524462701,0,0,33,24
151,4538,metadata_similarity,0.9999909483387628,0,1,1,1
152,4709,metadata_similarity,0.9984875380925917,0,0,34,27
153,3859,metadata_similarity,0.9998003594912426,0,0,17,26
154,3155,metadata_similarity,0.9993077409461311,0,0,14,22
155,2694,metadata_similarity,0.9998341936687971,0,0,43,39
156,199,metadata_similarity,0.9986873675560284,0,0,6,0
157,3410,metadata_similarity,0.9986564385967577,0,0,31,21
158,2041,metadata_similarity,0.9996272007179157,0,0,23,30
159,2340,metadata_similarity,0.9998367800541736,0,0,16,19
160,179,metadata_similarity,0.9997443764973944,0,1,16,16
161,4846,metadata_similarity,0.9995224468445221,0,0,16,23
162,3355,metadata_similarity,0.9996398731786572,0,1,8,8
163,4828,metadata_similarity,0.9995813163460792,0,0,13,25
164,3194,metadata_similarity,0.9969115438665538,0,0,48,33
165,4217,metadata_similarity,0.9999279004463993,0,1,32,32
166,3818,metadata_similarity,0.9994047424139318,0,0,10,11
167,3856,metadata_similarity,0.9999742684632452,0,1,36,36
168,4657,metadata_similarity,0.9998304128937076,0,0,32,10
169,1835,metadata_similarity,0.99961666997714,0,0,19,37
170,4863,metadata_similarity,0.9999688161334394,0,0,20,2
171,2686,metadata_similarity,0.9999237858609947,0,0,23,38
172,1641,metadata_similarity,0.9997111939639783,0,0,27,18
173,2548,metadata_similarity,0.9993066445723708,0,0,22,25
174,591,metadata_similarity,0.9976782503425671,0,0,48,39
175,95,metadata_similarity,0.9992683801240174,0,0,34,38
176,300,metadata_similarity,0.9979882560877148,0,0,28,3
177,2162,metadata_similarity,0.9987158326847221,0,0,2,11
178,2733,metadata_similarity,0.9999011745580176,0,0,7,21
179,4326,metadata_similarity,0.9997544677113565,0,0,16,0
180,2184,metadata_similarity,0.999662253273508,0,0,0,4
181,2524,metadata_similarity,0.9959537925159403,0,0,48,32
182,1828,metadata_similarity,0.9994014955584795,0,1,0,0
183,183,metadata_similarity,0.9995935159549313,1,1,6,6
184,630,metadata_similarity,0.999701036828806,0,0,31,41
185,185,metadata_similarity,0.9992516852811324,1,1,49,49
186,165,metadata_similarity,0.9999552191621599,0,1,32,32
187,568,metadata_similarity,0.9998296040637319,0,0,49,44
188,3986,metadata_similarity,0.9993394740951987,0,0,47,36
189,1110,metadata_similarity,0.9997344000849969,0,0,24,9
190,3142,metadata_similarity,0.9957551738990251,0,1,46,46
191,3602,metadata_similarity,0.9998733779702611,0,1,44,44
192,3688,metadata_similarity,0.9980826993913865,0,0,31,32
193,2387,metadata_similarity,0.9999466263256578,0,0,7,5
194,1201,metadata_similarity,0.9995542561571431,0,0,14,18
195,2195,metadata_similarity,0.999977455564115,0,0,29,22
196,627,metadata_similarity,0.9995604755756657,0,0,44,33
197,1478,metadata_similarity,0.9995431167399141,0,0,45,23
198,4381,metadata_similarity,0.9992576300611671,0,0,3,12
199,1964,metadata_similarity,0.9998846144717858,0,0,0,19
200,2814,metadata_similarity,0.9997166721015075,0,0,13,6
201,3084,metadata_similarity,0.9998890781995247,0,0,39,37
202,3080,metadata_similarity,0.9996484721796826,0,0,4,0
203,3582,metadata_similarity,0.9995005035012453,0,1,3,3
204,3882,metadata_similarity,0.9992858135207179,0,0,25,8
205,2479,metadata_similarity,0.999446399801544,0,1,45,45
206,2107,metadata_similarity,0.9978961872834161,0,0,49,48
207,3475,metadata_similarity,0.9999398059872207,0,0,5,29
208,1406,metadata_similarity,0.9999622721476388,0,0,38,33
209,3150,metadata_similarity,0.9975790053640073,0,0,45,42
210,1229,metadata_similarity,0.9998698764308436,0,0,16,37
211,1476,metadata_similarity,0.9980478092845824,0,0,27,14
212,4638,metadata_similarity,0.9996722264907596,0,0,36,2
213,362,metadata_similarity,0.9998899766304272,0,0,39,16
214,4256,metadata_similarity,0.9963969410941684,0,1,8,8
215,1733,metadata_similarity,0.9991022096984847,0,1,46,46
216,364,metadata_similarity,0.9999979130634299,0,0,4,13
217,1287,metadata_similarity,0.9997643949429558,0,0,24,23
218,3134,metadata_similarity,0.9995124639525546,0,0,39,31
219,3898,metadata_similarity,0.9993936633395549,0,0,19,2
220,393,metadata_similarity,0.9987344077520643,0,0,35,29
221,4218,metadata_similarity,0.9976050939766541,0,0,31,32
222,2911,metadata_similarity,0.9999735613991454,0,0,3,23
223,3335,metadata_similarity,0.9992330617435166,0,0,7,22
224,4549,metadata_similarity,0.9992778252879357,0,0,19,15
225,1445,metadata_similarity,0.9999505379290375,0,0,45,33
226,226,metadata_similarity,0.9995254391524804,1,1,48,48
227,2093,metadata_similarity,0.999799411528678,0,0,44,1
228,1737,metadata_similarity,0.9991053010662965,0,0,17,10
229,2718,metadata_similarity,0.9989655458648211,0,0,19,22
230,1770,metadata_similarity,0.9994167836579149,0,0,30,28
231,4703,metadata_similarity,0.9993553386485192,0,0,34,36
232,2569,metadata_similarity,0.9999189853877622,0,0,10,12
233,3215,metadata_similarity,0.9999376622438853,0,0,5,4
234,3840,metadata_similarity,0.9995198110657855,0,0,27,37
235,1552,metadata_similarity,0.9997715780220064,0,0,11,2
236,347,metadata_similarity,0.9989863267291299,0,1,30,30
237,3273,metadata_similarity,0.9991752458176364,0,0,37,46
238,4686,metadata_similarity,0.9790736255539656,0,0,48,41
239,1458,metadata_similarity,0.9963608050577392,0,0,48,49
240,950,metadata_similarity,0.9996147816265407,0,0,15,16
241,2502,metadata_similarity,0.9893704620510774,0,0,4,1
242,1652,metadata_similarity,0.9999540013521983,0,0,33,23
243,4369,metadata_similarity,0.9993490187761682,0,0,18,16
244,3141,metadata_similarity,0.9992683275394284,0,1,39,39
245,245,metadata_similarity,0.9998357049786322,1,1,11,11
246,246,metadata_similarity,0.9997710267114456,1,1,22,22
247,2340,metadata_similarity,0.9999685214952798,0,0,15,19
248,248,metadata_similarity,0.9991609239305635,1,1,29,29
249,1277,metadata_similarity,0.9997368849419004,0,0,48,49
250,4279,metadata_similarity,0.9985482314831294,0,0,7,34
251,251,metadata_similarity,0.9985298057471549,1,1,31,31
252,2319,metadata_similarity,0.9985132507456621,0,0,30,39
253,3805,metadata_similarity,0.9988388138801181,0,1,43,43
254,4334,metadata_similarity,0.9996941895632078,0,1,37,37
255,281,metadata_similarity,0.9997284809189422,0,0,31,41
256,256,metadata_similarity,0.9984485607716314,1,1,43,43
257,2658,metadata_similarity,0.9997962035456083,0,1,39,39
258,1138,metadata_similarity,0.9998748372470357,0,0,10,18
259,259,metadata_similarity,0.9997287783586432,1,1,19,19
260,1125,metadata_similarity,0.998356743698846,0,0,38,44
261,2816,metadata_similarity,0.9999545733708463,0,0,41,47
262,2193,metadata_similarity,0.999054569303382,0,0,16,4
263,3396,metadata_similarity,0.9985547147122339,0,0,49,26
264,3351,metadata_similarity,0.9973406512460603,0,0,38,44
265,2803,metadata_similarity,0.9989584757747203,0,0,7,24
266,2979,metadata_similarity,0.9994265646727877,0,0,39,18
267,267,metadata_similarity,0.9999999107954499,1,1,30,30
268,360,metadata_similarity,0.9979090405383694,0,0,2,17
269,1814,metadata_similarity,0.9980952702521293,0,0,29,39
270,3847,metadata_similarity,0.9994596032439915,0,1,11,11
271,4706,metadata_similarity,0.99979302748169,0,0,35,16
272,3090,metadata_similarity,0.9999026842424981,0,0,17,18
273,1259,metadata_similarity,0.9942799566319289,0,0,37,46
274,2372,metadata_similarity,0.9998288897606695,0,0,45,38
275,275,metadata_similarity,0.9938548848135998,1,1,36,36
276,4353,metadata_similarity,0.9989022911236191,0,0,4,30
277,3293,metadata_similarity,0.9958966946023421,0,0,14,9
278,3456,metadata_similarity,0.9960720818137103,0,0,17,8
279,3250,metadata_similarity,0.9994052693093441,0,0,45,47
280,4256,metadata_similarity,0.9986677467610073,0,0,3,8
281,184,metadata_similarity,0.9954874197501349,0,0,41,31
282,2015,metadata_similarity,0.9940372427503947,0,0,29,4
283,2972,metadata_similarity,0.9987661670439031,0,1,49,49
284,402,metadata_similarity,0.9999727879040455,0,1,8,8
285,285,metadata_similarity,0.9976467592982129,1,1,17,17
286,1042,metadata_similarity,0.9991686967190305,0,0,9,3
287,152,metadata_similarity,0.9998889111141648,0,0,27,34
288,2840,metadata_similarity,0.9998300079611755,0,1,33,33
289,1674,metadata_similarity,0.9993106972513023,0,0,27,15
290,2060,metadata_similarity,0.9993735266857346,0,0,24,16
291,291,metadata_similarity,0.9989967109583381,1,1,46,46
292,1688,metadata_similarity,0.999990719101619,0,0,7,17
293,4916,metadata_similarity,0.9999838024927045,0,1,11,11
294,4955,metadata_similarity,0.9999578611340895,0,0,16,13
295,295,metadata_similarity,0.9995892049539645,1,1,15,15
296,2168,metadata_similarity,0.9980370603016434,0,0,29,43
297,2163,metadata_similarity,0.9999941395541098,0,0,24,20
298,3090,metadata_similarity,0.9989041257389073,0,0,17,18
299,3915,metadata_similarity,0.9981720793714658,0,1,12,12
300,3229,metadata_similarity,0.9990144563560637,0,0,3,28
301,4307,metadata_similarity,0.9992514885974522,0,0,47,41
302,1049,metadata_similarity,0.9985421533663886,0,0,35,34
303,303,metadata_similarity,0.9971524612002917,1,1,47,47
304,2346,metadata_similarity,0.9971863932659328,0,1,34,34
305,3967,metadata_similarity,0.9969845437852322,0,0,8,28
306,309,metadata_similarity,0.9969796443792218,0,1,6,6
307,3665,metadata_similarity,0.9990185584912116,0,1,40,40
308,1347,metadata_similarity,0.9998039953103185,0,1,18,18
309,124,metadata_similarity,0.999878157600809,0,0,6,1
310,2963,metadata_similarity,0.9990071180992534,0,0,2,3
311,2311,metadata_similarity,0.999495575035831,0,0,31,32
312,312,metadata_similarity,0.9995474639058511,1,1,31,31
313,2593,metadata_similarity,0.9940906672496898,0,0,14,17
314,679,metadata_similarity,0.9997581358665539,0,1,11,11
315,2056,metadata_similarity,0.9994355418969542,0,0,21,35
316,2809,metadata_similarity,0.9980609109272153,0,0,43,27
317,708,metadata_similarity,0.996631253880139,0,0,7,22
318,2805,metadata_similarity,0.9983142110450274,0,0,42,44
319,111,metadata_similarity,0.9996931499330017,0,0,23,38
320,1024,metadata_similarity,0.9996958701759735,0,0,23,3
321,1902,metadata_similarity,0.9989733992181391,0,0,15,20
322,4338,metadata_similarity,0.999685745095193,0,0,40,42
323,11,metadata_similarity,0.9996176281729531,0,0,1,2
324,4429,metadata_similarity,0.9996937224715127,0,0,19,47
325,4404,metadata_similarity,0.9977951982418384,0,0,5,8
326,4578,metadata_similarity,0.9999690812851725,0,0,43,49
327,3903,metadata_similarity,0.9987422692559038,0,0,34,47
328,974,metadata_similarity,0.9997145837996791,0,0,24,43
329,147,metadata_similarity,0.9973957518409566,0,1,11,11
330,2066,metadata_similarity,0.9997937412755689,0,0,35,36
331,3463,metadata_similarity,0.9992727234119099,0,0,47,45
332,2755,metadata_similarity,0.9983915048257418,0,0,15,39
333,3832,metadata_similarity,0.9988543765679986,0,0,24,19
334,1159,metadata_similarity,0.9989306448671047,0,1,12,12
335,4494,metadata_similarity,0.9976627014925544,0,0,0,13
336,720,metadata_similarity,0.9993188605395293,0,0,21,46
337,2897,metadata_similarity,0.9990409622797949,0,0,23,9
338,1061,metadata_similarity,0.9990858879784372,0,0,29,48
339,1921,metadata_similarity,0.9996952267710335,0,0,6,9
340,4648,metadata_similarity,0.9988618954666469,0,1,47,47
341,2341,metadata_similarity,0.9985882704270539,0,0,41,23
342,4625,metadata_similarity,0.9976902185715381,0,0,11,6
343,128,metadata_similarity,0.9995431924958333,0,0,4,29
344,2693,metadata_similarity,0.9998569699628569,0,0,25,40
345,4964,metadata_similarity,0.9997918259756547,0,0,19,36
346,2603,metadata_similarity,0.9990882582468413,0,0,26,38
347,4414,metadata_similarity,0.9999418941648771,0,0,30,22
348,1308,metadata_similarity,0.9992364777374515,0,0,35,39
349,1225,metadata_similarity,0.9998911436487209,0,1,46,46
350,4106,metadata_similarity,0.9998025926287157,0,0,32,10
351,169,metadata_similarity,0.996745840357709,0,0,20,19
352,2777,metadata_similarity,0.9994543707622685,0,0,3,30
353,205,metadata_similarity,0.9999069794259562,0,0,44,45
354,2336,metadata_similarity,0.9998961156675256,0,0,17,31
355,2748,metadata_similarity,0.9888752965212357,0,0,19,0
356,143,metadata_similarity,0.999843855553353,0,0,18,21
357,454,metadata_similarity,0.9998871259060497,0,0,7,23
358,1296,metadata_similarity,0.9994982851300467,0,0,24,23
359,3291,metadata_similarity,0.998526073719664,0,0,10,0
360,360,metadata_similarity,0.9992636973835695,1,1,17,17
361,1366,metadata_similarity,0.9991296199441849,0,0,11,36
362,2241,metadata_similarity,0.9994578366437102,0,0,16,20
363,2794,metadata_similarity,0.998608386680346,0,0,1,14
364,2513,metadata_similarity,0.9999988328725324,0,0,13,4
365,1546,metadata_similarity,0.9998414114586222,0,0,38,40
366,3285,metadata_similarity,0.9987835237203752,0,0,40,33
367,1720,metadata_similarity,0.9993176358962683,0,0,5,26
368,1694,metadata_similarity,0.9995369472248885,0,0,24,18
369,4867,metadata_similarity,0.9960882322317937,0,1,0,0
370,2859,metadata_similarity,0.9993290855057195,0,0,33,28
371,2974,metadata_similarity,0.999738606660436,0,0,18,16
372,893,metadata_similarity,0.9994323259873588,0,0,27,19
373,4594,metadata_similarity,0.9996669691564838,0,0,18,15
374,1303,metadata_similarity,0.9986850197015011,0,0,19,32
375,4375,metadata_similarity,0.9990996780409319,0,0,13,21
376,1020,metadata_similarity,0.9998618829257875,0,0,36,14
377,3023,metadata_similarity,0.9997852233502006,0,0,45,49
378,3165,metadata_similarity,0.9983461781245725,0,0,3,35
379,3239,metadata_similarity,0.9997986886820277,0,0,13,21
380,1662,metadata_similarity,0.9993648604711705,0,0,34,29
381,4053,metadata_similarity,0.9998608947854971,0,0,41,38
382,3337,metadata_similarity,0.9985146425744974,0,0,29,42
383,609,metadata_similarity,0.9989092250386488,0,1,33,33
384,256,metadata_similarity,0.9994898678344663,0,0,48,43
385,4629,metadata_similarity,0.9985987416068031,0,0,10,17
386,3718,metadata_similarity,0.9999107041187353,0,1,26,26
387,555,metadata_similarity,0.9997053225825282,0,0,20,32
388,1928,metadata_similarity,0.9984426813467212,0,1,34,34
389,307,metadata_similarity,0.9999690896186887,0,0,21,40
390,3016,metadata_similarity,0.9996908539648646,0,0,13,19
391,1977,metadata_similarity,0.9986350328942877,0,0,27,7
392,4973,metadata_similarity,0.9985920031703343,0,0,32,31
393,356,metadata_similarity,0.9971612054644492,0,0,29,18
394,4317,metadata_similarity,0.9965402853547186,0,0,33,26
395,721,metadata_similarity,0.9981868807939548,0,0,33,45
396,379,metadata_similarity,0.9960991988205842,0,0,27,13
397,4538,metadata_similarity,0.9996243736609953,0,0,19,1
398,398,metadata_similarity,0.998166779026153,1,1,36,36
399,4164,metadata_similarity,0.9987332489966524,0,0,16,11
400,400,metadata_similarity,0.9993028515452123,1,1,10,10
401,3994,metadata_similarity,0.999951017231824,0,0,27,13
402,402,metadata_similarity,0.9994623327941923,1,1,8,8
403,3977,metadata_similarity,0.9980755570417371,0,0,34,42
404,4916,metadata_similarity,0.9994347130168151,0,1,11,11
405,3721,metadata_similarity,0.9988106870815848,0,0,46,48
406,4547,metadata_similarity,0.9991076487576328,0,0,33,28
407,597,metadata_similarity,0.9984739879906964,0,0,48,39
408,408,metadata_similarity,0.988908851442874,1,1,20,20
409,4396,metadata_similarity,0.9963807045530698,0,1,41,41
410,587,metadata_similarity,0.9986467881040036,0,0,5,8
411,2856,metadata_similarity,0.9991288393381528,0,1,9,9
412,1842,metadata_similarity,0.9994939037196249,0,0,12,5
413,4257,metadata_similarity,0.9993775844195547,0,0,28,35
414,2513,metadata_similarity,0.9999094381116457,0,1,4,4
415,1276,metadata_similarity,0.9967716209290723,0,0,14,34
416,3378,metadata_similarity,0.9992845720213056,0,1,49,49
417,417,metadata_similarity,0.9999891681395193,1,1,4,4
418,592,metadata_similarity,0.9998821974628984,0,0,15,16
419,4964,metadata_similarity,0.9999321726246524,0,0,46,36
420,3776,metadata_similarity,0.9981301766877146,0,0,19,22
421,260,metadata_similarity,0.9994095124253972,0,0,44,38
422,37,metadata_similarity,0.9993096671899953,0,0,43,46
423,2200,metadata_similarity,0.9991528584993918,0,1,29,29
424,4086,metadata_similarity,0.9996510721107075,0,0,0,6
425,3709,metadata_similarity,0.9980573056909762,0,0,33,44
426,2415,metadata_similarity,0.9985582247206621,0,0,2,9
427,427,metadata_similarity,0.9999403258591592,1,1,26,26
428,3503,metadata_similarity,0.9987163891309223,0,0,48,33
429,1108,metadata_similarity,0.998378356000937,0,0,12,25
430,1875,metadata_similarity,0.9974287759040138,0,1,11,11
431,3950,metadata_similarity,0.9992352214357192,0,0,36,7
432,1047,metadata_similarity,0.9997992887970333,0,0,6,15
433,3280,metadata_similarity,0.9993030361478958,0,0,8,9
434,2639,metadata_similarity,0.9998531134893142,0,0,45,44
435,4205,metadata_similarity,0.9989570648864756,0,0,18,38
436,3007,metadata_similarity,0.9917931048590003,0,0,22,48
437,4972,metadata_similarity,0.9990290887547035,0,0,19,15
438,4826,metadata_similarity,0.9984075625956133,0,1,40,40
439,162,metadata_similarity,0.9998702422364265,0,0,9,8
440,4903,metadata_similarity,0.99969417052545,0,0,18,14
441,355,metadata_similarity,0.9962422523548428,0,0,2,19
442,938,metadata_similarity,0.9999274999087142,0,0,24,20
443,577,metadata_similarity,0.9991175275200831,0,1,29,29
444,2350,metadata_similarity,0.9996329396389532,0,0,10,15
445,357,metadata_similarity,0.9992926172191321,0,0,17,7
446,3892,metadata_similarity,0.9973621034207588,0,0,39,37
447,2589,metadata_similarity,0.9987554136748885,0,1,37,37
448,164,metadata_similarity,0.9988312402274065,0,0,33,48
449,2461,metadata_similarity,0.9999353936430554,0,0,3,4
450,1995,metadata_similarity,0.9993318556128052,0,0,4,16
451,451,metadata_similarity,0.9985868182818182,1,1,3,3
452,1519,metadata_similarity,0.9999080478113487,0,0,24,8
453,1693,metadata_similarity,0.998389785328461,0,0,13,43
454,357,metadata_similarity,0.9983843751971097,0,0,23,7
455,2682,metadata_similarity,0.9984513079223144,0,0,6,13
456,1850,metadata_similarity,0.9995184063388762,0,0,48,44
457,352,metadata_similarity,0.9989924448348304,0,0,12,3
458,4838,metadata_similarity,0.9994695683991713,0,0,17,31
459,1830,metadata_similarity,0.9999578604360425,0,0,19,36
460,2211,metadata_similarity,0.9999425766730516,0,0,43,29
461,3734,metadata_similarity,0.9984706646506976,0,1,31,31
462,776,metadata_similarity,0.9990062715595556,0,0,49,27
463,622,metadata_similarity,0.9989076744559271,0,0,43,36
464,3183,metadata_similarity,0.9987905808512647,0,0,36,19
465,3081,metadata_similarity,0.9992281519677407,0,0,30,40
466,3230,metadata_similarity,0.9998288772300566,0,0,27,36
467,3137,metadata_similarity,0.9972107775472866,0,0,42,25
468,2232,metadata_similarity,0.9990362223421159,0,0,36,14
469,4830,metadata_similarity,0.9996393208753788,0,0,33,45
470,483,metadata_similarity,0.9991032904517321,0,0,29,22
471,2801,metadata_similarity,0.9988868702271023,0,0,30,5
472,1039,metadata_similarity,0.9995691846968758,0,0,22,17
473,1564,metadata_similarity,0.9974117142362899,0,0,43,44
474,3251,metadata_similarity,0.9982783623761732,0,0,14,41
475,4787,metadata_similarity,0.9994863141054133,0,0,16,39
476,665,metadata_similarity,0.9999224138712308,0,0,16,15
477,13,metadata_similarity,0.9990537776375361,0,0,14,36
478,3729,metadata_similarity,0.9995578478793301,0,0,45,38
479,2544,metadata_similarity,0.9998168780504131,0,0,20,35
480,4464,metadata_similarity,0.9969537447274037,0,0,31,26
481,779,metadata_similarity,0.9998081334178454,0,0,16,29
482,4525,metadata_similarity,0.9996998047493927,0,0,12,3
483,443,metadata_similarity,0.999141700491139,0,0,22,29
484,3932,metadata_similarity,0.996530722163551,0,0,13,19
485,2219,metadata_similarity,0.9999298165328776,0,0,16,22
486,4808,metadata_similarity,0.9987328314843256,0,0,25,27
487,1484,metadata_similarity,0.99499726042167,0,1,10,10
488,488,metadata_similarity,0.9994478249768043,1,1,15,15
489,3071,metadata_similarity,0.9978915936045423,0,0,17,20
490,282,metadata_similarity,0.9999047209442246,0,0,26,29
491,491,metadata_similarity,0.9987885395137076,1,1,22,22
492,369,metadata_similarity,0.9977902977374499,0,1,0,0
493,2614,metadata_similarity,0.9995242323627371,0,1,11,11
494,2163,metadata_similarity,0.9998386286197161,0,0,33,20
495,2874,metadata_similarity,0.9993088126269724,0,0,35,28
496,3097,metadata_similarity,0.9996145624573345,0,1,45,45
497,3002,metadata_similarity,0.9997086249436734,0,0,43,44
498,4093,metadata_similarity,0.9999080634881761,0,0,39,46
499,1168,metadata_similarity,0.9999855657233309,0,0,8,22
500,2412,metadata_similarity,0.9998479545923473,0,0,30,35
501,1984,metadata_similarity,0.9991734832307958,0,0,6,30
502,3630,metadata_similarity,0.9978075719483351,0,0,5,26
503,503,metadata_similarity,0.9992347494052665,1,1,26,26
504,164,metadata_similarity,0.9991075845482769,0,0,44,48
505,4035,metadata_similarity,0.9998814160134972,0,0,47,31
506,2678,metadata_similarity,0.999725188827306,0,0,39,29
507,3874,metadata_similarity,0.9999695807607735,0,1,27,27
508,162,metadata_similarity,0.9994822843316946,0,0,28,8
509,1169,metadata_similarity,0.9989792093895077,0,0,49,38
510,1362,metadata_similarity,0.9981776820742893,0,0,48,24
511,4194,metadata_similarity,0.999347520576038,0,0,20,0
512,4022,metadata_similarity,0.9996569506211095,0,0,32,17
513,1932,metadata_similarity,0.9972865156573396,0,1,49,49
514,514,metadata_similarity,0.9999653583344109,1,1,14,14
515,2440,metadata_similarity,0.9999003650666436,0,0,23,2
516,3441,metadata_similarity,0.9977636964592271,0,0,8,3
517,352,metadata_similarity,0.9996329595529349,0,0,12,3
518,518,metadata_similarity,0.9999462952454977,1,1,6,6
519,4280,metadata_similarity,0.998304386948426,0,0,41,38
520,2881,metadata_similarity,0.9992686168589406,0,1,3,3
521,3783,metadata_similarity,0.998557568322321,0,1,20,20
522,3610,metadata_similarity,0.998673125243628,0,1,15,15
523,2820,metadata_similarity,0.9999978891304193,0,1,9,9
524,49,metadata_similarity,0.997116619987407,0,0,15,13
525,372,metadata_similarity,0.9996556004629001,0,0,15,27
526,3747,metadata_similarity,0.9993458792267976,0,0,31,19
527,1828,metadata_similarity,0.9999936778231658,0,1,0,0
528,1325,metadata_similarity,0.9998598888388592,0,0,33,24
529,1255,metadata_similarity,0.9984570716379404,0,0,24,9
530,971,metadata_similarity,0.9994727237032154,0,0,8,48
531,2797,metadata_similarity,0.9994294364698499,0,0,7,2
532,1468,metadata_similarity,0.9998564242402463,0,1,41,41
533,2350,metadata_similarity,0.999692947104031,0,0,10,15
534,4273,metadata_similarity,0.9991200826350969,0,0,3,12
535,1411,metadata_similarity,0.9996949100013421,0,1,37,37
536,3074,metadata_similarity,0.9962516468304444,0,0,46,19
537,537,metadata_similarity,0.9989404616546713,1,1,8,8
538,4482,metadata_similarity,0.9988456673099344,0,0,27,14
539,1535,metadata_similarity,0.9999330541190343,0,0,29,22
540,4313,metadata_similarity,0.9999352945680856,0,0,21,23
541,1332,metadata_similarity,0.9993388446685499,0,1,45,45
542,1325,metadata_similarity,0.9988350337021115,0,0,23,24
543,836,metadata_similarity,0.9989945932507188,0,0,22,18
544,436,metadata_similarity,0.9964646932167947,0,0,48,22
545,3575,metadata_similarity,0.9994926484159583,0,0,34,30
546,1497,metadata_similarity,0.999522845466021,0,0,40,15
547,3171,metadata_similarity,0.9999290697995886,0,0,42,29
548,552,metadata_similarity,0.9998952639907092,0,1,25,25
549,3435,metadata_similarity,0.9979744710051922,0,0,33,18
550,2230,metadata_similarity,0.9989512494261935,0,0,46,22
551,4464,metadata_similarity,0.9998846333164951,0,0,31,26
552,548,metadata_similarity,0.9997046191187695,0,1,25,25
553,3439,metadata_similarity,0.9997154606638083,0,0,26,42
554,4373,metadata_similarity,0.9997282676216012,0,1,37,37
555,4629,metadata_similarity,0.9985323870193815,0,0,32,17
556,1653,metadata_similarity,0.9999557889098761,0,0,24,33
557,4350,metadata_similarity,0.997695164509107,0,0,12,10
558,3023,metadata_similarity,0.9979057916433506,0,0,38,49
559,1247,metadata_similarity,0.9985626615388709,0,0,40,39
560,560,metadata_similarity,0.9997892259732113,1,1,33,33
561,1262,metadata_similarity,0.9999355353012276,0,0,2,1
562,4399,metadata_similarity,0.9997885776891902,0,1,4,4
563,3385,metadata_similarity,0.9997914411549508,0,0,43,39
564,1273,metadata_similarity,0.9970265181760299,0,0,23,42
565,554,metadata_similarity,0.9999873691825623,0,0,40,37
566,3837,metadata_similarity,0.9990927432421366,0,0,39,36
567,2788,metadata_similarity,0.9989967705624544,0,0,45,28
568,4578,metadata_similarity,0.9995375860790591,0,0,44,49
569,2519,metadata_similarity,0.9989534094375018,0,0,43,26
570,3300,metadata_similarity,0.9996102608180487,0,1,18,18
571,10,metadata_similarity,0.9995746753047008,0,0,33,3
572,3390,metadata_similarity,0.9988386996524541,0,0,39,15
573,3735,metadata_similarity,0.998265600750981,0,0,17,31
574,19,metadata_similarity,0.9966782915771152,0,0,47,44
575,4311,metadata_similarity,0.9981593693179943,0,1,20,20
576,2520,metadata_similarity,0.9996756477922089,0,0,36,14
577,1061,metadata_similarity,0.9995401544243679,0,0,29,48
578,1889,metadata_similarity,0.9997851593945775,0,0,46,43
579,1672,metadata_similarity,0.9990887726511888,0,0,17,34
580,2075,metadata_similarity,0.9998831632027659,0,0,44,38
581,4528,metadata_similarity,0.9988593757722285,0,0,38,47
582,4744,metadata_similarity,0.9998836827741636,0,0,23,1
583,4783,metadata_similarity,0.9991719515536606,0,1,11,11
584,3476,metadata_similarity,0.9996779568663967,0,0,37,39
585,2529,metadata_similarity,0.9977405696574498,0,0,4,17
586,1560,metadata_similarity,0.99979428776296,0,0,2,11
587,1822,metadata_similarity,0.9966100250813057,0,0,8,26
588,3432,metadata_similarity,0.9986528669391355,0,0,10,17
589,589,metadata_similarity,0.9961389051268877,1,1,4,4
590,3692,metadata_similarity,0.9993078477398613,0,0,49,42
591,3399,metadata_similarity,0.9997593644334132,0,0,39,21
592,950,metadata_similarity,0.9991651558605744,0,1,16,16
593,151,metadata_similarity,0.9991180357834014,0,1,1,1
594,3075,metadata_similarity,0.9998720270260196,0,0,21,26
595,1230,metadata_similarity,0.9984085453020823,0,0,49,42
596,4604,metadata_similarity,0.9999321016615554,0,1,2,2
597,728,metadata_similarity,0.9997954028051875,0,0,39,48
598,3209,metadata_similarity,0.9980892986792966,0,0,28,35
599,491,metadata_similarity,0.9991511484690964,0,0,26,22
600,3175,metadata_similarity,0.9987706720685651,0,0,37,20
601,3907,metadata_similarity,0.9999376365808257,0,1,3,3
602,1732,metadata_similarity,0.999558428818014,0,0,13,4
603,1346,metadata_similarity,0.9952632907089562,0,0,38,6
604,354,metadata_similarity,0.9998594630501152,0,0,41,17
605,3973,metadata_similarity,0.9993838186874177,0,0,9,38
606,3849,metadata_similarity,0.9996787039679467,0,0,41,36
607,2407,metadata_similarity,0.9998767307140741,0,0,22,31
608,150,metadata_similarity,0.9992061512202383,0,0,49,33
609,3673,metadata_similarity,0.9999645078287592,0,0,33,48
610,1782,metadata_similarity,0.9991423467483698,0,1,42,42
611,1241,metadata_similarity,0.9990688593264875,0,0,22,26
612,3997,metadata_similarity,0.998301358998722,0,0,18,5
613,4678,metadata_similarity,0.9982504208138011,0,0,48,32
614,566,metadata_similarity,0.9993394279477339,0,0,46,39
615,1109,metadata_similarity,0.9999929851768098,0,0,9,23
616,616,metadata_similarity,0.9996784651754198,1,1,49,49
617,1255,metadata_similarity,0.9992817565416333,0,0,24,9
618,2554,metadata_similarity,0.9999755667573715,0,0,0,32
619,3804,metadata_similarity,0.998285426177702,0,0,11,20
620,3386,metadata_similarity,0.9992872061722162,0,1,1,1
621,3752,metadata_similarity,0.9997538119092217,0,0,1,2
622,4324,metadata_similarity,0.9999499536407839,0,0,36,47
623,1523,metadata_similarity,0.9995592871224247,0,0,23,9
624,1717,metadata_similarity,0.9991926539890447,0,0,4,15
625,4025,metadata_similarity,0.9998375874529085,0,0,22,4
626,4017,metadata_similarity,0.9989115254639148,0,0,3,9
627,326,metadata_similarity,0.9997276003357654,0,0,33,43
628,2932,metadata_similarity,0.9994123689473677,0,1,49,49
629,122,metadata_similarity,0.9997130822368074,0,0,38,45
630,3228,metadata_similarity,0.9995902876443392,0,0,41,31
631,1308,metadata_similarity,0.9968114725388608,0,0,18,39
632,3047,metadata_similarity,0.9979083282099193,0,0,23,17
633,2766,metadata_similarity,0.9999423528194875,0,0,25,39
634,634,metadata_similarity,0.998922132359448,1,1,1,1
635,693,metadata_similarity,0.9973390610178444,0,0,23,32
636,778,metadata_similarity,0.9998188358251116,0,0,7,14
637,4838,metadata_similarity,0.9984975751130537,0,0,7,31
638,4281,metadata_similarity,0.9992664025899491,0,0,30,34
639,4633,metadata_similarity,0.9998851495676679,0,0,28,10
640,964,metadata_similarity,0.9997655723960783,0,0,1,6
641,3122,metadata_similarity,0.9992158551392917,0,0,46,1
642,642,metadata_similarity,0.9998015252753345,1,1,44,44
643,643,metadata_similarity,0.9994630965319974,1,1,41,41
644,3445,metadata_similarity,0.9998370980202559,0,0,17,34
645,4756,metadata_similarity,0.9991270961537162,0,0,17,7
646,2500,metadata_similarity,0.9997091202298245,0,0,7,21
647,3401,metadata_similarity,0.999931374609306,0,0,9,3
648,3480,metadata_similarity,0.9975058996941718,0,0,2,1
649,3548,metadata_similarity,0.9999136059026439,0,0,44,24
650,2369,metadata_similarity,0.9973642520544269,0,0,49,42
651,4416,metadata_similarity,0.9998740915372052,0,0,18,16
652,3334,metadata_similarity,0.9962547376243271,0,0,32,19
653,2728,metadata_similarity,0.9961004973607092,0,1,31,31
654,2209,metadata_similarity,0.9976318236973405,0,0,7,26
655,1376,metadata_similarity,0.9992640558674242,0,0,37,17
656,2673,metadata_similarity,0.9965530928151141,0,0,43,19
657,2773,metadata_similarity,0.999534819050679,0,0,16,30
658,3614,metadata_similarity,0.9999272948388633,0,0,34,38
659,2129,metadata_similarity,0.9946754782246827,0,0,11,6
660,3017,metadata_similarity,0.9997161511763217,0,0,36,30
661,4451,metadata_similarity,0.9999996708685115,0,0,10,0
662,3610,metadata_similarity,0.9995811017886524,0,0,22,15
663,1059,metadata_similarity,0.9880683597955927,0,1,1,1
664,2360,metadata_similarity,0.9998458744975263,0,0,21,15
665,1138,metadata_similarity,0.9988309121760723,0,0,15,18
666,1034,metadata_similarity,0.999045021327215,0,1,2,2
667,3220,metadata_similarity,0.9998935296619973,0,0,12,29
668,2654,metadata_similarity,0.9996752637961176,0,0,48,24
669,2239,metadata_similarity,0.99890223020896,0,0,22,32
670,455,metadata_similarity,0.9999239026456881,0,0,1,6
671,4354,metadata_similarity,0.9994818183345973,0,0,14,27
672,806,metadata_similarity,0.9845049353657664,0,0,31,13
673,2188,metadata_similarity,0.9992868595634732,0,0,20,18
674,1885,metadata_similarity,0.9980092622361679,0,0,22,26
675,4083,metadata_similarity,0.999900787516858,0,0,4,13
676,4582,metadata_similarity,0.9982721026873447,0,0,28,33
677,2706,metadata_similarity,0.9980999050475969,0,0,10,4
678,2486,metadata_similarity,0.9996800159318736,0,0,43,14
679,1366,metadata_similarity,0.99846657501228,0,0,11,36
680,2440,metadata_similarity,0.999466323002603,0,0,11,2
681,1869,metadata_similarity,0.9998598192257767,0,0,30,28
682,3518,metadata_similarity,0.9995030651493567,0,0,13,7
683,834,metadata_similarity,0.997451807673074,0,0,32,46
684,530,metadata_similarity,0.9993765141698873,0,0,25,8
685,332,metadata_similarity,0.9995072742212583,0,0,29,15
686,686,metadata_similarity,0.9911168821567078,1,1,32,32
687,2248,metadata_similarity,0.9991028274843298,0,0,10,6
688,4535,metadata_similarity,0.999215273383251,0,0,35,3
689,3083,metadata_similarity,0.9999002020049111,0,0,35,38
690,4507,metadata_similarity,0.9986804116808278,0,1,12,12
691,4297,metadata_similarity,0.9996785051744665,0,0,42,47
692,1137,metadata_similarity,0.9989706515399338,0,1,12,12
693,4717,metadata_similarity,0.99842218691153,0,0,32,25
694,4494,metadata_similarity,0.9983089316830571,0,1,13,13
695,976,metadata_similarity,0.9983352251071467,0,0,25,12
696,1111,metadata_similarity,0.999777808807877,0,0,22,37
697,4602,metadata_similarity,0.9995668258852404,0,0,1,2
698,2426,metadata_similarity,0.9989968997539131,0,0,30,11
699,4575,metadata_similarity,0.9960632304494804,0,0,35,25
700,2382,metadata_similarity,0.9971922586043354,0,1,10,10
701,472,metadata_similarity,0.9989605414939072,0,0,10,22
702,1712,metadata_similarity,0.9995380105814317,0,0,10,33
703,3176,metadata_similarity,0.9996111198272446,0,1,24,24
704,2224,metadata_similarity,0.99851229933188,0,1,21,21
705,3460,metadata_similarity,0.9999555387070196,0,0,26,17
706,821,metadata_similarity,0.9975986622371854,0,0,14,5
707,4763,metadata_similarity,0.9996831336094306,0,0,9,6
708,49,metadata_similarity,0.9996923527936642,0,0,22,13
709,4292,metadata_similarity,0.999893387746136,0,0,33,24
710,4657,metadata_similarity,0.999920177886806,0,0,0,10
711,4308,metadata_similarity,0.9993689633605687,0,0,49,24
712,3769,metadata_similarity,0.9999504740347405,0,0,32,42
713,747,metadata_similarity,0.9978435125296756,0,1,48,48
714,2885,metadata_similarity,0.999958291549683,0,1,12,12
715,3655,metadata_similarity,0.9993846259466967,0,0,36,43
716,1778,metadata_similarity,0.9990770780644137,0,0,47,30
717,2368,metadata_similarity,0.9996034425528875,0,0,25,21
718,3700,metadata_similarity,0.99915799700769,0,0,9,18
719,2090,metadata_similarity,0.9998983328717445,0,0,42,43
720,70,metadata_similarity,0.999478392197574,0,0,46,15
721,2251,metadata_similarity,0.9997665040302333,0,1,45,45
722,722,metadata_similarity,0.9984206305980431,1,1,11,11
723,513,metadata_similarity,0.9998804847702715,0,0,42,49
724,1658,metadata_similarity,0.9991937829916259,0,0,38,14
725,3192,metadata_similarity,0.9995367531961284,0,1,24,24
726,4241,metadata_similarity,0.9977913846713052,0,0,15,4
727,755,metadata_similarity,0.9997267949550726,0,0,47,45
728,728,metadata_similarity,0.9994969319574877,1,1,48,48
729,155,metadata_similarity,0.9991378819336144,0,0,39,43
730,4820,metadata_similarity,0.9998141410192914,0,1,35,35
731,33,metadata_similarity,0.9998775687719793,0,1,3,3
732,3541,metadata_similarity,0.9995953175908296,0,0,44,30
733,3293,metadata_similarity,0.9988691052319449,0,0,14,9
734,734,metadata_similarity,0.9983048658942284,1,1,13,13
735,2803,metadata_similarity,0.9987882691145993,0,0,0,24
736,2591,metadata_similarity,0.9996224357371944,0,0,19,47
737,1286,metadata_similarity,0.9998471165953434,0,0,47,43
738,2017,metadata_similarity,0.9995362709409024,0,0,2,9
739,2726,metadata_similarity,0.9965557216595938,0,0,20,27
740,361,metadata_similarity,0.998483228876898,0,0,41,11
741,3415,metadata_similarity,0.9994719184861898,0,0,7,35
742,1834,metadata_similarity,0.9999903504364763,0,0,21,29
743,2346,metadata_similarity,0.9987311781369436,0,0,28,34
744,1529,metadata_similarity,0.9997821394211711,0,1,13,13
745,2439,metadata_similarity,0.9999986644418598,0,0,36,47
746,2626,metadata_similarity,0.9986851655162087,0,0,8,24
747,713,metadata_similarity,0.9998069014841936,0,1,48,48
748,4392,metadata_similarity,0.9997489750414862,0,0,39,15
749,3522,metadata_similarity,0.9994911391692404,0,1,4,4
750,3467,metadata_similarity,0.9993476668407814,0,0,47,49
751,751,metadata_similarity,0.999560528246277,1,1,3,3
752,1975,metadata_similarity,0.9994858173642052,0,1,27,27
753,2258,metadata_similarity,0.9999490430539458,0,1,48,48
754,3747,metadata_similarity,0.9978573634321544,0,0,17,19
755,4958,metadata_similarity,0.9999074420925785,0,0,45,44
756,3068,metadata_similarity,0.9997705746150504,0,0,3,8
757,4528,metadata_similarity,0.9997187096968472,0,0,28,47
758,2771,metadata_similarity,0.9978632975406405,0,0,20,3
759,3739,metadata_similarity,0.9999497651309966,0,0,26,49
760,760,metadata_similarity,0.9999987855270904,1,1,40,40
761,4813,metadata_similarity,0.9998886779250497,0,0,30,26
762,2,metadata_similarity,0.9988568569382835,0,0,8,28
763,763,metadata_similarity,0.9998845830300881,1,1,45,45
764,1630,metadata_similarity,0.9990697620993313,0,1,21,21
765,2374,metadata_similarity,0.9999849638784039,0,0,43,46
766,2620,metadata_similarity,0.9993125036702548,0,0,16,15
767,906,metadata_similarity,0.9924368412395713,0,1,39,39
768,1173,metadata_similarity,0.9998707294587792,0,0,41,47
769,3857,metadata_similarity,0.9993659596594157,0,0,25,48
770,2404,metadata_similarity,0.997873463507957,0,0,19,46
771,1109,metadata_similarity,0.9985684345361258,0,0,3,23
772,2375,metadata_similarity,0.9991880128629991,0,0,12,3
773,372,metadata_similarity,0.9988867531133659,0,0,15,27
774,1675,metadata_similarity,0.9998003841880204,0,0,17,32
775,4294,metadata_similarity,0.9994771929613683,0,0,27,4
776,2196,metadata_similarity,0.9985360219851724,0,0,27,42
777,2216,metadata_similarity,0.9985963959622262,0,0,2,36
778,27,metadata_similarity,0.9986243474567937,0,0,14,5
779,994,metadata_similarity,0.9993933542915687,0,0,29,14
780,743,metadata_similarity,0.9986055804880376,0,0,47,28
781,4684,metadata_similarity,0.9998218572515518,0,1,13,13
782,705,metadata_similarity,0.9998852129449409,0,0,7,26
783,3446,metadata_similarity,0.9992582593862424,0,0,47,39
784,1116,metadata_similarity,0.9995468662543643,0,0,6,1
785,1918,metadata_similarity,0.9997002005168815,0,0,27,21
786,2222,metadata_similarity,0.999143231788736,0,0,2,23
787,787,metadata_similarity,0.9995680732586661,1,1,2,2
788,684,metadata_similarity,0.9998435075527113,0,0,22,25
789,789,metadata_similarity,0.9999896648560835,1,1,46,46
790,790,metadata_similarity,0.9979293148430595,1,1,12,12
791,2384,metadata_similarity,0.9998110229342795,0,0,32,31
792,2775,metadata_similarity,0.9985309095034229,0,0,23,25
793,612,metadata_similarity,0.9984015037344494,0,0,5,18
794,794,metadata_similarity,0.9997908186384515,1,1,2,2
795,2288,metadata_similarity,0.9999342614038556,0,1,43,43
796,2009,metadata_similarity,0.9997676037750622,0,1,20,20
797,4255,metadata_similarity,0.9993194663289171,0,0,42,21
798,3510,metadata_similarity,0.9972675764159166,0,0,7,3
799,1910,metadata_similarity,0.999720504913018,0,0,25,5
800,3155,metadata_similarity,0.9987603891231317,0,0,15,22
801,4681,metadata_similarity,0.995275775688457,0,1,4,4
802,121,metadata_similarity,0.9997235317210343,0,0,33,34
803,4195,metadata_similarity,0.9997713270521457,0,0,19,31
804,948,metadata_similarity,0.999850846433664,0,0,46,23
805,131,metadata_similarity,0.9994267057220535,0,0,15,1
806,2921,metadata_similarity,0.9990346424190645,0,0,13,19
807,3661,metadata_similarity,0.9989539058721197,0,1,36,36
808,4953,metadata_similarity,0.9997934169715318,0,1,8,8
809,4549,metadata_similarity,0.9992506755658728,0,0,27,15
810,881,metadata_similarity,0.999295200062539,0,0,43,21
811,1263,metadata_similarity,0.9979826655697908,0,0,28,35
812,812,metadata_similarity,0.999252427655739,1,1,13,13
813,3818,metadata_similarity,0.9997071967786965,0,0,27,11
814,615,metadata_similarity,0.9987998973013498,0,0,2,9
815,1534,metadata_similarity,0.9923943611574131,0,1,32,32
816,2992,metadata_similarity,0.9999768218947765,0,0,8,5
817,847,metadata_similarity,0.9996267953066594,0,0,33,9
818,4090,metadata_similarity,0.9988296305564673,0,1,8,8
819,4294,metadata_similarity,0.9998129690632022,0,0,18,4
820,4990,metadata_similarity,0.9990619474754929,0,0,29,21
821,4413,metadata_similarity,0.9981137171606104,0,0,5,8
822,4090,metadata_similarity,0.9991146794688117,0,1,8,8
823,1577,metadata_similarity,0.9991630606950417,0,0,2,10
824,1272,metadata_similarity,0.9996810744412463,0,1,0,0
825,4295,metadata_similarity,0.9989012943961569,0,0,46,44
826,126,metadata_similarity,0.9999590522890296,0,0,4,20
827,2951,metadata_similarity,0.9995056082786694,0,0,2,9
828,1921,metadata_similarity,0.9987260222470672,0,0,6,9
829,2167,metadata_similarity,0.996921398921878,0,0,25,28
830,1102,metadata_similarity,0.9992842553093169,0,1,15,15
831,831,metadata_similarity,0.9990957219950272,1,1,7,7
832,832,metadata_similarity,0.9997550212990889,1,1,24,24
833,3147,metadata_similarity,0.9993672464572347,0,0,21,15
834,4342,metadata_similarity,0.999922649565796,0,0,46,7
835,4078,metadata_similarity,0.9985793411568035,0,0,46,49
836,717,metadata_similarity,0.9997820374758433,0,0,18,25
837,692,metadata_similarity,0.9997282633706838,0,1,12,12
838,738,metadata_similarity,0.9995392892927529,0,0,9,2
839,2349,metadata_similarity,0.9959818931999007,0,0,49,48
840,4285,metadata_similarity,0.9993497019642779,0,0,23,28
841,4355,metadata_similarity,0.9995679991068063,0,0,35,17
842,842,metadata_similarity,0.9994852766347371,1,1,40,40
843,66,metadata_similarity,0.9994127762999059,0,0,47,33
844,4136,metadata_similarity,0.9992282016140203,0,0,21,22
845,260,metadata_similarity,0.999500717895641,0,0,44,38
846,846,metadata_similarity,0.9985223003383596,1,1,9,9
847,897,metadata_similarity,0.9999750057910323,0,1,9,9
848,3938,metadata_similarity,0.9995402383203525,0,0,10,8
849,1162,metadata_similarity,0.9997341841048714,0,0,18,16
850,367,metadata_similarity,0.9994948494968025,0,0,14,5
851,1220,metadata_similarity,0.9998389944009558,0,0,18,15
852,1401,metadata_similarity,0.9998026360858805,0,0,27,29
853,1083,metadata_similarity,0.9999120992603686,0,0,43,21
854,2386,metadata_similarity,0.9999196404670867,0,0,13,21
855,3338,metadata_similarity,0.998522871677652,0,0,8,28
856,3517,metadata_similarity,0.9995253239011598,0,0,17,22
857,4109,metadata_similarity,0.9998102415461699,0,0,35,17
858,772,metadata_similarity,0.9974850194879018,0,0,8,12
859,4900,metadata_similarity,0.9999310734280425,0,0,15,29
860,898,metadata_similarity,0.9992698002161426,0,0,37,19
861,861,metadata_similarity,0.9999395311685491,1,1,0,0
862,4221,metadata_similarity,0.9996107161942329,0,0,34,26
863,205,metadata_similarity,0.9996241921450599,0,0,41,45
864,4664,metadata_similarity,0.9996697092048158,0,0,15,27
865,4575,metadata_similarity,0.9972136263769069,0,1,25,25
866,726,metadata_similarity,0.9989581603921326,0,0,10,15
867,105,metadata_similarity,0.9992685966278367,0,0,29,21
868,1881,metadata_similarity,0.9983825144208847,0,0,12,22
869,3526,metadata_similarity,0.9999629365721552,0,0,26,4
870,2759,metadata_similarity,0.9999847525382997,0,0,44,41
871,4318,metadata_similarity,0.999016480602873,0,1,3,3
872,872,metadata_similarity,0.9989890183904049,1,1,6,6
873,873,metadata_similarity,0.9983769603658965,1,1,46,46
874,137,metadata_similarity,0.9997982236096005,0,0,29,22
875,3446,metadata_similarity,0.9993433536774382,0,0,40,39
876,2846,metadata_similarity,0.999453864096656,0,1,18,18
877,4263,metadata_similarity,0.998903329852804,0,0,21,27
878,3890,metadata_similarity,0.9986791579030098,0,0,40,15
879,4258,metadata_similarity,0.9964244358169456,0,0,40,28
880,2810,metadata_similarity,0.9998347771546133,0,0,20,9
881,422,metadata_similarity,0.9997774334231043,0,0,21,43
882,1278,metadata_similarity,0.9995937912496478,0,0,22,18
883,4619,metadata_similarity,0.9975773463643114,0,0,48,32
884,1684,metadata_similarity,0.9995588245723326,0,0,38,40
885,4765,metadata_similarity,0.999987605829442,0,0,34,47
886,2102,metadata_similarity,0.9986952780468473,0,0,44,49
887,4667,metadata_similarity,0.9997540205757489,0,0,30,37
888,961,metadata_similarity,0.9996572152378579,0,0,38,47
889,1098,metadata_similarity,0.9999297755190637,0,1,31,31
890,1000,metadata_similarity,0.9984825298617854,0,0,42,11
891,1007,metadata_similarity,0.9997979633333768,0,0,41,23
892,1352,metadata_similarity,0.9996508444566543,0,1,20,20
893,2340,metadata_similarity,0.9995969259639886,0,1,19,19
894,4097,metadata_similarity,0.9999189276361112,0,1,1,1
895,1896,metadata_similarity,0.9998994631181287,0,0,7,5
896,1652,metadata_similarity,0.9995650475691098,0,0,36,23
897,3143,metadata_similarity,0.9987365407789948,0,1,9,9
898,1794,metadata_similarity,0.9997911615084497,0,0,19,29
899,3621,metadata_similarity,0.9998384666606064,0,0,20,19
900,126,metadata_similarity,0.9999158791096399,0,1,20,20
901,4950,metadata_similarity,0.9996438685612097,0,0,41,31
902,902,metadata_similarity,0.9941192505629493,1,1,10,10
903,903,metadata_similarity,0.9999216397317475,1,1,20,20
904,1246,metadata_similarity,0.9997074570145487,0,0,2,9
905,2771,metadata_similarity,0.9993604868405637,0,0,12,3
906,303,metadata_similarity,0.9949172973019994,0,0,39,47
907,3183,metadata_similarity,0.996356493999544,0,0,13,19
908,2400,metadata_similarity,0.9996805833389145,0,0,23,45
909,4540,metadata_similarity,0.9999586115469259,0,0,10,17
910,2932,metadata_similarity,0.9986471952877521,0,0,35,49
911,3920,metadata_similarity,0.9995107636360303,0,0,20,6
912,1581,metadata_similarity,0.9978699527416824,0,0,18,15
913,3602,metadata_similarity,0.9971729411082831,0,0,49,44
914,4959,metadata_similarity,0.9997148323552815,0,0,49,26
915,962,metadata_similarity,0.9987729751857026,0,0,4,16
916,2952,metadata_similarity,0.9999098041185163,0,0,36,45
917,3752,metadata_similarity,0.9999534113128852,0,0,8,2
918,2237,metadata_similarity,0.9999175802359109,0,1,29,29
919,3587,metadata_similarity,0.998322080753989,0,0,35,28
920,1746,metadata_similarity,0.9987005467376615,0,0,15,27
921,4812,metadata_similarity,0.9998880134146026,0,0,0,31
922,2745,metadata_similarity,0.9999737419122068,0,0,31,46
923,1205,metadata_similarity,0.9998884030165823,0,0,26,28
924,4703,metadata_similarity,0.9999412359691097,0,0,47,36
925,2185,metadata_similarity,0.9989838464236603,0,0,4,0
926,4714,metadata_similarity,0.999755700456197,0,0,28,26
927,2025,metadata_similarity,0.9992788997046974,0,0,28,17
928,3615,metadata_similarity,0.9993187723601846,0,0,14,5
929,4083,metadata_similarity,0.999795117294865,0,0,21,13
930,4715,metadata_similarity,0.999681590816907,0,0,30,22
931,2350,metadata_similarity,0.9987375069136046,0,0,4,15
932,105,metadata_similarity,0.9996092928866931,0,0,14,21
933,1371,metadata_similarity,0.9964436009034952,0,1,32,32
934,934,metadata_similarity,0.9996319702011923,1,1,15,15
935,4765,metadata_similarity,0.9995610708773289,0,0,28,47
936,936,metadata_similarity,0.9994978233398036,1,1,46,46
937,1701,metadata_similarity,0.9985985844087254,0,0,48,22
938,3628,metadata_similarity,0.9999509194550577,0,1,20,20
939,1861,metadata_similarity,0.9947536107208422,0,0,45,44
940,1430,metadata_similarity,0.9987899928065856,0,1,36,36
941,4736,metadata_similarity,0.9997359100458018,0,0,26,35
942,4704,metadata_similarity,0.9996826095175084,0,0,21,43
943,701,metadata_similarity,0.9992290781246305,0,0,18,10
944,4229,metadata_similarity,0.9973844820526027,0,0,22,25
945,945,metadata_similarity,0.9958342535306854,1,1,1,1
946,1185,metadata_similarity,0.9989494443802839,0,0,20,18
947,4051,metadata_similarity,0.9995486794458031,0,0,1,23
948,1017,metadata_similarity,0.9998026074277192,0,0,23,32
949,4287,metadata_similarity,0.9991172444571609,0,1,11,11
950,373,metadata_similarity,0.998945832436396,0,0,16,18
951,1100,metadata_similarity,0.9991796556420574,0,0,18,4
952,1003,metadata_similarity,0.9990463964593687,0,0,22,44
953,3040,metadata_similarity,0.9985189012164584,0,0,45,42
954,4739,metadata_similarity,0.9972580920751837,0,1,41,41
955,847,metadata_similarity,0.9989506786963869,0,0,2,9
956,1869,metadata_similarity,0.999853321816681,0,0,45,28
957,4722,metadata_similarity,0.9989156711766711,0,0,7,19
958,1547,metadata_similarity,0.9984525269275624,0,0,16,1
959,958,metadata_similarity,0.9999244293128382,0,0,1,16
960,1344,metadata_similarity,0.9995721527901884,0,0,14,15
961,519,metadata_similarity,0.9990410256889567,0,0,47,41
962,3169,metadata_similarity,0.9997619995092237,0,0,16,13
963,875,metadata_similarity,0.9998926028295255,0,0,37,40
964,74,metadata_similarity,0.9992665684378387,0,0,6,33
965,3562,metadata_similarity,0.9999519524266348,0,1,36,36
966,3656,metadata_similarity,0.9999619825775893,0,0,30,18
967,1218,metadata_similarity,0.9991751054855116,0,0,44,43
968,1103,metadata_similarity,0.9998245390243511,0,1,18,18
969,416,metadata_similarity,0.9972953382248709,0,0,45,49
970,1182,metadata_similarity,0.9997953682421896,0,1,46,46
971,684,metadata_similarity,0.9993836461862283,0,0,48,25
972,375,metadata_similarity,0.999432147427994,0,0,16,13
973,2832,metadata_similarity,0.9997577566208833,0,0,28,9
974,1454,metadata_similarity,0.998579245902808,0,0,43,48
975,4757,metadata_similarity,0.999927104382679,0,0,34,17
976,3795,metadata_similarity,0.9978974015944724,0,0,12,25
977,2853,metadata_similarity,0.9979837440624562,0,1,36,36
978,612,metadata_similarity,0.9995904452242468,0,0,22,18
979,2671,metadata_similarity,0.9982536054208093,0,0,48,46
980,1213,metadata_similarity,0.9991242565352697,0,0,7,14
981,3533,metadata_similarity,0.9981145192699338,0,0,47,48
982,2665,metadata_similarity,0.9998949597843727,0,0,47,45
983,3791,metadata_similarity,0.9985630328125754,0,0,16,27
984,3824,metadata_similarity,0.9956541594194459,0,0,30,33
985,4569,metadata_similarity,0.9993482987328954,0,1,34,34
986,2171,metadata_similarity,0.998740063344819,0,0,3,10
987,987,metadata_similarity,0.9978563253966708,1,1,35,35
988,3529,metadata_similarity,0.9991916954898004,0,0,43,30
989,925,metadata_similarity,0.9998757761605632,0,0,0,4
990,1235,metadata_similarity,0.9995253049003047,0,0,26,28
991,1500,metadata_similarity,0.9990572943362426,0,0,25,23
992,3535,metadata_similarity,0.9992911878813959,0,0,14,26
993,1118,metadata_similarity,0.9986743431710208,0,1,5,5
994,2687,metadata_similarity,0.9989679154840145,0,1,14,14
995,4321,metadata_similarity,0.9996729814511689,0,1,8,8
996,996,metadata_similarity,0.9996881377011754,1,1,26,26
997,3412,metadata_similarity,0.9996632524875467,0,0,28,23
998,114,metadata_similarity,0.9999131945127951,0,0,28,30
999,4025,metadata_similarity,0.9997792662759126,0,0,37,4
1000,3870,metadata_similarity,0.9980245995924643,0,0,11,13
1001,1331,metadata_similarity,0.999100787967749,0,0,1,16
1002,1002,metadata_similarity,0.9985512132214835,1,1,46,46
1003,1105,metadata_similarity,0.9992065046270544,0,0,44,13
1004,4618,metadata_similarity,0.9999698538259654,0,1,32,32
1005,171,metadata_similarity,0.9999144692211452,0,0,9,23
1006,1016,metadata_similarity,0.9994466938421094,0,0,13,29
1007,648,metadata_similarity,0.9981297306128135,0,0,23,2
1008,2400,metadata_similarity,0.9990506797774734,0,0,28,45
1009,3775,metadata_similarity,0.9993938638169361,0,0,4,37
1010,1819,metadata_similarity,0.9998937837525989,0,0,16,6
1011,438,metadata_similarity,0.9990533760876327,0,0,27,40
1012,4423,metadata_similarity,0.9995432856948132,0,1,26,26
1013,2387,metadata_similarity,0.9998655217959829,0,1,5,5
1014,1450,metadata_similarity,0.9994066030287492,0,0,22,48
1015,3961,metadata_similarity,0.9973472731584405,0,0,34,45
1016,1006,metadata_similarity,0.9999956016217746,0,0,29,13
1017,2408,metadata_similarity,0.9978845567205636,0,0,32,36
1018,2646,metadata_similarity,0.9999851781688786,0,0,35,3
1019,4194,metadata_similarity,0.9992398381645613,0,0,10,0
1020,4768,metadata_similarity,0.999691555647534,0,0,14,47
1021,4158,metadata_similarity,0.9996313210393529,0,0,26,8
1022,1583,metadata_similarity,0.9999646483535447,0,0,9,2
1023,2172,metadata_similarity,0.9984913383821816,0,0,38,34
1024,1024,metadata_similarity,0.9999832851863989,1,1,3,3
1025,1273,metadata_similarity,0.9991439893676151,0,1,42,42
1026,2954,metadata_similarity,0.9978684111814319,0,0,12,30
1027,2825,metadata_similarity,0.9999053840870579,0,0,43,42
1028,1223,metadata_similarity,0.9980975015597835,0,0,0,7
1029,3518,metadata_similarity,0.9998819393494982,0,0,21,7
1030,2718,metadata_similarity,0.9998400548490025,0,1,22,22
1031,3642,metadata_similarity,0.9975057533758174,0,0,33,23
1032,1007,metadata_similarity,0.9990836996865335,0,0,38,23
1033,2596,metadata_similarity,0.9992499383891255,0,0,28,34
1034,1034,metadata_similarity,0.9995069851294766,1,1,2,2
1035,2558,metadata_similarity,0.9991251254071635,0,0,34,26
1036,503,metadata_similarity,0.999119108003873,0,0,22,26
1037,4845,metadata_similarity,0.9982727658714208,0,0,26,21
1038,3275,metadata_similarity,0.9890062332229637,0,0,14,7
1039,4855,metadata_similarity,0.9999363211883036,0,0,17,30
1040,1040,metadata_similarity,0.9968889886654886,1,1,40,40
1041,4894,metadata_similarity,0.9981980685378788,0,0,13,14
1042,2947,metadata_similarity,0.9999151842782704,0,0,3,2
1043,3534,metadata_similarity,0.9999778478930964,0,0,33,40
1044,226,metadata_similarity,0.9992669043264909,0,0,46,48
1045,1045,metadata_similarity,0.9991649234492223,1,1,5,5
1046,2398,metadata_similarity,0.9973811717581464,0,0,7,17
1047,3016,metadata_similarity,0.9994192077099774,0,0,15,19
1048,809,metadata_similarity,0.9998587941551118,0,0,39,27
1049,4323,metadata_similarity,0.9999148441082317,0,0,34,26
1050,3887,metadata_similarity,0.999216261508077,0,1,25,25
1051,81,metadata_similarity,0.9985863473699618,0,0,2,20
1052,3829,metadata_similarity,0.9995319699157756,0,0,6,24
1053,1437,metadata_similarity,0.9995533305592732,0,0,18,20
1054,4991,metadata_similarity,0.9994665298149584,0,0,17,25
1055,621,metadata_similarity,0.9966847480148606,0,0,2,1
1056,2696,metadata_similarity,0.9996134264982715,0,0,49,42
1057,1057,metadata_similarity,0.9983035169833803,1,1,8,8
1058,83,metadata_similarity,0.9999098186586413,0,0,6,1
1059,4208,metadata_similarity,0.994297928348155,0,1,1,1
1060,1484,metadata_similarity,0.9971081009805585,0,0,32,10
1061,4069,metadata_similarity,0.9996686739259453,0,0,48,46
1062,2054,metadata_similarity,0.9999329413714008,0,0,6,11
1063,807,metadata_similarity,0.9985803971402719,0,0,23,36
1064,3008,metadata_similarity,0.9977942497380541,0,0,25,22
1065,2788,metadata_similarity,0.9997565923570598,0,0,35,28
1066,1618,metadata_similarity,0.9996417774348386,0,1,14,14
1067,179,metadata_similarity,0.9998021041919655,0,0,27,16
1068,366,metadata_similarity,0.9997624798658836,0,0,48,40
1069,3436,metadata_similarity,0.9994389796996435,0,0,40,48
1070,3793,metadata_similarity,0.9992343954462279,0,0,37,16
1071,4783,metadata_similarity,0.9990140168944875,0,0,1,11
1072,38,metadata_similarity,0.9997204430514175,0,0,6,10
1073,4265,metadata_similarity,0.9998192285422095,0,0,37,35
1074,4723,metadata_similarity,0.9995352982581099,0,1,45,45
1075,1790,metadata_similarity,0.9999626929385578,0,0,33,38
1076,3385,metadata_similarity,0.9992310893236589,0,0,27,39
1077,2071,metadata_similarity,0.9976743762014763,0,1,20,20
1078,2080,metadata_similarity,0.9996316932310759,0,0,33,9
1079,65,metadata_similarity,0.998927954660407,0,1,6,6
1080,850,metadata_similarity,0.9997047408496077,0,0,31,14
1081,2131,metadata_similarity,0.99999207006419,0,0,29,21
1082,926,metadata_similarity,0.999589603641974,0,0,41,28
1083,2809,metadata_similarity,0.999783322689303,0,0,21,27
1084,4756,metadata_similarity,0.9997745423785955,0,0,31,7
1085,2314,metadata_similarity,0.9999656332400362,0,0,36,43
1086,3726,metadata_similarity,0.9995975992340246,0,0,27,16
1087,1653,metadata_similarity,0.9998983398080088,0,0,43,33
1088,3489,metadata_similarity,0.9999861309981869,0,0,45,40
1089,3566,metadata_similarity,0.9992128039150772,0,1,48,48
1090,340,metadata_similarity,0.9992438298981396,0,0,36,47
1091,332,metadata_similarity,0.9993255374313809,0,0,31,15
1092,1092,metadata_similarity,0.9993154109976012,1,1,18,18
1093,2467,metadata_similarity,0.9998083178775343,0,0,14,21
1094,2149,metadata_similarity,0.9977517756022294,0,0,6,42
1095,1845,metadata_similarity,0.9997495203701822,0,0,43,21
1096,1482,metadata_similarity,0.9973498377801653,0,1,6,6
1097,3876,metadata_similarity,0.9994253519144595,0,0,37,16
1098,2759,metadata_similarity,0.9990685530315676,0,0,31,41
1099,1778,metadata_similarity,0.9984773129965231,0,0,22,30
1100,4403,metadata_similarity,0.9998401488270232,0,0,4,24
1101,4439,metadata_similarity,0.9996660028812049,0,0,0,10
1102,2522,metadata_similarity,0.9998029598604636,0,1,15,15
1103,20,metadata_similarity,0.9993910971675973,0,0,18,15
1104,2878,metadata_similarity,0.9961001879627284,0,0,43,18
1105,3062,metadata_similarity,0.9995537740809711,0,1,13,13
1106,527,metadata_similarity,0.999339626505864,0,1,0,0
1107,3973,metadata_similarity,0.9999675734252385,0,0,15,38
1108,2954,metadata_similarity,0.9984319091276079,0,0,25,30
1109,4633,metadata_similarity,0.9997031953418858,0,0,23,10
1110,3278,metadata_similarity,0.9993784270542804,0,0,9,3
1111,4629,metadata_similarity,0.9990113772551523,0,0,37,17
1112,3187,metadata_similarity,0.9990917810110632,0,0,11,27
1113,3440,metadata_similarity,0.998885005858712,0,0,12,34
1114,431,metadata_similarity,0.9993517654231758,0,0,27,36
1115,4596,metadata_similarity,0.999102285900877,0,0,22,29
1116,4941,metadata_similarity,0.9998812430235015,0,0,1,6
1117,4515,metadata_similarity,0.999492583067517,0,1,28,28
1118,993,metadata_similarity,0.9972902612046359,0,1,5,5
1119,623,metadata_similarity,0.9987463047924549,0,0,24,23
1120,743,metadata_similarity,0.9978219784379927,0,0,47,28
1121,4729,metadata_similarity,0.999706794025805,0,0,3,40
1122,1122,metadata_similarity,0.9973668278537209,1,1,7,7
1123,411,metadata_similarity,0.9995115467997041,0,0,23,9
1124,2882,metadata_similarity,0.9989803086575374,0,0,29,46
1125,568,metadata_similarity,0.9993440131915149,0,1,44,44
1126,1520,metadata_similarity,0.9982592333997315,0,0,40,12
1127,1741,metadata_similarity,0.9963488287542439,0,1,11,11
1128,1128,metadata_similarity,0.9996379061086633,1,1,36,36
1129,1129,metadata_similarity,0.9999186715576759,1,1,12,12
1130,817,metadata_similarity,0.9994402938576462,0,0,9,33
1131,1270,metadata_similarity,0.9999292429453219,0,0,0,4
1132,1507,metadata_similarity,0.9978237427348364,0,0,25,17
1133,1312,metadata_similarity,0.9989367452411968,0,0,32,48
1134,4009,metadata_similarity,0.9994740014861504,0,0,21,29
1135,1219,metadata_similarity,0.9998519831447031,0,0,0,6
1136,1136,metadata_similarity,0.9979678196947397,1,1,7,7
1137,1137,metadata_similarity,0.9991658004361602,1,1,12,12
1138,476,metadata_similarity,0.999490534484291,0,0,18,16
1139,2334,metadata_similarity,0.9996827271085197,0,0,24,20
1140,2081,metadata_similarity,0.9994361935072346,0,0,10,1
1141,2782,metadata_similarity,0.9995583927718557,0,0,41,47
1142,3047,metadata_similarity,0.9982179710194826,0,0,34,17
1143,2673,metadata_similarity,0.9997779869393625,0,0,44,19
1144,4004,metadata_similarity,0.9952044382799854,0,0,33,17
1145,861,metadata_similarity,0.9999207733411384,0,0,4,0
1146,3971,metadata_similarity,0.9997509690119685,0,1,28,28
1147,2430,metadata_similarity,0.9995808783026108,0,1,47,47
1148,1627,metadata_similarity,0.9982859725607152,0,0,31,13
1149,37,metadata_similarity,0.9997981063157739,0,0,43,46
1150,1777,metadata_similarity,0.9995157180778479,0,0,9,6
1151,4762,metadata_similarity,0.9997541314144824,0,1,45,45
1152,3680,metadata_similarity,0.999686302585285,0,0,19,31
1153,4280,metadata_similarity,0.9999812466131428,0,0,36,38
1154,2840,metadata_similarity,0.9997377496776491,0,0,9,33
1155,526,metadata_similarity,0.9993959692576402,0,0,46,31
1156,1156,metadata_similarity,0.9996000715475619,1,1,8,8
1157,2450,metadata_similarity,0.9997604714290366,0,1,20,20
1158,3083,metadata_similarity,0.9992233504133338,0,0,14,38
1159,2161,metadata_similarity,0.9994581315163097,0,1,12,12
1160,3095,metadata_similarity,0.9983101892743188,0,0,36,7
1161,4574,metadata_similarity,0.9999364001207608,0,0,35,37
1162,1703,metadata_similarity,0.9998494314698337,0,0,16,15
1163,4399,metadata_similarity,0.9996479712875894,0,0,32,4
1164,2565,metadata_similarity,0.9992000392599782,0,0,21,42
1165,1024,metadata_similarity,0.999471108776792,0,0,23,3
1166,4212,metadata_similarity,0.9998328866286116,0,0,49,43
1167,2070,metadata_similarity,0.9999946774429895,0,0,18,38
1168,1578,metadata_similarity,0.9997812133961568,0,0,22,28
1169,4000,metadata_similarity,0.9994503574722204,0,0,38,33
1170,4790,metadata_similarity,0.9999849960893722,0,0,4,13
1171,4155,metadata_similarity,0.9994850289180955,0,0,30,38
1172,3248,metadata_similarity,0.9962800602971783,0,0,46,48
1173,3200,metadata_similarity,0.9995490155497656,0,0,47,36
1174,4361,metadata_similarity,0.9941178590032456,0,0,4,7
1175,1049,metadata_similarity,0.9989897087709751,0,0,30,34
1176,2239,metadata_similarity,0.9995321270030234,0,0,5,32
1177,4777,metadata_similarity,0.9997712484349467,0,1,46,46
1178,4063,metadata_similarity,0.9978646912913982,0,0,45,38
1179,206,metadata_similarity,0.9978613712449369,0,0,40,49
1180,2307,metadata_similarity,0.9999354787258857,0,1,41,41
1181,1487,metadata_similarity,0.9993034826399267,0,0,32,39
1182,3799,metadata_similarity,0.9962214495057524,0,1,46,46
1183,4628,metadata_similarity,0.9983841165207976,0,0,26,22
1184,3806,metadata_similarity,0.9997872905502643,0,0,15,22
1185,3140,metadata_similarity,0.9957951620830361,0,0,18,24
1186,3898,metadata_similarity,0.9988478558512666,0,0,24,2
1187,1187,metadata_similarity,0.9998578932905429,1,1,30,30
1188,1575,metadata_similarity,0.9976382051749859,0,0,37,12
1189,2107,metadata_similarity,0.999559859862214,0,1,48,48
1190,2456,metadata_similarity,0.999860719510302,0,1,6,6
1191,1191,metadata_similarity,0.9986377006647521,1,1,13,13
1192,3671,metadata_similarity,0.99893135671231,0,1,21,21
1193,1193,metadata_similarity,0.9995940293108223,1,1,35,35
1194,436,metadata_similarity,0.9956881502792945,0,0,49,22
1195,194,metadata_similarity,0.9996577208395706,0,0,15,14
1196,3088,metadata_similarity,0.9993518391934268,0,0,27,21
1197,1671,metadata_similarity,0.9997437573521228,0,1,27,27
1198,3082,metadata_similarity,0.9999652506487476,0,0,14,21
1199,1617,metadata_similarity,0.9998701915320465,0,0,7,30
1200,2322,metadata_similarity,0.999567077050016,0,1,12,12
1201,983,metadata_similarity,0.9987773403312219,0,0,18,16
1202,1202,metadata_similarity,0.9963909041493979,1,1,43,43
1203,1995,metadata_similarity,0.9994704905237202,0,1,16,16
1204,1086,metadata_similarity,0.9994376641304912,0,0,19,27
1205,4257,metadata_similarity,0.9999174777463773,0,0,28,35
1206,2280,metadata_similarity,0.9996501289847306,0,0,17,46
1207,3682,metadata_similarity,0.999997126585136,0,0,14,2
1208,2136,metadata_similarity,0.9999423039601546,0,0,36,14
1209,4294,metadata_similarity,0.9996885352031517,0,0,18,4
1210,1210,metadata_similarity,0.9991754415714795,1,1,14,14
1211,1211,metadata_similarity,0.9988066437793761,1,1,32,32
1212,1170,metadata_similarity,0.9999348829558602,0,0,15,4
1213,1886,metadata_similarity,0.9988978027415654,0,0,14,7
1214,4781,metadata_similarity,0.9995766651642483,0,0,25,35
1215,3925,metadata_similarity,0.9997115528234989,0,0,3,8
1216,3206,metadata_similarity,0.9990415135698408,0,1,44,44
1217,4803,metadata_similarity,0.9995638423248144,0,0,13,34
1218,157,metadata_similarity,0.9985985315415387,0,0,43,31
1219,1846,metadata_similarity,0.998268549159169,0,0,6,24
1220,194,metadata_similarity,0.999781443887675,0,0,15,14
1221,4899,metadata_similarity,0.9996373268312757,0,0,26,20
1222,2612,metadata_similarity,0.9996244098370572,0,0,23,2
1223,524,metadata_similarity,0.9988647253961823,0,0,7,15
1224,2939,metadata_similarity,0.9993920125512737,0,0,44,41
1225,3360,metadata_similarity,0.9998563093371863,0,1,46,46
1226,4781,metadata_similarity,0.999299375908457,0,0,23,35
1227,3790,metadata_similarity,0.9993318258638245,0,0,36,41
1228,4925,metadata_similarity,0.9990320146934178,0,0,3,35
1229,555,metadata_similarity,0.998849813693055,0,0,37,32
1230,1594,metadata_similarity,0.9979008453365644,0,0,42,49
1231,836,metadata_similarity,0.9992556292363758,0,0,22,18
1232,3042,metadata_similarity,0.9992114255892458,0,0,19,22
1233,2698,metadata_similarity,0.9998973525841502,0,1,14,14
1234,1834,metadata_similarity,0.9983781300107938,0,0,49,29
1235,1235,metadata_similarity,0.9939056145097783,1,1,28,28
1236,604,metadata_similarity,0.9904396921659284,0,0,36,41
1237,4413,metadata_similarity,0.9993263984555268,0,0,17,8
1238,3028,metadata_similarity,0.9995278003915918,0,0,29,22
1239,3387,metadata_similarity,0.9998607077622168,0,0,5,3
1240,4016,metadata_similarity,0.9987571545291282,0,0,10,4
1241,4897,metadata_similarity,0.9995697938330547,0,0,26,21
1242,4648,metadata_similarity,0.9995330827055278,0,0,36,47
1243,1485,metadata_similarity,0.9997333618122358,0,0,45,28
1244,1501,metadata_similarity,0.9991231677407507,0,0,26,5
1245,1211,metadata_similarity,0.9984122613819358,0,1,32,32
1246,297,metadata_similarity,0.9979308405970726,0,0,9,24
1247,4805,metadata_similarity,0.9991297376068636,0,0,39,35
1248,3745,metadata_similarity,0.999890819716421,0,0,28,3
1249,2919,metadata_similarity,0.9997777552681615,0,0,2,9
1250,1892,metadata_similarity,0.9999795234300953,0,0,30,37
1251,3264,metadata_similarity,0.9997213356727079,0,0,34,35
1252,1252,metadata_similarity,0.9959849336123999,1,1,49,49
1253,2657,metadata_similarity,0.9997632825396552,0,0,8,25
1254,2882,metadata_similarity,0.9997928357053077,0,0,31,46
1255,1255,metadata_similarity,0.9992812204817378,1,1,9,9
1256,3319,metadata_similarity,0.9967869801844188,0,0,46,41
1257,3544,metadata_similarity,0.9997057414458344,0,0,31,40
1258,1258,metadata_similarity,0.9990383251736269,1,1,31,31
1259,1259,metadata_similarity,0.9995748329719029,1,1,46,46
1260,4661,metadata_similarity,0.9997010389103094,0,1,12,12
1261,1059,metadata_similarity,0.9982716843359949,0,1,1,1
1262,404,metadata_similarity,0.9982007762444386,0,0,1,11
1263,3129,metadata_similarity,0.9993753063522584,0,1,35,35
1264,4968,metadata_similarity,0.9998410920660652,0,0,29,27
1265,4987,metadata_similarity,0.9998134640981563,0,0,24,33
1266,342,metadata_similarity,0.9994259250764054,0,1,11,11
1267,480,metadata_similarity,0.9995027016742964,0,0,15,31
1268,82,metadata_similarity,0.9999299202020443,0,0,24,9
1269,4614,metadata_similarity,0.9994279166656989,0,0,33,45
1270,989,metadata_similarity,0.9993555757399494,0,0,4,0
1271,3339,metadata_similarity,0.9997309634620797,0,1,14,14
1272,4439,metadata_similarity,0.9999896444352356,0,0,0,10
1273,4423,metadata_similarity,0.9989046126848437,0,0,42,26
1274,4386,metadata_similarity,0.9999859819394983,0,0,6,1
1275,4771,metadata_similarity,0.9999128436270709,0,1,2,2
1276,1553,metadata_similarity,0.9998680069670427,0,0,34,42
1277,1914,metadata_similarity,0.9957079242700546,0,0,49,46
1278,854,metadata_similarity,0.9996105515581262,0,0,18,13
1279,2805,metadata_similarity,0.9992961041459566,0,0,42,44
1280,3755,metadata_similarity,0.9999115592666101,0,0,43,35
1281,4037,metadata_similarity,0.999379142591672,0,0,41,47
1282,1282,metadata_similarity,0.9999932610641455,1,1,20,20
1283,3057,metadata_similarity,0.999388302198926,0,0,32,24
1284,3995,metadata_similarity,0.9997259126356788,0,0,6,10
1285,1285,metadata_similarity,0.9997162099227678,1,1,37,37
1286,4259,metadata_similarity,0.9996432976031907,0,0,43,45
1287,109,metadata_similarity,0.9998732699724101,0,0,23,38
1288,1991,metadata_similarity,0.9996044628383575,0,1,39,39
1289,2690,metadata_similarity,0.9985893757717815,0,1,42,42
1290,1940,metadata_similarity,0.9995713317719045,0,0,8,30
1291,3288,metadata_similarity,0.999926810220362,0,0,26,41
1292,124,metadata_similarity,0.9998378845822503,0,1,1,1
1293,4188,metadata_similarity,0.9999936171563384,0,0,5,25
1294,1686,metadata_similarity,0.9996800192836093,0,0,37,39
1295,3688,metadata_similarity,0.9995952281595899,0,1,32,32
1296,976,metadata_similarity,0.9996605077304036,0,0,23,12
1297,3217,metadata_similarity,0.9999033221129224,0,0,13,9
1298,4632,metadata_similarity,0.9986681013860192,0,0,29,15
1299,1669,metadata_similarity,0.9999459900164664,0,1,6,6
1300,1559,metadata_similarity,0.9997417772763425,0,1,38,38
1301,1301,metadata_similarity,0.9899014345399928,1,1,34,34
1302,1716,metadata_similarity,0.9998144663163985,0,0,12,37
1303,613,metadata_similarity,0.9996946742564188,0,0,32,48
1304,1924,metadata_similarity,0.999481335808867,0,0,40,34
1305,4505,metadata_similarity,0.999508366290501,0,1,12,12
1306,1283,metadata_similarity,0.9999807357451388,0,0,13,32
1307,2167,metadata_similarity,0.9991618154612646,0,0,25,28
1308,2295,metadata_similarity,0.9987776277859561,0,1,39,39
1309,581,metadata_similarity,0.9995342227369183,0,0,28,38
1310,684,metadata_similarity,0.9954944006422043,0,0,33,25
1311,1311,metadata_similarity,0.9966539671343039,1,1,15,15
1312,311,metadata_similarity,0.9986886381089655,0,0,48,31
1313,3335,metadata_similarity,0.9992973338738973,0,0,5,22
1314,3761,metadata_similarity,0.9997576304733112,0,1,48,48
1315,3149,metadata_similarity,0.9981144209904685,0,0,35,26
1316,5,metadata_similarity,0.999637083027938,0,0,43,40
1317,1731,metadata_similarity,0.999991146522936,0,0,28,23
1318,4437,metadata_similarity,0.9988939737569776,0,0,2,20
1319,129,metadata_similarity,0.998245812774498,0,0,14,34
1320,239,metadata_similarity,0.9959378661726993,0,0,32,48
1321,18,metadata_similarity,0.9996708718981626,0,0,21,18
1322,3008,metadata_similarity,0.9989524520926534,0,0,10,22
1323,4058,metadata_similarity,0.99962977565184,0,0,22,7
1324,2659,metadata_similarity,0.9980215147528715,0,1,32,32
1325,529,metadata_similarity,0.9988076175382239,0,1,24,24
1326,1326,metadata_similarity,0.9998575726274054,1,1,11,11
1327,98,metadata_similarity,0.9989086545267788,0,0,37,47
1328,1284,metadata_similarity,0.9974811763504969,0,0,2,6
1329,195,metadata_similarity,0.99999877819347,0,0,14,29
1330,1330,metadata_similarity,0.9998252675788711,1,1,22,22
1331,775,metadata_similarity,0.9994070746910064,0,0,16,27
1332,1208,metadata_similarity,0.9998806298656812,0,0,45,36
1333,4494,metadata_similarity,0.9969849479681807,0,0,11,13
1334,2120,metadata_similarity,0.9901242425806798,0,0,10,5
1335,862,metadata_similarity,0.9999017777969725,0,0,40,34
1336,915,metadata_similarity,0.9997726978735217,0,0,16,4
1337,2673,metadata_similarity,0.9993777811977348,0,0,46,19
1338,3194,metadata_similarity,0.996994498813851,0,1,33,33
1339,4397,metadata_similarity,0.9993851687980212,0,0,43,29
1340,2485,metadata_similarity,0.997770099881032,0,0,25,23
1341,4692,metadata_similarity,0.9991114796490278,0,1,0,0
1342,4445,metadata_similarity,0.9999340199152382,0,0,9,24
1343,1346,metadata_similarity,0.9932227166300391,0,1,6,6
1344,2118,metadata_similarity,0.9995218701146461,0,0,15,14
1345,591,metadata_similarity,0.9972926689103309,0,0,48,39
1346,4187,metadata_similarity,0.9989559927684133,0,0,6,24
1347,893,metadata_similarity,0.9998046651134668,0,0,18,19
1348,2071,metadata_similarity,0.9973264457701744,0,1,20,20
1349,2791,metadata_similarity,0.9992911201382211,0,0,37,18
1350,3745,metadata_similarity,0.9994607328077757,0,0,18,3
1351,2965,metadata_similarity,0.9998003084339885,0,0,32,19
1352,1966,metadata_similarity,0.9992298678077234,0,0,20,37
1353,2547,metadata_similarity,0.9974694484992156,0,0,40,18
1354,1284,metadata_similarity,0.9994386429252593,0,0,31,6
1355,2880,metadata_similarity,0.9992232497256802,0,0,31,48
1356,4824,metadata_similarity,0.9985174178060698,0,0,4,30
1357,1357,metadata_similarity,0.9999044030948555,1,1,5,5
1358,3429,metadata_similarity,0.9959626779886762,0,0,40,21
1359,3564,metadata_similarity,0.9998684997792143,0,0,13,0
1360,3182,metadata_similarity,0.999505216844962,0,1,25,25
1361,2219,metadata_similarity,0.999467104158616,0,0,13,22
1362,164,metadata_similarity,0.9990718732833589,0,0,24,48
1363,264,metadata_similarity,0.9963166595189029,0,0,45,38
1364,1364,metadata_similarity,0.9984544299530598,1,1,39,39
1365,597,metadata_similarity,0.9989233817175439,0,1,39,39
1366,4858,metadata_similarity,0.999886643634944,0,0,36,31
1367,2426,metadata_similarity,0.9990829182977046,0,0,41,11
1368,249,metadata_similarity,0.9993748778407884,0,1,48,48
1369,758,metadata_similarity,0.9996431237624782,0,0,1,20
1370,2129,metadata_similarity,0.999774188125317,0,0,11,6
1371,653,metadata_similarity,0.9960234570523672,0,0,32,31
1372,2242,metadata_similarity,0.9996371189332747,0,0,39,30
1373,1984,metadata_similarity,0.9997084227039243,0,0,17,30
1374,1374,metadata_similarity,0.9996883776759564,1,1,39,39
1375,347,metadata_similarity,0.9988564865567775,0,0,18,30
1376,696,metadata_similarity,0.9991023663518998,0,0,17,22
1377,3338,metadata_similarity,0.9998393289144109,0,0,25,28
1378,455,metadata_similarity,0.9995203303929092,0,1,6,6
1379,3775,metadata_similarity,0.9992661773978601,0,1,37,37
1380,1942,metadata_similarity,0.9976684169665367,0,1,11,11
1381,1979,metadata_similarity,0.9999821094520367,0,0,27,18
1382,167,metadata_similarity,0.9994257466535288,0,0,47,36
1383,3475,metadata_similarity,0.9999671341687042,0,1,29,29
1384,2071,metadata_similarity,0.9980580018458483,0,0,15,20
1385,4596,metadata_similarity,0.999971599284031,0,0,14,29
1386,1655,metadata_similarity,0.9997831702745974,0,0,12,25
1387,2802,metadata_similarity,0.9954140470319286,0,0,38,21
1388,1476,metadata_similarity,0.9971481340466589,0,0,15,14
1389,2772,metadata_similarity,0.9989313926721909,0,1,7,7
1390,1390,metadata_similarity,0.9990411701628928,1,1,32,32
1391,2355,metadata_similarity,0.9953431123787227,0,0,46,36
1392,1723,metadata_similarity,0.9967105974096385,0,1,38,38
1393,1393,metadata_similarity,0.9969340722962022,1,1,33,33
1394,1394,metadata_similarity,0.9986537441415735,1,1,32,32
1395,775,metadata_similarity,0.9998705462615128,0,0,13,27
1396,83,metadata_similarity,0.999687803650789,0,0,2,1
1397,3644,metadata_similarity,0.9982322656396132,0,0,40,27
1398,2326,metadata_similarity,0.9999813690820971,0,0,31,11
1399,3815,metadata_similarity,0.9995130040519432,0,0,28,23
1400,1400,metadata_similarity,0.9999501061163086,1,1,49,49
1401,4153,metadata_similarity,0.9991002523494292,0,0,29,42
1402,1849,metadata_similarity,0.9993224276592925,0,0,36,41
1403,2817,metadata_similarity,0.9993735892814207,0,0,20,16
1404,62,metadata_similarity,0.9994634436468459,0,1,32,32
1405,2836,metadata_similarity,0.9992848277053074,0,0,46,47
1406,4186,metadata_similarity,0.9999072224060889,0,0,33,49
1407,2548,metadata_similarity,0.9996665256065689,0,0,12,25
1408,3692,metadata_similarity,0.9999132310036398,0,0,34,42
1409,2626,metadata_similarity,0.9999077421440842,0,0,23,24
1410,4732,metadata_similarity,0.9991079000330689,0,0,44,47
1411,3175,metadata_similarity,0.9995369291382833,0,0,37,20
1412,3101,metadata_similarity,0.9995487734872328,0,1,12,12
1413,3955,metadata_similarity,0.9996147972166438,0,0,30,41
1414,1773,metadata_similarity,0.9990794233363282,0,1,3,3
1415,1415,metadata_similarity,0.9993428044427258,1,1,8,8
1416,77,metadata_similarity,0.9991386383306265,0,0,22,10
1417,2037,metadata_similarity,0.9992850458064992,0,0,44,41
1418,493,metadata_similarity,0.9986832828586104,0,0,2,11
1419,1419,metadata_similarity,0.9997453990593651,1,1,26,26
1420,4838,metadata_similarity,0.9992737335504122,0,0,17,31
1421,3331,metadata_similarity,0.9995985888574663,0,1,29,29
1422,3078,metadata_similarity,0.9989117956660164,0,0,36,27
1423,1423,metadata_similarity,0.9996568851279326,1,1,45,45
1424,4603,metadata_similarity,0.9995158034238399,0,0,13,3
1425,2165,metadata_similarity,0.9983652887061211,0,0,26,22
1426,4147,metadata_similarity,0.9996904251539084,0,0,36,41
1427,4229,metadata_similarity,0.9989739767408243,0,0,19,25
1428,4884,metadata_similarity,0.9997529132253502,0,0,21,43
1429,2045,metadata_similarity,0.9991883037402459,0,0,47,41
1430,4486,metadata_similarity,0.9964034429087957,0,0,36,1
1431,1926,metadata_similarity,0.9996611920980057,0,1,11,11
1432,3687,metadata_similarity,0.9996042587262955,0,0,10,4
1433,1229,metadata_similarity,0.9987070042971645,0,0,10,37
1434,1090,metadata_similarity,0.9996588989801614,0,0,27,36
1435,3659,metadata_similarity,0.9997132929730395,0,0,29,26
1436,4841,metadata_similarity,0.9964453112300071,0,1,7,7
1437,876,metadata_similarity,0.9991104137493532,0,0,20,18
1438,2870,metadata_similarity,0.999846292706734,0,0,21,14
1439,1523,metadata_similarity,0.9991638141863158,0,0,33,9
1440,4119,metadata_similarity,0.9980982689103057,0,0,35,39
1441,3182,metadata_similarity,0.9997835598918773,0,1,25,25
1442,937,metadata_similarity,0.9992882455545142,0,0,4,48
1443,1867,metadata_similarity,0.9999376165866299,0,0,5,8
1444,71,metadata_similarity,0.9998649718312826,0,0,34,35
1445,721,metadata_similarity,0.9994402939118522,0,0,33,45
1446,4948,metadata_similarity,0.998793461498565,0,0,21,19
1447,1567,metadata_similarity,0.999485272859895,0,0,38,49
1448,961,metadata_similarity,0.9990865480063665,0,1,47,47
1449,3437,metadata_similarity,0.9985300352617649,0,0,5,26
1450,3775,metadata_similarity,0.999810992841778,0,0,48,37
1451,4416,metadata_similarity,0.9996362810926595,0,0,20,16
1452,3434,metadata_similarity,0.9999213647573043,0,0,45,38
1453,1453,metadata_similarity,0.9999938920313154,1,1,24,24
1454,725,metadata_similarity,0.9997561325672739,0,0,48,24
1455,717,metadata_similarity,0.9998757353772805,0,0,48,25
1456,4288,metadata_similarity,0.999252538678668,0,0,6,25
1457,722,metadata_similarity,0.998747513350118,0,0,31,11
1458,1068,metadata_similarity,0.9977584934518985,0,0,49,48
1459,3248,metadata_similarity,0.9980125403892476,0,0,41,48
1460,3616,metadata_similarity,0.9997178399067002,0,0,15,31
1461,2078,metadata_similarity,0.9987130210877384,0,0,25,10
1462,1462,metadata_similarity,0.9999041799200763,1,1,28,28
1463,831,metadata_similarity,0.9992224857006542,0,0,14,7
1464,626,metadata_similarity,0.9999876447886907,0,0,28,3
1465,4485,metadata_similarity,0.9999815531309022,0,0,43,29
1466,2114,metadata_similarity,0.9944449420345238,0,1,5,5
1467,1976,metadata_similarity,0.9998401765917202,0,0,6,33
1468,3069,metadata_similarity,0.9999685617777432,0,0,41,31
1469,2136,metadata_similarity,0.9986935828121479,0,0,45,14
1470,1470,metadata_similarity,0.9984446022357497,1,1,14,14
1471,2373,metadata_similarity,0.9996596011466455,0,0,7,13
1472,133,metadata_similarity,0.998723782957375,0,1,12,12
1473,925,metadata_similarity,0.9994133827355627,0,0,0,4
1474,158,metadata_similarity,0.9976731902895047,0,0,38,23
1475,2670,metadata_similarity,0.9998124569022989,0,0,23,28
1476,1197,metadata_similarity,0.9992652668234813,0,0,14,27
1477,838,metadata_similarity,0.9999627830972921,0,1,9,9
1478,28,metadata_similarity,0.9991452893234231,0,1,23,23
1479,1674,metadata_similarity,0.9995756245287426,0,0,21,15
1480,369,metadata_similarity,0.9997872399364416,0,1,0,0
1481,201,metadata_similarity,0.9992850425537299,0,0,37,39
1482,2672,metadata_similarity,0.9988619089052896,0,0,6,11
1483,4847,metadata_similarity,0.9982135182731637,0,0,40,35
1484,487,metadata_similarity,0.999721836105769,0,1,10,10
1485,1117,metadata_similarity,0.9994979210566496,0,1,28,28
1486,4135,metadata_similarity,0.9996098978634536,0,0,40,24
1487,1980,metadata_similarity,0.9992302306271167,0,0,39,37
1488,3657,metadata_similarity,0.9979149862683481,0,0,30,48
1489,804,metadata_similarity,0.9994682972435037,0,0,41,46
1490,2798,metadata_similarity,0.9987437670982594,0,0,8,23
1491,2755,metadata_similarity,0.9998999149797562,0,0,27,39
1492,3900,metadata_similarity,0.998312807551969,0,0,7,26
1493,472,metadata_similarity,0.9993567292242198,0,0,12,22
1494,1494,metadata_similarity,0.9999511899392114,1,1,42,42
1495,4159,metadata_similarity,0.9956870132613316,0,0,3,12
1496,4010,metadata_similarity,0.9989817350707152,0,0,15,1
1497,2900,metadata_similarity,0.9999025269219133,0,0,15,16
1498,989,metadata_similarity,0.9999189142158116,0,1,0,0
1499,2979,metadata_similarity,0.9999959781957163,0,0,16,18
1500,4411,metadata_similarity,0.9999796312391632,0,1,23,23
1501,1501,metadata_similarity,0.9985434138998941,1,1,5,5
1502,1087,metadata_similarity,0.9997276655516477,0,0,33,43
1503,1839,metadata_similarity,0.9989198367727415,0,0,30,27
1504,4075,metadata_similarity,0.9998558095096307,0,0,49,43
1505,2666,metadata_similarity,0.9997214292084022,0,0,18,16
1506,4284,metadata_similarity,0.9989046944298097,0,0,32,6
1507,508,metadata_similarity,0.9983533815558957,0,0,17,28
1508,1022,metadata_similarity,0.9990918713040307,0,0,20,9
1509,291,metadata_similarity,0.9996182463172998,0,0,47,46
1510,4896,metadata_similarity,0.9999432443910184,0,0,21,39
1511,1526,metadata_similarity,0.9988176810301614,0,0,34,27
1512,3111,metadata_similarity,0.9998285448650661,0,0,47,44
1513,249,metadata_similarity,0.9998008576834176,0,0,42,48
1514,1420,metadata_similarity,0.9994811793230801,0,0,14,17
1515,3948,metadata_similarity,0.9987995456372694,0,0,25,12
1516,1516,metadata_similarity,0.9991325965754234,1,1,22,22
1517,1517,metadata_similarity,0.9988519745465815,1,1,29,29
1518,2500,metadata_similarity,0.9987965468555273,0,0,1,21
1519,3536,metadata_similarity,0.9992465408601428,0,0,8,2
1520,378,metadata_similarity,0.9996239312416821,0,0,12,3
1521,263,metadata_similarity,0.998326421442064,0,0,42,49
1522,1744,metadata_similarity,0.9996653835577021,0,0,42,32
1523,3176,metadata_similarity,0.9995524352774336,0,0,9,24
1524,1402,metadata_similarity,0.999610886416428,0,0,38,36
1525,344,metadata_similarity,0.9985160761415647,0,1,25,25
1526,1421,metadata_similarity,0.9999010942177605,0,0,27,29
1527,3622,metadata_similarity,0.9993265911724988,0,0,5,7
1528,2189,metadata_similarity,0.9997585182196065,0,0,27,29
1529,4738,metadata_similarity,0.999798899419299,0,0,13,0
1530,1902,metadata_similarity,0.999471946976243,0,0,24,20
1531,1531,metadata_similarity,0.9991329817705973,1,1,41,41
1532,827,metadata_similarity,0.9998721030957546,0,0,11,2
1533,1147,metadata_similarity,0.9995209265829456,0,0,41,47
1534,3379,metadata_similarity,0.9995233444721081,0,1,32,32
1535,3028,metadata_similarity,0.999232985397292,0,1,22,22
1536,1643,metadata_similarity,0.9991533128405635,0,0,42,43
1537,2956,metadata_similarity,0.998141470224315,0,1,42,42
1538,4982,metadata_similarity,0.9988291709463465,0,0,1,32
1539,946,metadata_similarity,0.999965616280476,0,0,13,20
1540,3126,metadata_similarity,0.9998114921331083,0,0,20,37
1541,3193,metadata_similarity,0.9992704522236346,0,0,43,14
1542,2812,metadata_similarity,0.9996534361255516,0,0,24,8
1543,1352,metadata_similarity,0.9997394168640044,0,1,20,20
1544,1757,metadata_similarity,0.9999208984922774,0,0,29,31
1545,1881,metadata_similarity,0.9987383431020271,0,0,20,22
1546,3349,metadata_similarity,0.9998557788788892,0,0,40,24
1547,3512,metadata_similarity,0.9988958567368762,0,0,1,13
1548,3884,metadata_similarity,0.9996847083808944,0,0,46,39
1549,3311,metadata_similarity,0.99697697792804,0,1,41,41
1550,4856,metadata_similarity,0.9994079351635907,0,0,26,7
1551,329,metadata_similarity,0.998973451162037,0,1,11,11
1552,4674,metadata_similarity,0.9997970158213141,0,0,2,11
1553,380,metadata_similarity,0.9995785860032492,0,0,42,34
1554,2836,metadata_similarity,0.9993661695574191,0,0,37,47
1555,1617,metadata_similarity,0.9992910255587533,0,0,15,30
1556,2136,metadata_similarity,0.9995516060204459,0,0,44,14
1557,1974,metadata_similarity,0.9998889138563086,0,0,31,34
1558,2300,metadata_similarity,0.9999885578636191,0,1,11,11
1559,4351,metadata_similarity,0.9997102965519232,0,0,38,44
1560,4435,metadata_similarity,0.9999884956608224,0,0,11,2
1561,3566,metadata_similarity,0.9982605975696548,0,0,49,48
1562,1589,metadata_similarity,0.9999123766772691,0,0,23,17
1563,1563,metadata_similarity,0.9984243338146133,1,1,1,1
1564,4683,metadata_similarity,0.994058265866801,0,0,44,39
1565,2803,metadata_similarity,0.9987938179591047,0,0,32,24
1566,2861,metadata_similarity,0.999339474160532,0,0,7,23
1567,3975,metadata_similarity,0.9999693183704897,0,0,49,29
1568,3499,metadata_similarity,0.9981489196253964,0,0,25,22
1569,1335,metadata_similarity,0.9986007222110463,0,0,29,40
1570,760,metadata_similarity,0.9998682560253888,0,0,16,40
1571,53,metadata_similarity,0.9982926371223627,0,0,6,0
1572,1572,metadata_similarity,0.9999137750515747,1,1,16,16
1573,1573,metadata_similarity,0.9997752038756296,1,1,48,48
1574,3263,metadata_similarity,0.9990580569302598,0,0,42,49
1575,966,metadata_similarity,0.9998145105576614,0,0,12,30
1576,4396,metadata_similarity,0.9997001654607951,0,1,41,41
1577,823,metadata_similarity,0.9985466248832775,0,0,10,2
1578,2119,metadata_similarity,0.998916850707555,0,0,28,23
1579,161,metadata_similarity,0.999797964507178,0,0,9,16
1580,1580,metadata_similarity,0.9992630357285974,1,1,44,44
1581,1746,metadata_similarity,0.9995095052990931,0,0,15,27
1582,3859,metadata_similarity,0.999427067717329,0,0,22,26
1583,1022,metadata_similarity,0.9998937663699544,0,0,2,9
1584,4073,metadata_similarity,0.9986367763501589,0,0,46,36
1585,4332,metadata_similarity,0.9998330967845441,0,0,18,27
1586,3807,metadata_similarity,0.998773911962286,0,1,3,3
1587,1128,metadata_similarity,0.9991312073879255,0,1,36,36
1588,4255,metadata_similarity,0.9994963354514951,0,0,42,21
1589,3889,metadata_similarity,0.9999648172232889,0,1,17,17
1590,4985,metadata_similarity,0.9975869388506994,0,0,47,32
1591,2241,metadata_similarity,0.9989409163100601,0,0,39,20
1592,2446,metadata_similarity,0.9997808167414793,0,1,40,40
1593,2692,metadata_similarity,0.9999575018631943,0,0,41,45
1594,4696,metadata_similarity,0.997661434225732,0,0,49,44
1595,2849,metadata_similarity,0.9990884465076703,0,0,24,44
1596,2617,metadata_similarity,0.9999900726964012,0,0,13,18
1597,823,metadata_similarity,0.9995804081218975,0,1,2,2
1598,1598,metadata_similarity,0.9983156370307879,1,1,22,22
1599,3831,metadata_similarity,0.9999227042496781,0,1,4,4
1600,4815,metadata_similarity,0.9985920088406465,0,1,45,45
1601,2022,metadata_similarity,0.9999882477128474,0,0,49,44
1602,1602,metadata_similarity,0.9997231743435907,1,1,49,49
1603,4330,metadata_similarity,0.9999424650901761,0,1,38,38
1604,1477,metadata_similarity,0.999589843828012,0,1,9,9
1605,122,metadata_similarity,0.9999896788182757,0,0,47,45
1606,2390,metadata_similarity,0.9994897707622563,0,0,48,42
1607,2416,metadata_similarity,0.9952159365701885,0,0,33,49
1608,4796,metadata_similarity,0.999763915243573,0,0,44,49
1609,275,metadata_similarity,0.9988200224576843,0,0,46,36
1610,1683,metadata_similarity,0.9994022601708721,0,0,27,13
1611,1644,metadata_similarity,0.9998784057432747,0,0,38,39
1612,2767,metadata_similarity,0.9997399948375808,0,0,35,33
1613,4819,metadata_similarity,0.9997280819370525,0,0,26,42
1614,4430,metadata_similarity,0.9995650343731505,0,1,1,1
1615,121,metadata_similarity,0.9978118603990968,0,1,34,34
1616,1616,metadata_similarity,0.9989493675087856,1,1,1,1
1617,4841,metadata_similarity,0.9995341844321927,0,0,30,7
1618,2634,metadata_similarity,0.9996629833274201,0,0,14,7
1619,2306,metadata_similarity,0.9978923661236522,0,0,19,4
1620,624,metadata_similarity,0.9999786836745854,0,0,19,4
1621,1621,metadata_similarity,0.9990304691009737,1,1,1,1
1622,921,metadata_similarity,0.999498501415324,0,1,0,0
1623,3733,metadata_similarity,0.9995452049748262,0,1,3,3
1624,4990,metadata_similarity,0.9975208375901253,0,0,14,21
1625,3876,metadata_similarity,0.9993660304038798,0,0,18,16
1626,3109,metadata_similarity,0.999469473186495,0,0,21,4
1627,3787,metadata_similarity,0.9997264290600062,0,0,13,1
1628,2172,metadata_similarity,0.997497014249151,0,0,28,34
1629,1557,metadata_similarity,0.999796035637214,0,0,46,31
1630,862,metadata_similarity,0.9993177007938967,0,0,21,34
1631,2310,metadata_similarity,0.99957845691859,0,0,42,43
1632,2535,metadata_similarity,0.9999502699575276,0,0,2,9
1633,4263,metadata_similarity,0.9997144738343589,0,1,27,27
1634,4313,metadata_similarity,0.9986091530733637,0,1,23,23
1635,4624,metadata_similarity,0.9993783750317078,0,0,32,16
1636,2136,metadata_similarity,0.9997198441683878,0,0,38,14
1637,4311,metadata_similarity,0.998062707243322,0,0,18,20
1638,2935,metadata_similarity,0.9985405143898178,0,0,43,29
1639,3454,metadata_similarity,0.9948754241740608,0,0,47,19
1640,3858,metadata_similarity,0.9989148310001067,0,0,42,44
1641,172,metadata_similarity,0.9999514607991324,0,0,18,27
1642,1025,metadata_similarity,0.9990388895622653,0,0,26,42
1643,316,metadata_similarity,0.9999948314973792,0,1,43,43
1644,453,metadata_similarity,0.9998265165573649,0,0,39,13
1645,1645,metadata_similarity,0.996029575728959,1,1,38,38
1646,3375,metadata_similarity,0.9998841547957908,0,0,20,37
1647,707,metadata_similarity,0.9996131387972715,0,0,24,9
1648,1284,metadata_similarity,0.9974598484292736,0,0,17,6
1649,3779,metadata_similarity,0.9998263960641613,0,0,39,13
1650,83,metadata_similarity,0.9999199776907882,0,1,1,1
1651,391,metadata_similarity,0.9999678694805108,0,0,15,27
1652,3949,metadata_similarity,0.9998723110358904,0,0,23,33
1653,1748,metadata_similarity,0.9982907704065678,0,1,33,33
1654,3022,metadata_similarity,0.9997573928133539,0,0,32,42
1655,1386,metadata_similarity,0.9985598933786591,0,0,25,12
1656,3423,metadata_similarity,0.9996142904972228,0,0,8,10
1657,1218,metadata_similarity,0.9993274763042646,0,0,31,43
1658,3106,metadata_similarity,0.9997657310534073,0,0,14,28
1659,7,metadata_similarity,0.9999921568362958,0,0,13,15
1660,2912,metadata_similarity,0.9993441443592436,0,1,34,34
1661,4826,metadata_similarity,0.9997217786381237,0,1,40,40
1662,3535,metadata_similarity,0.9999419101573904,0,0,29,26
1663,2848,metadata_similarity,0.9988914463266557,0,0,9,1
1664,2445,metadata_similarity,0.9997755479470661,0,0,20,11
1665,1571,metadata_similarity,0.9965953360001203,0,0,0,6
1666,4580,metadata_similarity,0.9996006335819018,0,0,39,37
1667,3917,metadata_similarity,0.999755784193303,0,0,21,5
1668,104,metadata_similarity,0.999222464191973,0,0,22,30
1669,1094,metadata_similarity,0.9999176096729917,0,1,6,6
1670,1433,metadata_similarity,0.9993594821972676,0,0,12,10
1671,3830,metadata_similarity,0.998831651387123,0,0,27,21
1672,2949,metadata_similarity,0.9993218559677263,0,0,34,46
1673,2584,metadata_similarity,0.999940182213355,0,0,22,32
1674,685,metadata_similarity,0.9991316877408327,0,0,15,29
1675,3540,metadata_similarity,0.9998889659894312,0,0,32,17
1676,3564,metadata_similarity,0.999984836508125,0,0,10,0
1677,2422,metadata_similarity,0.999247571920222,0,0,26,22
1678,4611,metadata_similarity,0.9996734566705046,0,0,45,28
1679,4417,metadata_similarity,0.9995187038322744,0,0,3,13
1680,2926,metadata_similarity,0.9992069254802002,0,0,28,9
1681,1982,metadata_similarity,0.9999697001071955,0,0,23,26
1682,2401,metadata_similarity,0.9957770939177554,0,1,8,8
1683,4624,metadata_similarity,0.9982791358187654,0,0,13,16
1684,1903,metadata_similarity,0.9978818218733954,0,1,40,40
1685,158,metadata_similarity,0.999997375269588,0,0,42,23
1686,4849,metadata_similarity,0.998110546974451,0,0,39,35
1687,4990,metadata_similarity,0.9999007303765726,0,0,10,21
1688,705,metadata_similarity,0.9998279934951684,0,0,17,26
1689,1457,metadata_similarity,0.9959246818893538,0,0,36,31
1690,3290,metadata_similarity,0.9990670426170066,0,1,31,31
1691,1546,metadata_similarity,0.9988408086624593,0,0,33,40
1692,3877,metadata_similarity,0.9991793976821356,0,0,42,38
1693,1044,metadata_similarity,0.9998026019206829,0,0,43,46
1694,373,metadata_similarity,0.9997442418535087,0,1,18,18
1695,1850,metadata_similarity,0.9999527973193842,0,0,24,44
1696,2519,metadata_similarity,0.9994747703440338,0,0,38,26
1697,2687,metadata_similarity,0.99972637266474,0,0,38,14
1698,2059,metadata_similarity,0.9989072057962531,0,0,7,1
1699,1699,metadata_similarity,0.9896856784059065,1,1,8,8
1700,837,metadata_similarity,0.9997165131090181,0,1,12,12
1701,4997,metadata_similarity,0.9985804579029458,0,0,22,39
1702,58,metadata_similarity,0.9992330373223707,0,0,27,30
1703,4376,metadata_similarity,0.9998664710141324,0,0,15,16
1704,3345,metadata_similarity,0.9993063569631211,0,0,41,34
1705,2479,metadata_similarity,0.9998407039074022,0,0,41,45
1706,688,metadata_similarity,0.9983059857573942,0,0,3,35
1707,972,metadata_similarity,0.9994601629360803,0,0,27,16
1708,1921,metadata_similarity,0.9998144559386707,0,0,33,9
1709,948,metadata_similarity,0.9995764769063441,0,0,46,23
1710,3739,metadata_similarity,0.9968898363041209,0,0,5,49
1711,637,metadata_similarity,0.9958611609660475,0,0,19,7
1712,955,metadata_similarity,0.9980054445354485,0,0,33,2
1713,241,metadata_similarity,0.9996797446974344,0,0,1,4
1714,4486,metadata_similarity,0.9985965923019813,0,0,29,1
1715,2463,metadata_similarity,0.9999647961762207,0,0,28,23
1716,3892,metadata_similarity,0.9998662222254895,0,1,37,37
1717,2902,metadata_similarity,0.9996067246935078,0,0,15,13
1718,4176,metadata_similarity,0.9998527831692817,0,0,2,1
1719,1346,metadata_similarity,0.9956465951967387,0,0,1,6
1720,3030,metadata_similarity,0.999243229114705,0,0,26,5
1721,2273,metadata_similarity,0.9999349639610307,0,0,35,31
1722,2971,metadata_similarity,0.9986680319357943,0,0,10,16
1723,1723,metadata_similarity,0.9989028107258134,1,1,38,38
1724,1724,metadata_similarity,0.9931506809207966,1,1,4,4
1725,4520,metadata_similarity,0.9999350454353367,0,0,16,35
1726,2006,metadata_similarity,0.9997996222508255,0,1,12,12
1727,1727,metadata_similarity,0.9994715019694475,1,1,34,34
1728,3540,metadata_similarity,0.99950777427001,0,1,17,17
1729,309,metadata_similarity,0.9996294937477027,0,1,6,6
1730,1959,metadata_similarity,0.9973118262365387,0,0,22,27
1731,4742,metadata_similarity,0.998629148910491,0,0,23,3
1732,861,metadata_similarity,0.9997338031589076,0,0,4,0
1733,4541,metadata_similarity,0.999358964810133,0,0,46,11
1734,3950,metadata_similarity,0.9980586874136791,0,0,30,7
1735,1805,metadata_similarity,0.9999734311274644,0,0,32,25
1736,1007,metadata_similarity,0.99999284417098,0,1,23,23
1737,420,metadata_similarity,0.9998934241682091,0,0,10,19
1738,1789,metadata_similarity,0.9999578001320936,0,1,47,47
1739,4584,metadata_similarity,0.9999374483291145,0,0,4,16
1740,493,metadata_similarity,0.9989656212723834,0,0,2,11
1741,3753,metadata_similarity,0.9942129890227251,0,0,11,6
1742,4970,metadata_similarity,0.9981729498645273,0,0,7,8
1743,1743,metadata_similarity,0.9992189648474664,1,1,25,25
1744,2390,metadata_similarity,0.9995576896504547,0,0,32,42
1745,3893,metadata_similarity,0.9981228961117277,0,1,17,17
1746,2406,metadata_similarity,0.99970763463272,0,0,27,21
1747,979,metadata_similarity,0.9987354073761872,0,0,33,48
1748,383,metadata_similarity,0.9991623089151775,0,1,33,33
1749,3639,metadata_similarity,0.9996223615649205,0,0,33,28
1750,1750,metadata_similarity,0.9963037322773117,1,1,41,41
1751,2284,metadata_similarity,0.9982740038532226,0,0,4,17
1752,1453,metadata_similarity,0.9991499829993499,0,0,18,24
1753,16,metadata_similarity,0.9995537119384106,0,0,12,5
1754,3546,metadata_similarity,0.9995113927552048,0,1,12,12
1755,385,metadata_similarity,0.9997002411813855,0,0,4,10
1756,204,metadata_similarity,0.9989359525442492,0,0,35,25
1757,4095,metadata_similarity,0.999653559305006,0,0,31,27
1758,1298,metadata_similarity,0.9996764989057746,0,0,15,29
1759,1759,metadata_similarity,0.9985790172785088,1,1,10,10
1760,4671,metadata_similarity,0.999475699870629,0,0,31,41
1761,298,metadata_similarity,0.9993588619305656,0,0,12,17
1762,700,metadata_similarity,0.9991535387087286,0,1,10,10
1763,4021,metadata_similarity,0.9999588116667332,0,0,36,19
1764,1879,metadata_similarity,0.9984629393322418,0,0,2,23
1765,3892,metadata_similarity,0.9961653091020451,0,0,22,37
1766,401,metadata_similarity,0.9993214658214865,0,0,1,27
1767,589,metadata_similarity,0.9933646219647037,0,0,20,4
1768,233,metadata_similarity,0.9999185124196565,0,0,17,5
1769,4443,metadata_similarity,0.9993189903305937,0,0,31,19
1770,1205,metadata_similarity,0.9997554604749117,0,1,28,28
1771,4583,metadata_similarity,0.9999559747405634,0,1,27,27
1772,3088,metadata_similarity,0.9963706566933559,0,0,27,21
1773,3925,metadata_similarity,0.9985249909976955,0,0,3,8
1774,2309,metadata_similarity,0.9986706641689029,0,0,39,47
1775,507,metadata_similarity,0.9981245438869853,0,0,38,27
1776,3801,metadata_similarity,0.9992033371955888,0,0,7,6
1777,82,metadata_similarity,0.9996445203996063,0,0,6,9
1778,267,metadata_similarity,0.9997000052028813,0,1,30,30
1779,901,metadata_similarity,0.9999694863163995,0,0,36,41
1780,3560,metadata_similarity,0.9996812629584041,0,0,38,40
1781,1365,metadata_similarity,0.9990893353598351,0,0,29,39
1782,1782,metadata_similarity,0.9981732159248762,1,1,42,42
1783,3058,metadata_similarity,0.9999360430392134,0,0,39,29
1784,1483,metadata_similarity,0.9987325913417141,0,0,35,40
1785,104,metadata_similarity,0.9999896467445227,0,0,25,30
1786,84,metadata_similarity,0.9997793402877906,0,0,40,15
1787,3332,metadata_similarity,0.9985842353636035,0,1,13,13
1788,4079,metadata_similarity,0.9989780798721559,0,1,23,23
1789,505,metadata_similarity,0.9998888728125196,0,1,47,47
1790,2721,metadata_similarity,0.999212700773563,0,0,38,33
1791,4528,metadata_similarity,0.9983960376191992,0,0,45,47
1792,530,metadata_similarity,0.999853865709286,0,0,40,8
1793,126,metadata_similarity,0.9998535025874205,0,0,19,20
1794,3310,metadata_similarity,0.9986803041432292,0,0,29,48
1795,2268,metadata_similarity,0.9995583815058816,0,0,33,38
1796,3875,metadata_similarity,0.9986108786566846,0,1,41,41
1797,3689,metadata_similarity,0.9994344129242315,0,0,14,30
1798,2083,metadata_similarity,0.9991601315622098,0,0,49,26
1799,3618,metadata_similarity,0.9994070702733299,0,0,5,26
1800,1948,metadata_similarity,0.9987788289809204,0,0,32,31
1801,3628,metadata_similarity,0.9994587344513647,0,1,20,20
1802,1077,metadata_similarity,0.9992999096670085,0,0,11,20
1803,604,metadata_similarity,0.9997979932927503,0,0,47,41
1804,1804,metadata_similarity,0.9981448320867625,1,1,6,6
1805,445,metadata_similarity,0.9992322612130702,0,0,25,17
1806,3396,metadata_similarity,0.9998655210345913,0,0,22,26
1807,4970,metadata_similarity,0.9987890106405158,0,0,25,8
1808,1761,metadata_similarity,0.997800255129351,0,0,17,12
1809,1900,metadata_similarity,0.996293333023839,0,0,48,38
1810,4688,metadata_similarity,0.998761148914486,0,0,5,18
1811,1811,metadata_similarity,0.9999255873155956,1,1,15,15
1812,3016,metadata_similarity,0.9988015481145341,0,0,13,19
1813,480,metadata_similarity,0.9972724782277029,0,0,6,31
1814,4798,metadata_similarity,0.998933941417793,0,0,39,21
1815,2514,metadata_similarity,0.9997641217426293,0,0,16,0
1816,2093,metadata_similarity,0.9997459246564852,0,0,11,1
1817,840,metadata_similarity,0.9990099727308513,0,0,7,23
1818,1055,metadata_similarity,0.9997158732563004,0,1,2,2
1819,1902,metadata_similarity,0.9991774244954518,0,0,6,20
1820,4738,metadata_similarity,0.9992562951904341,0,0,18,0
1821,3315,metadata_similarity,0.9999681461756885,0,0,1,3
1822,605,metadata_similarity,0.9956166211369859,0,0,26,9
1823,4992,metadata_similarity,0.9993258064250237,0,0,12,25
1824,4575,metadata_similarity,0.9994885137242097,0,1,25,25
1825,1661,metadata_similarity,0.9995911052184236,0,0,35,40
1826,2899,metadata_similarity,0.9981790561086955,0,0,38,44
1827,3754,metadata_similarity,0.9910560829409005,0,1,7,7
1828,1958,metadata_similarity,0.9994883957291675,0,1,0,0
1829,946,metadata_similarity,0.9990958930373622,0,0,11,20
1830,4384,metadata_similarity,0.9993687592422458,0,1,36,36
1831,2621,metadata_similarity,0.987923928813667,0,1,19,19
1832,4737,metadata_similarity,0.9973759423221301,0,0,49,42
1833,2787,metadata_similarity,0.9998211482362883,0,0,23,26
1834,882,metadata_similarity,0.9998803114912477,0,0,29,22
1835,2660,metadata_similarity,0.9949298498698423,0,0,37,20
1836,3496,metadata_similarity,0.9952926165830086,0,0,39,37
1837,4161,metadata_similarity,0.9992256778830819,0,1,39,39
1838,3837,metadata_similarity,0.9997751500606201,0,0,43,36
1839,13,metadata_similarity,0.9990322822364532,0,0,27,36
1840,1923,metadata_similarity,0.9998599048475242,0,0,39,26
1841,4090,metadata_similarity,0.9992772485561419,0,0,25,8
1842,3778,metadata_similarity,0.9997367436171817,0,0,5,12
1843,2503,metadata_similarity,0.9995860880620656,0,0,18,27
1844,2867,metadata_similarity,0.9992205193690438,0,0,24,13
1845,752,metadata_similarity,0.9998567787318658,0,0,21,27
1846,1846,metadata_similarity,0.9966580359482484,1,1,24,24
1847,58,metadata_similarity,0.9997354404523419,0,0,15,30
1848,826,metadata_similarity,0.9999471186046357,0,0,20,4
1849,2750,metadata_similarity,0.9990112488630378,0,0,41,43
1850,974,metadata_similarity,0.9998320640633859,0,0,44,43
1851,2369,metadata_similarity,0.9995016985358145,0,0,44,42
1852,4795,metadata_similarity,0.9923362989301,0,0,40,48
1853,3264,metadata_similarity,0.9996750230307152,0,0,17,35
1854,3402,metadata_similarity,0.9991685297245345,0,0,20,17
1855,4273,metadata_similarity,0.9993075856294396,0,0,21,12
1856,1621,metadata_similarity,0.9966397873022195,0,0,6,1
1857,2802,metadata_similarity,0.9993492683300933,0,0,23,21
1858,4738,metadata_similarity,0.9994139266735116,0,0,4,0
1859,4199,metadata_similarity,0.9998397266169934,0,0,14,34
1860,4980,metadata_similarity,0.9997699986326659,0,1,2,2
1861,4272,metadata_similarity,0.9993513468617852,0,0,44,47
1862,2812,metadata_similarity,0.9999295048686778,0,1,8,8
1863,2502,metadata_similarity,0.9994549390255332,0,0,20,1
1864,731,metadata_similarity,0.9996406498310049,0,0,8,3
1865,2955,metadata_similarity,0.9999068255027734,0,1,4,4
1866,3815,metadata_similarity,0.9989708163892309,0,0,28,23
1867,1867,metadata_similarity,0.9985720519597066,1,1,8,8
1868,457,metadata_similarity,0.9996545925523307,0,0,35,12
1869,757,metadata_similarity,0.999798491599885,0,1,28,28
1870,1889,metadata_similarity,0.9995280741921911,0,0,38,43
1871,2079,metadata_similarity,0.9999322288065849,0,0,1,9
1872,1254,metadata_similarity,0.9990105533234735,0,0,29,31
1873,3500,metadata_similarity,0.9999588563385152,0,0,47,44
1874,642,metadata_similarity,0.9999877761605422,0,0,42,44
1875,2491,metadata_similarity,0.9981906901417039,0,0,11,41
1876,2496,metadata_similarity,0.9996968305379257,0,0,23,25
1877,1240,metadata_similarity,0.9988381096864424,0,0,17,10
1878,662,metadata_similarity,0.9984768853740403,0,0,15,22
1879,1207,metadata_similarity,0.9990538994848579,0,0,23,14
1880,2834,metadata_similarity,0.9989932551961698,0,0,14,28
1881,2078,metadata_similarity,0.9994779358723161,0,0,22,10
1882,4503,metadata_similarity,0.9996553993850754,0,1,4,4
1883,4416,metadata_similarity,0.9996938330417725,0,0,29,16
1884,22,metadata_similarity,0.9986302681632786,0,1,46,46
1885,2698,metadata_similarity,0.9991404113609575,0,0,26,14
1886,980,metadata_similarity,0.9967198921286056,0,1,7,7
1887,1887,metadata_similarity,0.995170088692791,1,1,5,5
1888,157,metadata_similarity,0.9993312060779574,0,0,44,31
1889,4809,metadata_similarity,0.9998021076296276,0,0,43,37
1890,1890,metadata_similarity,0.9989984828876531,1,1,0,0
1891,2775,metadata_similarity,0.9983872662709093,0,1,25,25
1892,1892,metadata_similarity,0.9987894245973975,1,1,37,37
1893,1317,metadata_similarity,0.9995603118730045,0,0,9,28
1894,1894,metadata_similarity,0.9994018331666953,1,1,30,30
1895,4007,metadata_similarity,0.9999675839640695,0,0,2,20
1896,4872,metadata_similarity,0.9998798881761126,0,0,5,23
1897,1946,metadata_similarity,0.9994543113286847,0,0,2,10
1898,1178,metadata_similarity,0.99727726960271,0,1,45,45
1899,125,metadata_similarity,0.9999814483675363,0,0,46,44
1900,1573,metadata_similarity,0.9996428781016448,0,0,38,48
1901,1901,metadata_similarity,0.9991630938146021,1,1,43,43
1902,1530,metadata_similarity,0.999851643341533,0,0,20,24
1903,1903,metadata_similarity,0.9992989321205521,1,1,40,40
1904,184,metadata_similarity,0.9982394124265993,0,1,31,31
1905,1587,metadata_similarity,0.9984893300039319,0,0,31,36
1906,4928,metadata_similarity,0.9997558566598687,0,0,29,18
1907,1907,metadata_similarity,0.9986755658038907,1,1,27,27
1908,325,metadata_similarity,0.9988700323331113,0,1,5,5
1909,1529,metadata_similarity,0.9999414501924383,0,0,4,13
1910,3174,metadata_similarity,0.9994986941578246,0,0,5,8
1911,2682,metadata_similarity,0.999119047487305,0,0,6,13
1912,3249,metadata_similarity,0.9996158970953735,0,0,41,31
1913,3658,metadata_similarity,0.9998274410683562,0,0,23,43
1914,3509,metadata_similarity,0.999337046015478,0,0,46,32
1915,3425,metadata_similarity,0.999585389532089,0,0,8,14
1916,1916,metadata_similarity,0.999841246425694,1,1,0,0
1917,3814,metadata_similarity,0.9993277038512646,0,0,25,26
1918,1321,metadata_similarity,0.9985292035093204,0,1,21,21
1919,1900,metadata_similarity,0.9996241939527686,0,0,48,38
1920,12,metadata_similarity,0.9988683235471923,0,0,30,35
1921,455,metadata_similarity,0.9993792441170227,0,0,9,6
1922,4902,metadata_similarity,0.9960785604735035,0,0,12,5
1923,667,metadata_similarity,0.9992452534942012,0,0,26,12
1924,2364,metadata_similarity,0.9992980152852614,0,0,34,35
1925,3107,metadata_similarity,0.9997030973544683,0,0,7,15
1926,1380,metadata_similarity,0.9985197770840112,0,1,11,11
1927,804,metadata_similarity,0.9997465064892795,0,0,34,46
1928,4457,metadata_similarity,0.9999188248184387,0,1,34,34
1929,4512,metadata_similarity,0.9993175019239678,0,1,3,3
1930,1348,metadata_similarity,0.9996894034622198,0,1,20,20
1931,1668,metadata_similarity,0.9994045123904411,0,0,27,22
1932,2543,metadata_similarity,0.9997557723004619,0,0,49,44
1933,2536,metadata_similarity,0.9998422946424789,0,1,9,9
1934,2786,metadata_similarity,0.9996594898590885,0,0,37,12
1935,2736,metadata_similarity,0.9995945953329765,0,1,35,35
1936,1936,metadata_similarity,0.996399460076482,1,1,40,40
1937,156,metadata_similarity,0.9997749498678689,0,1,6,6
1938,4707,metadata_similarity,0.9998301312435871,0,0,41,44
1939,2933,metadata_similarity,0.9968044518610931,0,1,24,24
1940,997,metadata_similarity,0.9982693042250317,0,0,30,28
1941,4338,metadata_similarity,0.9995414200864168,0,0,43,42
1942,1431,metadata_similarity,0.9997735404762732,0,1,11,11
1943,4510,metadata_similarity,0.9987172509927293,0,0,39,34
1944,725,metadata_similarity,0.9990082858577705,0,0,48,24
1945,1090,metadata_similarity,0.9998814903717888,0,0,43,36
1946,3432,metadata_similarity,0.9992130666537016,0,0,10,17
1947,502,metadata_similarity,0.99869310986511,0,1,5,5
1948,4971,metadata_similarity,0.9934310594542376,0,1,31,31
1949,4860,metadata_similarity,0.9960322175293375,0,0,12,4
1950,1544,metadata_similarity,0.9994478602160194,0,1,29,29
1951,2765,metadata_similarity,0.9946621880173423,0,1,1,1
1952,1952,metadata_similarity,0.9998800106474288,1,1,19,19
1953,4670,metadata_similarity,0.9996736670966994,0,0,25,7
1954,906,metadata_similarity,0.9926442209640773,0,0,37,39
1955,3801,metadata_similarity,0.9996100182619656,0,0,32,6
1956,3019,metadata_similarity,0.9990701624458875,0,0,48,42
1957,3353,metadata_similarity,0.9999935012499963,0,0,3,9
1958,1828,metadata_similarity,0.9997650284806152,0,1,0,0
1959,1730,metadata_similarity,0.9990724450333168,0,0,27,22
1960,1104,metadata_similarity,0.9999041248861265,0,0,40,43
1961,4583,metadata_similarity,0.9993317947896752,0,0,15,27
1962,400,metadata_similarity,0.9997901865082239,0,0,32,10
1963,1963,metadata_similarity,0.998498901321564,1,1,7,7
1964,199,metadata_similarity,0.9998821944448881,0,0,19,0
1965,3268,metadata_similarity,0.9995774128491204,0,0,25,10
1966,1646,metadata_similarity,0.9993544753808992,0,0,37,20
1967,174,metadata_similarity,0.998889550952557,0,1,48,48
1968,1915,metadata_similarity,0.9998210153485124,0,0,16,8
1969,776,metadata_similarity,0.9991115653467405,0,0,49,27
1970,1892,metadata_similarity,0.9997444068317302,0,1,37,37
1971,3864,metadata_similarity,0.9991673686693009,0,1,41,41
1972,1811,metadata_similarity,0.9999050024412107,0,0,11,15
1973,1309,metadata_similarity,0.9999733562471725,0,0,45,28
1974,267,metadata_similarity,0.999780885072804,0,0,34,30
1975,148,metadata_similarity,0.9997043537952357,0,0,27,49
1976,4741,metadata_similarity,0.9981472198651379,0,0,33,25
1977,58,metadata_similarity,0.9996394564969255,0,0,7,30
1978,2711,metadata_similarity,0.9944045299070399,0,0,1,2
1979,1381,metadata_similarity,0.9991685860954123,0,0,18,27
1980,1554,metadata_similarity,0.9997671389532811,0,1,37,37
1981,322,metadata_similarity,0.9991446436919263,0,0,43,40
1982,4079,metadata_similarity,0.9984254201651818,0,0,26,23
1983,1446,metadata_similarity,0.9997452275596779,0,0,13,21
1984,3889,metadata_similarity,0.9990952886231214,0,0,30,17
1985,3270,metadata_similarity,0.9999059478014246,0,0,45,38
1986,1986,metadata_similarity,0.9991317580251797,1,1,21,21
1987,1987,metadata_similarity,0.9998370020103229,1,1,25,25
1988,1022,metadata_similarity,0.9998226609193266,0,0,1,9
1989,1007,metadata_similarity,0.9987598875470206,0,0,36,23
1990,4732,metadata_similarity,0.9996878898334159,0,0,45,47
1991,220,metadata_similarity,0.999851863629838,0,0,39,35
1992,2324,metadata_similarity,0.9988021707433496,0,1,4,4
1993,3263,metadata_similarity,0.9994525715465676,0,0,43,49
1994,3814,metadata_similarity,0.9988239788586877,0,0,30,26
1995,1995,metadata_similarity,0.9993978819263672,1,1,16,16
1996,3983,metadata_similarity,0.9996292767129855,0,0,17,30
1997,3732,metadata_similarity,0.9985179239150987,0,0,35,12
1998,617,metadata_similarity,0.9999777392312963,0,0,18,24
1999,2583,metadata_similarity,0.9999706242221903,0,0,39,7
2000,2334,metadata_similarity,0.9993969664942581,0,0,23,20
2001,1675,metadata_similarity,0.9995480734439262,0,0,41,32
2002,922,metadata_similarity,0.998902206637539,0,0,36,31
2003,2663,metadata_similarity,0.9996491694988755,0,0,43,15
2004,750,metadata_similarity,0.9999369537499606,0,0,27,47
2005,4899,metadata_similarity,0.9996350458161866,0,0,30,20
2006,1655,metadata_similarity,0.9996334495751416,0,0,12,25
2007,2692,metadata_similarity,0.9997110783698956,0,0,44,45
2008,989,metadata_similarity,0.9989327748370436,0,1,0,0
2009,1053,metadata_similarity,0.9999051931224738,0,0,20,18
2010,2577,metadata_similarity,0.9999126815868157,0,0,33,35
2011,1058,metadata_similarity,0.9995356466755092,0,0,2,6
2012,2692,metadata_similarity,0.9999849498584483,0,0,44,45
2013,2452,metadata_similarity,0.9999937627929318,0,1,44,44
2014,69,metadata_similarity,0.9993076717334999,0,0,43,22
2015,1878,metadata_similarity,0.9996837948800477,0,0,4,15
2016,4277,metadata_similarity,0.9990737389413658,0,0,33,23
2017,4007,metadata_similarity,0.9997881526670671,0,0,9,20
2018,2316,metadata_similarity,0.999901153242915,0,0,0,9
2019,1683,metadata_similarity,0.999976532917201,0,0,35,13
2020,2020,metadata_similarity,0.9999380803659371,1,1,3,3
2021,2021,metadata_similarity,0.9977264927079742,1,1,23,23
2022,4463,metadata_similarity,0.9988071289830773,0,0,44,46
2023,821,metadata_similarity,0.9993721603510061,0,0,22,5
2024,1737,metadata_similarity,0.999176221455204,0,0,37,10
2025,3266,metadata_similarity,0.9996391892380719,0,1,17,17
2026,11,metadata_similarity,0.9990349421668173,0,0,3,2
2027,1401,metadata_similarity,0.9997509779063206,0,0,22,29
2028,3500,metadata_similarity,0.9998154037740726,0,0,41,44
2029,4427,metadata_similarity,0.999059413473446,0,0,30,37
2030,1748,metadata_similarity,0.9995752910435883,0,0,44,33
2031,944,metadata_similarity,0.9998087312107968,0,0,42,22
2032,401,metadata_similarity,0.9996323551695937,0,0,13,27
2033,520,metadata_similarity,0.9990559870753551,0,1,3,3
2034,20,metadata_similarity,0.9990787821013162,0,0,16,15
2035,640,metadata_similarity,0.9995686300018052,0,0,11,1
2036,2036,metadata_similarity,0.9999107449645841,1,1,10,10
2037,2037,metadata_similarity,0.99822895100415,1,1,41,41
2038,3947,metadata_similarity,0.9996098517810903,0,0,15,3
2039,1971,metadata_similarity,0.9999963653518783,0,0,47,41
2040,2040,metadata_similarity,0.9998522397824975,1,1,15,15
2041,1913,metadata_similarity,0.9988089338486063,0,0,30,23
2042,961,metadata_similarity,0.9996638407580691,0,0,46,47
2043,3764,metadata_similarity,0.9986211998106213,0,0,14,5
2044,2044,metadata_similarity,0.9995589736171341,1,1,12,12
2045,3756,metadata_similarity,0.9999124678705477,0,0,41,31
2046,3776,metadata_similarity,0.9988314002301818,0,0,25,22
2047,1001,metadata_similarity,0.999836263436588,0,0,21,1
2048,4508,metadata_similarity,0.9996724775564632,0,0,3,38
2049,2049,metadata_similarity,0.9992682958293573,1,1,41,41
2050,4949,metadata_similarity,0.9974668061790457,0,0,11,19
2051,1010,metadata_similarity,0.9993711891607657,0,0,6,16
2052,4361,metadata_similarity,0.9995589094306359,0,0,17,7
2053,540,metadata_similarity,0.9998480332177304,0,0,33,21
2054,3016,metadata_similarity,0.9993810391492581,0,0,11,19
2055,3163,metadata_similarity,0.9993529584290435,0,0,48,49
2056,2855,metadata_similarity,0.9963827868175091,0,0,35,14
2057,2593,metadata_similarity,0.9973845166201601,0,0,7,17
2058,570,metadata_similarity,0.9997146766219962,0,0,12,18
2059,4590,metadata_similarity,0.9987407316069489,0,0,1,15
2060,2826,metadata_similarity,0.9995647210538791,0,1,16,16
2061,2061,metadata_similarity,0.9986681719769281,1,1,31,31
2062,989,metadata_similarity,0.9989220040268654,0,0,10,0
2063,2063,metadata_similarity,0.9987053027097728,1,1,8,8
2064,3840,metadata_similarity,0.9990348866863775,0,0,11,37
2065,836,metadata_similarity,0.999544738072899,0,0,40,18
2066,391,metadata_similarity,0.9992443554923927,0,0,36,27
2067,2804,metadata_similarity,0.9959791807721794,0,0,14,26
2068,1682,metadata_similarity,0.9970969257270741,0,0,5,8
2069,3184,metadata_similarity,0.9996856415097574,0,1,5,5
2070,4332,metadata_similarity,0.9996563814950159,0,0,38,27
2071,826,metadata_similarity,0.999121993363729,0,0,20,4
2072,2072,metadata_similarity,0.9988109650705116,1,1,40,40
2073,4568,metadata_similarity,0.9991557373042649,0,0,27,49
2074,2356,metadata_similarity,0.9993785111389754,0,0,19,20
2075,1098,metadata_similarity,0.999991335673908,0,0,38,31
2076,4571,metadata_similarity,0.9998694156514771,0,0,42,34
2077,1601,metadata_similarity,0.9967113714122207,0,1,49,49
2078,2650,metadata_similarity,0.9999970985528362,0,0,10,17
2079,306,metadata_similarity,0.9998505354822032,0,0,9,6
2080,786,metadata_similarity,0.9996099810385329,0,0,9,2
2081,794,metadata_similarity,0.9997061597481518,0,0,1,2
2082,3149,metadata_similarity,0.9993668688631319,0,0,40,26
2083,3505,metadata_similarity,0.9999943834250581,0,0,26,29
2084,3335,metadata_similarity,0.9981646521740186,0,0,26,22
2085,962,metadata_similarity,0.9994940093876057,0,1,16,16
2086,2102,metadata_similarity,0.9996377016343907,0,0,38,49
2087,1674,metadata_similarity,0.9995872252175163,0,0,19,15
2088,2419,metadata_similarity,0.9998300481022482,0,0,33,24
2089,431,metadata_similarity,0.9983792266975589,0,0,14,36
2090,4608,metadata_similarity,0.9998436372844082,0,0,43,44
2091,111,metadata_similarity,0.998747842813755,0,0,23,38
2092,483,metadata_similarity,0.9993248484049032,0,0,42,22
2093,4783,metadata_similarity,0.999575583089778,0,0,1,11
2094,2094,metadata_similarity,0.9997171613610434,1,1,19,19
2095,2095,metadata_similarity,0.9991097000522831,1,1,19,19
2096,1934,metadata_similarity,0.9997746262123308,0,0,10,37
2097,2097,metadata_similarity,0.9993827759706813,1,1,3,3
2098,1939,metadata_similarity,0.9999973222276579,0,1,24,24
2099,4969,metadata_similarity,0.9997458763570366,0,0,21,5
2100,1458,metadata_similarity,0.9996384943163423,0,0,48,49
2101,64,metadata_similarity,0.9990181257722538,0,0,20,27
2102,421,metadata_similarity,0.9998724946037751,0,0,49,44
2103,4860,metadata_similarity,0.9997979480105401,0,0,22,4
2104,3521,metadata_similarity,0.9992867356658476,0,0,13,27
2105,2105,metadata_similarity,0.999783964228823,1,1,45,45
2106,402,metadata_similarity,0.9986776249204624,0,0,26,8
2107,2604,metadata_similarity,0.9989763386766949,0,1,48,48
2108,2108,metadata_similarity,0.9990103373597761,1,1,40,40
2109,3713,metadata_similarity,0.9984734538578339,0,0,38,30
2110,2110,metadata_similarity,0.9995676344099902,1,1,31,31
2111,3549,metadata_similarity,0.9998184914951282,0,0,33,41
2112,2112,metadata_similarity,0.9998556342574506,1,1,16,16
2113,1025,metadata_similarity,0.9985321713125654,0,1,42,42
2114,2114,metadata_similarity,0.9987715475756311,1,1,5,5
2115,3079,metadata_similarity,0.996424533429669,0,0,17,19
2116,3346,metadata_similarity,0.9998629684216386,0,0,23,38
2117,559,metadata_similarity,0.9993524063479273,0,0,48,40
2118,3493,metadata_similarity,0.9994250273753608,0,0,14,26
2119,997,metadata_similarity,0.9981646169261741,0,0,23,28
2120,1334,metadata_similarity,0.9995387409327929,0,0,5,10
2121,2952,metadata_similarity,0.9997880942901843,0,1,45,45
2122,791,metadata_similarity,0.999996338379844,0,1,32,32
2123,1902,metadata_similarity,0.9998905280274092,0,0,24,20
2124,1820,metadata_similarity,0.9999854318712951,0,0,0,18
2125,517,metadata_similarity,0.9995221069398007,0,0,3,12
2126,4697,metadata_similarity,0.9999464543687263,0,0,23,49
2127,563,metadata_similarity,0.9999497419802009,0,0,40,43
2128,1058,metadata_similarity,0.9995028856996009,0,0,9,6
2129,3386,metadata_similarity,0.9986703725368137,0,0,6,1
2130,1092,metadata_similarity,0.9994146974267458,0,0,5,18
2131,3593,metadata_similarity,0.9997635014867178,0,1,21,21
2132,4831,metadata_similarity,0.9999737524553126,0,0,28,44
2133,2656,metadata_similarity,0.9985985975235848,0,0,49,48
2134,1996,metadata_similarity,0.9998554132681725,0,0,36,17
2135,2333,metadata_similarity,0.9991502975898156,0,1,42,42
2136,1770,metadata_similarity,0.9993660778948301,0,0,14,28
2137,839,metadata_similarity,0.9980387816182601,0,0,48,49
2138,2138,metadata_similarity,0.9997568713588136,1,1,13,13
2139,3340,metadata_similarity,0.9992885240945916,0,0,47,30
2140,3620,metadata_similarity,0.9996659111884164,0,0,24,19
2141,814,metadata_similarity,0.998115439803705,0,0,9,2
2142,1346,metadata_similarity,0.9996607423843622,0,0,13,6
2143,684,metadata_similarity,0.9995807048626514,0,1,25,25
2144,294,metadata_similarity,0.9994783481497261,0,0,13,16
2145,533,metadata_similarity,0.9963275436883369,0,0,19,10
2146,4247,metadata_similarity,0.9998422188257186,0,1,0,0
2147,1409,metadata_similarity,0.9985775706494592,0,0,5,23
2148,3453,metadata_similarity,0.9992875434583762,0,1,22,22
2149,2945,metadata_similarity,0.9999929770686943,0,0,42,32
2150,938,metadata_similarity,0.9998582628048328,0,0,9,20
2151,630,metadata_similarity,0.9991825404339278,0,0,31,41
2152,1312,metadata_similarity,0.9975824477060382,0,1,48,48
2153,1557,metadata_similarity,0.9998443748270646,0,0,36,31
2154,3961,metadata_similarity,0.999023234856633,0,0,28,45
2155,3045,metadata_similarity,0.9982753289238996,0,0,35,43
2156,1796,metadata_similarity,0.9997722412758134,0,0,32,41
2157,558,metadata_similarity,0.9998818294459914,0,0,42,38
2158,1184,metadata_similarity,0.9999156949495503,0,0,4,15
2159,3571,metadata_similarity,0.9998977712826166,0,0,39,29
2160,4109,metadata_similarity,0.999238543121522,0,0,12,17
2161,1200,metadata_similarity,0.9999918800643247,0,1,12,12
2162,3626,metadata_similarity,0.9997857689987008,0,1,11,11
2163,938,metadata_similarity,0.9998676208603748,0,1,20,20
2164,3034,metadata_similarity,0.9966541653717603,0,0,13,11
2165,2892,metadata_similarity,0.9988884488608785,0,0,22,42
2166,2166,metadata_similarity,0.9944807857053138,1,1,19,19
2167,2555,metadata_similarity,0.9997147180220112,0,0,28,23
2168,4419,metadata_similarity,0.9999365629264833,0,1,43,43
2169,3273,metadata_similarity,0.9988394572587878,0,0,38,46
2170,2952,metadata_similarity,0.9999331099920169,0,0,41,45
2171,4359,metadata_similarity,0.9991897324279362,0,0,10,8
2172,3587,metadata_similarity,0.997695203495635,0,0,34,28
2173,2015,metadata_similarity,0.9981229206793633,0,0,19,4
2174,3390,metadata_similarity,0.9988906136655278,0,0,14,15
2175,3064,metadata_similarity,0.9989348164559129,0,0,45,33
2176,4071,metadata_similarity,0.9981313103421272,0,1,40,40
2177,2261,metadata_similarity,0.9998051921729123,0,0,25,12
2178,2164,metadata_similarity,0.9993415210450886,0,0,31,13
2179,401,metadata_similarity,0.9999315149501644,0,0,13,27
2180,2448,metadata_similarity,0.998950077456,0,0,1,21
2181,1664,metadata_similarity,0.9985597683084584,0,0,11,20
2182,1183,metadata_similarity,0.9996364351266759,0,0,22,26
2183,3205,metadata_similarity,0.9997471971718287,0,0,37,31
2184,4770,metadata_similarity,0.9995906837216434,0,0,4,19
2185,4770,metadata_similarity,0.9988613457286523,0,0,0,19
2186,3181,metadata_similarity,0.999190338927756,0,0,13,29
2187,3770,metadata_similarity,0.9992639397154683,0,1,34,34
2188,4903,metadata_similarity,0.9990669076825746,0,0,18,14
2189,3223,metadata_similarity,0.9998477797194453,0,0,29,3
2190,2190,metadata_similarity,0.9986882762942748,1,1,43,43
2191,3641,metadata_similarity,0.9989726937967012,0,0,14,10
2192,2144,metadata_similarity,0.9995492941580412,0,1,13,13
2193,258,metadata_similarity,0.9985761651701139,0,0,4,10
2194,959,metadata_similarity,0.9993556839028178,0,0,13,1
2195,1859,metadata_similarity,0.9996938317677637,0,0,22,14
2196,4726,metadata_similarity,0.9999075632106096,0,0,42,15
2197,2849,metadata_similarity,0.9988985389292895,0,0,24,44
2198,3764,metadata_similarity,0.9986448976932403,0,1,5,5
2199,3330,metadata_similarity,0.9993606101088198,0,0,43,49
2200,4789,metadata_similarity,0.9998484756602545,0,0,29,48
2201,4453,metadata_similarity,0.9991631544253772,0,1,39,39
2202,4831,metadata_similarity,0.9968291526629529,0,0,34,44
2203,3830,metadata_similarity,0.9997456741376969,0,0,15,21
2204,215,metadata_similarity,0.9996173655543745,0,0,37,46
2205,1566,metadata_similarity,0.9979661300388012,0,0,2,7
2206,2019,metadata_similarity,0.997859319976931,0,0,29,35
2207,3418,metadata_similarity,0.9958124771999181,0,0,2,9
2208,3247,metadata_similarity,0.9999593712174506,0,0,27,16
2209,1425,metadata_similarity,0.9991284328609524,0,1,26,26
2210,4343,metadata_similarity,0.9976677436517388,0,0,44,40
2211,4407,metadata_similarity,0.999513212567263,0,1,29,29
2212,2212,metadata_similarity,0.9996460721122449,1,1,6,6
2213,3572,metadata_similarity,0.9994473428645663,0,1,21,21
2214,3393,metadata_similarity,0.9999164175889447,0,0,34,36
2215,2215,metadata_similarity,0.998174057916041,1,1,24,24
2216,2966,metadata_similarity,0.9982746962961608,0,0,36,28
2217,263,metadata_similarity,0.9981862317441893,0,0,22,49
2218,833,metadata_similarity,0.9993458369413838,0,0,18,21
2219,3035,metadata_similarity,0.9993290799650251,0,0,22,34
2220,1440,metadata_similarity,0.9996231198303847,0,0,37,35
2221,2606,metadata_similarity,0.9999054141493543,0,0,1,11
2222,4947,metadata_similarity,0.9993217431158107,0,0,23,20
2223,3273,metadata_similarity,0.9994679664714569,0,0,43,46
2224,4223,metadata_similarity,0.9999627770696254,0,0,21,14
2225,468,metadata_similarity,0.9996590881071192,0,0,7,36
2226,3713,metadata_similarity,0.9969915648390004,0,0,34,30
2227,1022,metadata_similarity,0.999793763029538,0,1,9,9
2228,4164,metadata_similarity,0.9972624767732535,0,0,15,11
2229,2288,metadata_similarity,0.9992032117407454,0,0,49,43
2230,3610,metadata_similarity,0.999213959596407,0,0,22,15
2231,915,metadata_similarity,0.9998333328031886,0,0,7,4
2232,674,metadata_similarity,0.9998394481869716,0,0,14,22
2233,2362,metadata_similarity,0.999227082973351,0,0,38,45
2234,3292,metadata_similarity,0.9995099699005441,0,0,41,34
2235,3932,metadata_similarity,0.9982362751313096,0,0,20,19
2236,2236,metadata_similarity,0.9979708513738803,1,1,35,35
2237,229,metadata_similarity,0.9999076992598275,0,0,29,19
2238,4099,metadata_similarity,0.9998842413703127,0,0,4,12
2239,4304,metadata_similarity,0.9995399900058871,0,1,32,32
2240,375,metadata_similarity,0.9999601495581548,0,0,18,13
2241,876,metadata_similarity,0.9995698925930208,0,0,20,18
2242,992,metadata_similarity,0.9999040103484504,0,0,30,14
2243,2243,metadata_similarity,0.9990523762938316,1,1,49,49
2244,2606,metadata_similarity,0.9992688740705158,0,1,11,11
2245,2245,metadata_similarity,0.9985799975917072,1,1,22,22
2246,2299,metadata_similarity,0.9991145975131651,0,0,19,17
2247,2226,metadata_similarity,0.9996637470670795,0,0,36,34
2248,3038,metadata_similarity,0.9999058722291008,0,0,6,32
2249,3316,metadata_similarity,0.9984222072480644,0,0,0,4
2250,3834,metadata_similarity,0.9994070784778726,0,0,23,2
2251,721,metadata_similarity,0.9995403920637159,0,1,45,45
2252,92,metadata_similarity,0.9988933359860139,0,0,15,34
2253,2877,metadata_similarity,0.9991885560904061,0,0,0,13
2254,2000,metadata_similarity,0.9994415122570223,0,0,17,23
2255,715,metadata_similarity,0.9995294860587275,0,0,40,36
2256,4453,metadata_similarity,0.9999833621885168,0,0,37,39
2257,2257,metadata_similarity,0.999704116188867,1,1,23,23
2258,3678,metadata_similarity,0.9995480724952186,0,0,48,32
2259,30,metadata_similarity,0.9998462836624882,0,1,30,30
2260,3505,metadata_similarity,0.999790408352186,0,0,7,29
2261,3066,metadata_similarity,0.999897572056093,0,1,12,12
2262,893,metadata_similarity,0.9999408354527352,0,0,18,19
2263,1348,metadata_similarity,0.99830313837856,0,1,20,20
2264,1608,metadata_similarity,0.9997282482953127,0,0,40,44
2265,1576,metadata_similarity,0.99912464063677,0,0,36,41
2266,4690,metadata_similarity,0.9978679081511486,0,1,0,0
2267,1760,metadata_similarity,0.9999694587608045,0,0,41,31
2268,4061,metadata_similarity,0.9994099803684099,0,0,38,35
2269,2427,metadata_similarity,0.9988347375932715,0,0,11,20
2270,1655,metadata_similarity,0.9991162357067498,0,0,21,25
2271,3626,metadata_similarity,0.9986609513248569,0,0,19,11
2272,250,metadata_similarity,0.9994402294263998,0,0,22,7
2273,3864,metadata_similarity,0.9986653081929806,0,0,31,41
2274,614,metadata_similarity,0.9960790112160535,0,0,36,46
2275,2019,metadata_similarity,0.9971599370708978,0,0,13,35
2276,1577,metadata_similarity,0.9990879412332625,0,0,11,10
2277,237,metadata_similarity,0.9995188683191062,0,0,46,37
2278,756,metadata_similarity,0.998964043712979,0,0,33,3
2279,3924,metadata_similarity,0.9992055684513468,0,0,24,33
2280,4950,metadata_similarity,0.9995432964237219,0,0,46,31
2281,4648,metadata_similarity,0.9998609540316901,0,0,36,47
2282,4964,metadata_similarity,0.9991236576201917,0,0,30,36
2283,2283,metadata_similarity,0.9995376297086329,1,1,8,8
2284,696,metadata_similarity,0.9995684221269938,0,0,17,22
2285,3240,metadata_similarity,0.9993781983809461,0,0,20,17
2286,1401,metadata_similarity,0.9985379465937944,0,0,27,29
2287,3484,metadata_similarity,0.9978720024639763,0,1,14,14
2288,750,metadata_similarity,0.9999082388226739,0,0,43,47
2289,1870,metadata_similarity,0.9993458046716581,0,0,46,38
2290,556,metadata_similarity,0.9998427752377997,0,0,33,24
2291,2030,metadata_similarity,0.9991371444005658,0,0,45,44
2292,748,metadata_similarity,0.9997358459163459,0,0,21,39
2293,188,metadata_similarity,0.9997397448076198,0,0,43,47
2294,3739,metadata_similarity,0.9957161189632118,0,0,26,49
2295,2201,metadata_similarity,0.9969750435972274,0,1,39,39
2296,1008,metadata_similarity,0.9997073878151235,0,1,28,28
2297,2297,metadata_similarity,0.999745391025522,1,1,41,41
2298,3986,metadata_similarity,0.9970676474171005,0,0,43,36
2299,2299,metadata_similarity,0.9891834890087012,1,1,17,17
2300,1558,metadata_similarity,0.9977320628628735,0,1,11,11
2301,2484,metadata_similarity,0.9995359571738187,0,1,44,44
2302,3585,metadata_similarity,0.9994737436413678,0,0,23,35
2303,2728,metadata_similarity,0.997787470133233,0,0,32,31
2304,3079,metadata_similarity,0.9999476095197145,0,0,37,19
2305,427,metadata_similarity,0.9993025508759762,0,0,14,26
2306,2306,metadata_similarity,0.9980132622296708,1,1,4,4
2307,948,metadata_similarity,0.9997511139356532,0,0,41,23
2308,1229,metadata_similarity,0.9996837436716486,0,0,12,37
2309,988,metadata_similarity,0.9953575355088441,0,0,47,43
2310,3491,metadata_similarity,0.9995383610843568,0,0,43,35
2311,4927,metadata_similarity,0.9996195716545331,0,1,32,32
2312,2795,metadata_similarity,0.9993355810707613,0,0,47,30
2313,4601,metadata_similarity,0.9996556905050814,0,1,7,7
2314,4526,metadata_similarity,0.9998240927932622,0,0,43,39
2315,2315,metadata_similarity,0.9994155537309282,1,1,11,11
2316,4500,metadata_similarity,0.9998072681828579,0,0,9,6
2317,3245,metadata_similarity,0.9929794824990243,0,1,11,11
2318,142,metadata_similarity,0.9978876166468043,0,0,5,10
2319,2650,metadata_similarity,0.9999935588782296,0,0,39,17
2320,4004,metadata_similarity,0.9989592035128595,0,0,48,17
2321,2456,metadata_similarity,0.9998074519752331,0,0,32,6
2322,4138,metadata_similarity,0.9990797242306847,0,1,12,12
2323,3436,metadata_similarity,0.9980078590974963,0,0,49,48
2324,2324,metadata_similarity,0.998727859307579,1,1,4,4
2325,2330,metadata_similarity,0.999880189570532,0,0,35,23
2326,3103,metadata_similarity,0.9995045225760297,0,0,11,28
2327,4142,metadata_similarity,0.999855172770585,0,0,5,34
2328,2942,metadata_similarity,0.9981450690949981,0,0,19,0
2329,3840,metadata_similarity,0.9995777803579303,0,0,4,37
2330,2332,metadata_similarity,0.997652619822476,0,0,23,38
2331,2738,metadata_similarity,0.9989925614360022,0,0,20,2
2332,4257,metadata_similarity,0.9995142014005851,0,0,38,35
2333,2333,metadata_similarity,0.9998187838931064,1,1,42,42
2334,487,metadata_similarity,0.9996078180764538,0,0,20,10
2335,2984,metadata_similarity,0.9999660589254675,0,0,47,36
2336,3069,metadata_similarity,0.9987015995021121,0,1,31,31
2337,997,metadata_similarity,0.9996358497456069,0,0,26,28
2338,4016,metadata_similarity,0.9971807585157432,0,0,10,4
2339,3750,metadata_similarity,0.9996507003513402,0,0,39,19
2340,2617,metadata_similarity,0.9991471598545011,0,0,19,18
2341,2853,metadata_similarity,0.9999885868892784,0,0,23,36
2342,1943,metadata_similarity,0.9996307213097242,0,0,26,39
2343,4725,metadata_similarity,0.9999460818339523,0,0,18,37
2344,3040,metadata_similarity,0.9987088368235364,0,0,26,42
2345,4383,metadata_similarity,0.9996526037515316,0,0,25,31
2346,2346,metadata_similarity,0.9994003427754685,1,1,34,34
2347,148,metadata_similarity,0.9996468268422405,0,0,43,49
2348,811,metadata_similarity,0.9994840844455054,0,0,23,28
2349,2055,metadata_similarity,0.9956428928309957,0,1,48,48
2350,3466,metadata_similarity,0.9987686185100421,0,0,15,10
2351,835,metadata_similarity,0.9980509270813133,0,0,42,46
2352,3621,metadata_similarity,0.998435144183823,0,0,17,19
2353,2840,metadata_similarity,0.9999421331190739,0,0,20,33
2354,3157,metadata_similarity,0.9990172505484894,0,1,30,30
2355,1099,metadata_similarity,0.9991907216807462,0,0,36,22
2356,2074,metadata_similarity,0.9957043267801259,0,0,20,19
2357,1060,metadata_similarity,0.9999064546924737,0,0,17,32
2358,4383,metadata_similarity,0.9988224750936663,0,0,41,31
2359,2359,metadata_similarity,0.9992517696965548,1,1,31,31
2360,1843,metadata_similarity,0.9998614358205408,0,0,15,18
2361,3815,metadata_similarity,0.9997297778736141,0,0,33,23
2362,891,metadata_similarity,0.9997972108788643,0,0,45,41
2363,3714,metadata_similarity,0.9992955943068423,0,0,4,20
2364,1304,metadata_similarity,0.9999320942467715,0,0,35,40
2365,1240,metadata_similarity,0.9995588933656803,0,0,18,10
2366,2194,metadata_similarity,0.9993169186050296,0,0,16,13
2367,2367,metadata_similarity,0.9998300259447107,1,1,32,32
2368,530,metadata_similarity,0.9981494893785015,0,0,21,8
2369,1874,metadata_similarity,0.9995116247483566,0,1,42,42
2370,22,metadata_similarity,0.9976527437773776,0,0,36,46
2371,1720,metadata_similarity,0.9979508272680563,0,0,5,26
2372,370,metadata_similarity,0.999952929074483,0,0,38,33
2373,1598,metadata_similarity,0.9992301150764169,0,0,13,22
2374,4592,metadata_similarity,0.998689286439384,0,0,46,42
2375,2497,metadata_similarity,0.9977304706291725,0,1,3,3
2376,2190,metadata_similarity,0.9979658588568847,0,1,43,43
2377,3500,metadata_similarity,0.9988967383190218,0,1,44,44
2378,1090,metadata_similarity,0.999836475148042,0,0,35,36
2379,1641,metadata_similarity,0.9998810865741937,0,0,12,18
2380,3435,metadata_similarity,0.9946592799364815,0,0,33,18
2381,2381,metadata_similarity,0.9986126711790825,1,1,48,48
2382,4347,metadata_similarity,0.9996920586147605,0,1,10,10
2383,2383,metadata_similarity,0.9996045547018222,1,1,30,30
2384,653,metadata_similarity,0.9914848943194834,0,1,31,31
2385,2289,metadata_similarity,0.9998306975260881,0,0,43,46
2386,882,metadata_similarity,0.9999412399183609,0,0,21,22
2387,2209,metadata_similarity,0.9998750841911663,0,0,5,26
2388,2979,metadata_similarity,0.9998364458542031,0,0,27,18
2389,2379,metadata_similarity,0.999176958557523,0,0,18,12
2390,4579,metadata_similarity,0.9988701042463929,0,0,42,49
2391,2151,metadata_similarity,0.9999172126246041,0,1,31,31
2392,317,metadata_similarity,0.9989979770309965,0,0,17,7
2393,3291,metadata_similarity,0.9991048411801658,0,1,0,0
2394,2394,metadata_similarity,0.9994660562320709,1,1,2,2
2395,336,metadata_similarity,0.9999083137056104,0,0,15,21
2396,2396,metadata_similarity,0.9993687378377711,1,1,48,48
2397,2694,metadata_similarity,0.9982245296885413,0,1,39,39
2398,2949,metadata_similarity,0.9998640353676496,0,0,17,46
2399,1339,metadata_similarity,0.9996976569577203,0,0,29,43
2400,4677,metadata_similarity,0.9997701624804638,0,0,45,38
2401,3906,metadata_similarity,0.9907726162570278,0,0,8,0
2402,4313,metadata_similarity,0.9984728916584333,0,0,44,23
2403,2643,metadata_similarity,0.9996041749929279,0,0,19,13
2404,1714,metadata_similarity,0.9992417900743417,0,0,46,29
2405,2405,metadata_similarity,0.9960654447110725,1,1,4,4
2406,2215,metadata_similarity,0.9977967839013727,0,0,21,24
2407,2407,metadata_similarity,0.9996786056880885,1,1,31,31
2408,2001,metadata_similarity,0.9998846293488447,0,0,36,41
2409,2409,metadata_similarity,0.9964618458535118,1,1,7,7
2410,2410,metadata_similarity,0.9976428816345607,1,1,40,40
2411,3816,metadata_similarity,0.9996322443088528,0,0,45,47
2412,1849,metadata_similarity,0.9984461250210026,0,0,35,41
2413,263,metadata_similarity,0.9975814447357483,0,0,42,49
2414,1622,metadata_similarity,0.9997746852586757,0,0,6,0
2415,2976,metadata_similarity,0.9981168448738955,0,0,9,2
2416,2416,metadata_similarity,0.9976158811137832,1,1,49,49
2417,161,metadata_similarity,0.998883122792219,0,0,3,16
2418,3309,metadata_similarity,0.9949769165379085,0,0,42,49
2419,542,metadata_similarity,0.998677147370796,0,0,24,23
2420,4258,metadata_similarity,0.9991980823170823,0,0,25,28
2421,2515,metadata_similarity,0.9993655888964315,0,0,5,26
2422,4281,metadata_similarity,0.999742555185025,0,0,22,34
2423,4195,metadata_similarity,0.9979593162920941,0,0,37,31
2424,333,metadata_similarity,0.998555977507032,0,1,24,24
2425,3839,metadata_similarity,0.9987132638017387,0,0,2,20
2426,2426,metadata_similarity,0.9995643404875124,1,1,11,11
2427,3341,metadata_similarity,0.9998698675501573,0,0,20,32
2428,3098,metadata_similarity,0.998861983570225,0,0,7,5
2429,3091,metadata_similarity,0.9983272020574652,0,1,29,29
2430,2509,metadata_similarity,0.9985177399863445,0,0,47,41
2431,1188,metadata_similarity,0.9995143139433221,0,0,20,37
2432,4393,metadata_similarity,0.9990238229886667,0,0,25,14
2433,4297,metadata_similarity,0.9998858943499904,0,0,42,47
2434,2925,metadata_similarity,0.9994314103253819,0,0,31,0
2435,4721,metadata_similarity,0.9993370766328694,0,0,18,40
2436,1130,metadata_similarity,0.999027968034967,0,1,9,9
2437,2437,metadata_similarity,0.9989387100492024,1,1,1,1
2438,3941,metadata_similarity,0.9993996593586667,0,0,37,4
2439,2439,metadata_similarity,0.9993729217210685,1,1,47,47
2440,3834,metadata_similarity,0.9993197017314949,0,1,2,2
2441,971,metadata_similarity,0.9973930487331963,0,0,24,48
2442,3953,metadata_similarity,0.9998268782244004,0,0,5,12
2443,1118,metadata_similarity,0.9989886964734654,0,0,26,5
2444,3928,metadata_similarity,0.9997858716635064,0,0,43,18
2445,2445,metadata_similarity,0.9989653853377187,1,1,11,11
2446,4862,metadata_similarity,0.9976804571491035,0,0,40,22
2447,1879,metadata_similarity,0.9994428427327969,0,0,2,23
2448,399,metadata_similarity,0.9993277636120046,0,0,21,16
2449,1663,metadata_similarity,0.999618158053254,0,0,20,9
2450,2423,metadata_similarity,0.9997053204768388,0,0,20,37
2451,1646,metadata_similarity,0.9991764748209797,0,0,39,20
2452,3960,metadata_similarity,0.9992961906685918,0,0,44,9
2453,3373,metadata_similarity,0.9973138575179533,0,0,28,38
2454,3653,metadata_similarity,0.9998189417240945,0,0,34,42
2455,4041,metadata_similarity,0.9991784246485024,0,0,16,21
2456,2321,metadata_similarity,0.9971544323045961,0,0,6,32
2457,4591,metadata_similarity,0.9999575918109295,0,0,1,19
2458,3456,metadata_similarity,0.9952225010362215,0,0,17,8
2459,3687,metadata_similarity,0.9982939537242884,0,0,15,4
2460,378,metadata_similarity,0.9997863430556702,0,1,3,3
2461,449,metadata_similarity,0.9995621061645859,0,0,4,3
2462,2428,metadata_similarity,0.9967174414306189,0,0,15,7
2463,60,metadata_similarity,0.999760286025071,0,0,23,20
2464,4900,metadata_similarity,0.9997897373549067,0,0,21,29
2465,105,metadata_similarity,0.9999287808146465,0,1,21,21
2466,85,metadata_similarity,0.9997989005413548,0,1,3,3
2467,1241,metadata_similarity,0.9990690039880094,0,0,21,26
2468,959,metadata_similarity,0.9995974110719701,0,0,0,1
2469,2469,metadata_similarity,0.997293982404832,1,1,33,33
2470,2173,metadata_similarity,0.9989092589938579,0,0,4,19
2471,4332,metadata_similarity,0.999437004192519,0,0,18,27
2472,2472,metadata_similarity,0.9993271559074501,1,1,48,48
2473,4929,metadata_similarity,0.9999086244817037,0,0,28,23
2474,1861,metadata_similarity,0.9976697243401946,0,0,47,44
2475,2475,metadata_similarity,0.9977748459975639,1,1,1,1
2476,2069,metadata_similarity,0.9978108086039174,0,0,8,5
2477,3364,metadata_similarity,0.9996529107241136,0,0,14,21
2478,1711,metadata_similarity,0.9956132926995114,0,1,19,19
2479,4394,metadata_similarity,0.9998398278958395,0,0,45,36
2480,3110,metadata_similarity,0.9993317909201328,0,0,31,34
2481,2481,metadata_similarity,0.9998511999774615,1,1,47,47
2482,3533,metadata_similarity,0.9999872393243421,0,0,46,48
2483,3842,metadata_similarity,0.999224567620803,0,0,45,47
2484,4117,metadata_similarity,0.9998767426729341,0,0,44,38
2485,530,metadata_similarity,0.9988622527232012,0,0,23,8
2486,4524,metadata_similarity,0.9994957641366974,0,0,14,21
2487,328,metadata_similarity,0.9975389589833947,0,0,33,24
2488,2526,metadata_similarity,0.9994312554567809,0,0,16,15
2489,155,metadata_similarity,0.99920484154186,0,0,35,43
2490,2744,metadata_similarity,0.9998837191212291,0,0,36,27
2491,2491,metadata_similarity,0.9998406814037207,1,1,41,41
2492,3810,metadata_similarity,0.9998096531546247,0,0,0,4
2493,2493,metadata_similarity,0.9967815966002405,1,1,8,8
2494,3608,metadata_similarity,0.9998070665188452,0,0,47,44
2495,3957,metadata_similarity,0.9986444962964419,0,0,18,4
2496,4411,metadata_similarity,0.999852226531762,0,0,25,23
2497,3771,metadata_similarity,0.9980618388461894,0,1,3,3
2498,3267,metadata_similarity,0.998232950767951,0,0,14,31
2499,4641,metadata_similarity,0.9989720691977527,0,0,45,44
2500,646,metadata_similarity,0.9948684195238554,0,0,21,7
2501,1662,metadata_similarity,0.9998522801855384,0,0,5,29
2502,2329,metadata_similarity,0.9941402525468891,0,0,1,4
2503,3542,metadata_similarity,0.9992988878916762,0,1,27,27
2504,3025,metadata_similarity,0.9997191765656455,0,1,26,26
2505,1638,metadata_similarity,0.9998665932693178,0,0,21,43
2506,299,metadata_similarity,0.9995871037976625,0,0,9,12
2507,2441,metadata_similarity,0.9978343920421076,0,0,30,24
2508,1178,metadata_similarity,0.9944333999890579,0,0,20,45
2509,2509,metadata_similarity,0.9999166942101487,1,1,41,41
2510,4905,metadata_similarity,0.999466275733797,0,1,28,28
2511,2720,metadata_similarity,0.9997859126495219,0,1,35,35
2512,3895,metadata_similarity,0.9999290906036343,0,1,47,47
2513,4516,metadata_similarity,0.9996333047165572,0,0,4,0
2514,4337,metadata_similarity,0.9995265556864896,0,0,0,10
2515,3339,metadata_similarity,0.9993626016524663,0,0,26,14
2516,285,metadata_similarity,0.9960803899747549,0,0,19,17
2517,2519,metadata_similarity,0.997859812379589,0,0,34,26
2518,4545,metadata_similarity,0.9997440474526509,0,0,19,0
2519,465,metadata_similarity,0.9995816266785854,0,0,26,30
2520,901,metadata_similarity,0.9996124360893843,0,0,14,41
2521,807,metadata_similarity,0.9999954800621607,0,0,45,36
2522,4892,metadata_similarity,0.9993444202197689,0,0,15,0
2523,3729,metadata_similarity,0.9999551095292578,0,1,38,38
2524,3244,metadata_similarity,0.9997885124453059,0,0,32,39
2525,2081,metadata_similarity,0.9984795666332685,0,0,11,1
2526,2620,metadata_similarity,0.9991738810273654,0,1,15,15
2527,2527,metadata_similarity,0.9994214672164227,1,1,25,25
2528,2528,metadata_similarity,0.9987681691926381,1,1,46,46
2529,4983,metadata_similarity,0.9999123788886172,0,0,17,10
2530,2782,metadata_similarity,0.9997082747384247,0,0,41,47
2531,3150,metadata_similarity,0.9999973198242937,0,1,42,42
2532,260,metadata_similarity,0.9999168130333208,0,1,38,38
2533,807,metadata_similarity,0.9999998564249251,0,0,38,36
2534,125,metadata_similarity,0.9991570382289793,0,0,36,44
2535,2535,metadata_similarity,0.9994172110280998,1,1,9,9
2536,3693,metadata_similarity,0.9998530415046373,0,0,9,6
2537,154,metadata_similarity,0.9992611059801271,0,0,26,14
2538,1438,metadata_similarity,0.999653805768597,0,0,22,21
2539,519,metadata_similarity,0.9997036786147009,0,0,46,41
2540,1761,metadata_similarity,0.9983822585019686,0,0,16,12
2541,2541,metadata_similarity,0.9959455327585833,1,1,43,43
2542,820,metadata_similarity,0.9999809611752951,0,0,19,29
2543,4579,metadata_similarity,0.9985868410338324,0,0,44,49
2544,1920,metadata_similarity,0.9972622470636137,0,0,35,30
2545,748,metadata_similarity,0.9979519375076041,0,0,21,39
2546,1589,metadata_similarity,0.9983785356076834,0,0,25,17
2547,1353,metadata_similarity,0.9992967765679255,0,0,18,40
2548,3041,metadata_similarity,0.9994271161471155,0,0,25,12
2549,362,metadata_similarity,0.9999136522313921,0,0,37,16
2550,4701,metadata_similarity,0.9990725844947581,0,0,36,23
2551,4597,metadata_similarity,0.9991237189476416,0,0,23,26
2552,4059,metadata_similarity,0.9997767914933621,0,1,31,31
2553,2968,metadata_similarity,0.9997170987161345,0,1,16,16
2554,306,metadata_similarity,0.9991586581900787,0,0,32,6
2555,445,metadata_similarity,0.993967546021571,0,0,23,17
2556,3512,metadata_similarity,0.998631030605637,0,0,4,13
2557,3139,metadata_similarity,0.9999682128444598,0,1,6,6
2558,1049,metadata_similarity,0.999086388666812,0,0,26,34
2559,2559,metadata_similarity,0.9984377206787922,1,1,19,19
2560,253,metadata_similarity,0.9992014884284005,0,0,46,43
2561,3130,metadata_similarity,0.9970112587174499,0,0,40,10
2562,3764,metadata_similarity,0.9991879846787669,0,0,16,5
2563,2357,metadata_similarity,0.998104572445056,0,0,10,17
2564,4408,metadata_similarity,0.9992913160076963,0,0,41,47
2565,678,metadata_similarity,0.9998649589678197,0,0,42,43
2566,1140,metadata_similarity,0.9990133871715051,0,1,10,10
2567,1748,metadata_similarity,0.9989691626722508,0,0,42,33
2568,1395,metadata_similarity,0.9999077326162824,0,0,16,13
2569,1516,metadata_similarity,0.999525841894048,0,0,12,22
2570,1024,metadata_similarity,0.999909014023382,0,1,3,3
2571,1457,metadata_similarity,0.9929731986798453,0,0,11,31
2572,2495,metadata_similarity,0.9995864714233722,0,1,18,18
2573,3581,metadata_similarity,0.9978384935168404,0,0,8,7
2574,3903,metadata_similarity,0.9984700825853211,0,0,42,47
2575,723,metadata_similarity,0.999635348172703,0,0,49,42
2576,2576,metadata_similarity,0.9980770305477344,1,1,34,34
2577,4648,metadata_similarity,0.9996232366587916,0,0,35,47
2578,2849,metadata_similarity,0.9983952429162117,0,0,24,44
2579,3816,metadata_similarity,0.9984976987193309,0,0,45,47
2580,2133,metadata_similarity,0.9988935698629962,0,0,42,49
2581,2707,metadata_similarity,0.9997024588356619,0,0,29,21
2582,1218,metadata_similarity,0.9981765809165233,0,0,45,43
2583,1278,metadata_similarity,0.9996341025243776,0,0,7,18
2584,2625,metadata_similarity,0.9997871753490954,0,0,32,31
2585,3045,metadata_similarity,0.9973414074813552,0,0,40,43
2586,2337,metadata_similarity,0.9991798954975433,0,1,26,26
2587,1125,metadata_similarity,0.9964090989273352,0,1,44,44
2588,1010,metadata_similarity,0.999559729861463,0,0,6,16
2589,4772,metadata_similarity,0.9940342065711683,0,1,37,37
2590,2780,metadata_similarity,0.9996546988955567,0,0,15,33
2591,3089,metadata_similarity,0.9974316168750506,0,0,47,19
2592,1181,metadata_similarity,0.9968966172579141,0,0,37,32
2593,3642,metadata_similarity,0.9995561975699362,0,0,17,23
2594,850,metadata_similarity,0.999407606045398,0,0,5,14
2595,2659,metadata_similarity,0.9998506602056129,0,0,48,32
2596,1033,metadata_similarity,0.9947023982358735,0,0,34,28
2597,720,metadata_similarity,0.9997562966031905,0,0,39,46
2598,4221,metadata_similarity,0.9993871540073075,0,1,26,26
2599,2599,metadata_similarity,0.9999835089549804,1,1,7,7
2600,2811,metadata_similarity,0.9996389751639214,0,0,39,36
2601,4192,metadata_similarity,0.9998834486342234,0,1,6,6
2602,530,metadata_similarity,0.9998467841619766,0,0,23,8
2603,2532,metadata_similarity,0.9999813676182504,0,1,38,38
2604,2604,metadata_similarity,0.9995023514632793,1,1,48,48
2605,721,metadata_similarity,0.9993009403202383,0,0,28,45
2606,4531,metadata_similarity,0.9992019366810955,0,0,11,1
2607,1446,metadata_similarity,0.9997664410783895,0,0,11,21
2608,4313,metadata_similarity,0.9997577991618738,0,0,33,23
2609,2516,metadata_similarity,0.9976236332609434,0,0,36,19
2610,3590,metadata_similarity,0.9986144410223702,0,0,46,42
2611,2440,metadata_similarity,0.9998729845961974,0,0,23,2
2612,2296,metadata_similarity,0.9992347785120782,0,0,2,28
2613,901,metadata_similarity,0.9998515195432117,0,0,23,41
2614,2081,metadata_similarity,0.9984817589376258,0,0,11,1
2615,573,metadata_similarity,0.9976595874224765,0,1,17,17
2616,4575,metadata_similarity,0.9990639301940427,0,0,28,25
2617,2403,metadata_similarity,0.9998970450962508,0,0,18,19
2618,944,metadata_similarity,0.9994412489953669,0,0,48,22
2619,2672,metadata_similarity,0.9992996507274058,0,0,6,11
2620,2553,metadata_similarity,0.9999498514327664,0,0,15,16
2621,2621,metadata_similarity,0.9984291982584971,1,1,19,19
2622,4,metadata_similarity,0.9979442832227366,0,1,43,43
2623,309,metadata_similarity,0.9987619065653723,0,0,18,6
2624,2624,metadata_similarity,0.9974061066122742,1,1,5,5
2625,2818,metadata_similarity,0.9996549799590305,0,0,31,15
2626,2987,metadata_similarity,0.999495619873308,0,0,24,5
2627,1026,metadata_similarity,0.9978187335667525,0,0,40,12
2628,183,metadata_similarity,0.9980366739363741,0,0,11,6
2629,2629,metadata_similarity,0.9977301575732759,1,1,48,48
2630,4241,metadata_similarity,0.9997480471118386,0,0,17,4
2631,832,metadata_similarity,0.9993036287381807,0,1,24,24
2632,2632,metadata_similarity,0.9969178281871198,1,1,49,49
2633,2895,metadata_similarity,0.9999053319314901,0,0,43,47
2634,4400,metadata_similarity,0.9986000259436872,0,0,7,14
2635,3751,metadata_similarity,0.9998710071694119,0,0,42,44
2636,2324,metadata_similarity,0.9989454909133433,0,0,17,4
2637,4013,metadata_similarity,0.9978677315832986,0,1,34,34
2638,2638,metadata_similarity,0.999874685831478,1,1,1,1
2639,1332,metadata_similarity,0.9998952917881093,0,0,44,45
2640,2456,metadata_similarity,0.9998602410709497,0,0,32,6
2641,2144,metadata_similarity,0.9995911344220557,0,0,0,13
2642,4388,metadata_similarity,0.9963542437688219,0,0,4,19
2643,401,metadata_similarity,0.9980163987769619,0,0,13,27
2644,998,metadata_similarity,0.9995825089710717,0,0,40,28
2645,2783,metadata_similarity,0.9975076058790355,0,0,30,9
2646,1263,metadata_similarity,0.9983860022233243,0,0,3,35
2647,3126,metadata_similarity,0.9981676885660437,0,0,30,37
2648,1514,metadata_similarity,0.9992726452770092,0,0,34,14
2649,925,metadata_similarity,0.9999557868305229,0,1,4,4
2650,4682,metadata_similarity,0.9998424611793972,0,0,17,25
2651,2422,metadata_similarity,0.9972087601682992,0,0,26,22
2652,1881,metadata_similarity,0.9991709740233988,0,0,15,22
2653,422,metadata_similarity,0.9996104308744445,0,1,43,43
2654,543,metadata_similarity,0.9998044310844993,0,0,24,22
2655,3002,metadata_similarity,0.9997636286600456,0,0,49,44
2656,1279,metadata_similarity,0.9984545139225139,0,0,48,42
2657,3423,metadata_similarity,0.9992874427866316,0,0,25,10
2658,4453,metadata_similarity,0.9986567136820085,0,1,39,39
2659,2396,metadata_similarity,0.9990865460386904,0,0,32,48
2660,1835,metadata_similarity,0.9997812870597299,0,0,20,37
2661,4607,metadata_similarity,0.9999929760551175,0,0,19,31
2662,2760,metadata_similarity,0.9998022481362713,0,1,9,9
2663,3359,metadata_similarity,0.9989849561914486,0,0,15,14
2664,2171,metadata_similarity,0.9983135203448759,0,0,3,10
2665,4866,metadata_similarity,0.99994707501857,0,1,45,45
2666,476,metadata_similarity,0.9999927361882485,0,1,16,16
2667,2811,metadata_similarity,0.9997785345464818,0,1,36,36
2668,4708,metadata_similarity,0.9999672958903676,0,0,47,39
2669,2895,metadata_similarity,0.9995067004104663,0,0,30,47
2670,2670,metadata_similarity,0.9996126789778449,1,1,28,28
2671,4147,metadata_similarity,0.9990721648675797,0,0,46,41
2672,2628,metadata_similarity,0.9990955321305618,0,1,11,11
2673,1644,metadata_similarity,0.9992347202049736,0,0,19,39
2674,922,metadata_similarity,0.9992574398372671,0,0,36,31
2675,2869,metadata_similarity,0.9967081401430357,0,0,1,2
2676,4813,metadata_similarity,0.9992592604919673,0,0,25,26
2677,500,metadata_similarity,0.9994054330099305,0,0,35,30
2678,1693,metadata_similarity,0.9991826196768103,0,0,29,43
2679,2143,metadata_similarity,0.9996985490175399,0,0,33,25
2680,2680,metadata_similarity,0.9997935606355379,1,1,44,44
2681,1067,metadata_similarity,0.9998645490501603,0,0,32,27
2682,2682,metadata_similarity,0.9999601881565462,1,1,13,13
2683,4615,metadata_similarity,0.999984157819144,0,1,34,34
2684,253,metadata_similarity,0.9997869883545509,0,0,27,43
2685,2802,metadata_similarity,0.9990558327568969,0,0,13,21
2686,2646,metadata_similarity,0.9998430060536556,0,0,38,3
2687,2707,metadata_similarity,0.9996369264953758,0,0,14,21
2688,1057,metadata_similarity,0.9994242390610211,0,1,8,8
2689,895,metadata_similarity,0.9998918467364615,0,0,14,7
2690,1522,metadata_similarity,0.999726638273378,0,1,42,42
2691,507,metadata_similarity,0.9981264017480305,0,0,21,27
2692,28,metadata_similarity,0.999435745741884,0,0,45,23
2693,3644,metadata_similarity,0.9992489429957276,0,0,40,27
2694,2734,metadata_similarity,0.9997713204287599,0,0,39,43
2695,1103,metadata_similarity,0.9998871344309778,0,0,4,18
2696,2327,metadata_similarity,0.9989157476359244,0,0,42,5
2697,1458,metadata_similarity,0.9950805860894507,0,0,48,49
2698,3135,metadata_similarity,0.9999366917243615,0,0,14,12
2699,2120,metadata_similarity,0.9955023001885406,0,0,10,5
2700,330,metadata_similarity,0.9985944929538038,0,0,30,35
2701,1855,metadata_similarity,0.9990140530260767,0,1,21,21
2702,3088,metadata_similarity,0.9992447935321713,0,0,40,21
2703,4889,metadata_similarity,0.9980045756074238,0,0,4,32
2704,1836,metadata_similarity,0.9972778074410105,0,0,37,39
2705,1076,metadata_similarity,0.999050489577782,0,1,27,27
2706,180,metadata_similarity,0.9998565302008477,0,0,4,0
2707,682,metadata_similarity,0.9970004728366981,0,0,21,13
2708,604,metadata_similarity,0.9957103668134692,0,0,32,41
2709,2201,metadata_similarity,0.9991554807656772,0,0,27,39
2710,4801,metadata_similarity,0.9999570684797165,0,0,9,18
2711,3418,metadata_similarity,0.999007394784224,0,0,2,9
2712,4016,metadata_similarity,0.9988810987184464,0,0,18,4
2713,2713,metadata_similarity,0.9932324039873595,1,1,46,46
2714,4345,metadata_similarity,0.9999782254385425,0,0,40,23
2715,1253,metadata_similarity,0.999605141716746,0,0,30,8
2716,4007,metadata_similarity,0.9994963195495512,0,0,2,20
2717,1271,metadata_similarity,0.999672952958678,0,0,17,14
2718,2542,metadata_similarity,0.999633336098722,0,0,22,19
2719,2966,metadata_similarity,0.9976416570184309,0,0,30,28
2720,2995,metadata_similarity,0.9997613104867573,0,0,35,37
2721,0,metadata_similarity,0.9999325588189836,0,0,33,35
2722,34,metadata_similarity,0.9995093853400738,0,0,37,39
2723,4834,metadata_similarity,0.9985131897823849,0,0,9,17
2724,46,metadata_similarity,0.9990761070371184,0,0,47,43
2725,625,metadata_similarity,0.9996560340020995,0,0,37,22
2726,671,metadata_similarity,0.999171812226787,0,0,27,14
2727,2825,metadata_similarity,0.9990153842086767,0,0,44,42
2728,2122,metadata_similarity,0.9922693793477912,0,0,31,32
2729,3103,metadata_similarity,0.9960918916076699,0,0,9,28
2730,2730,metadata_similarity,0.999919963594518,1,1,18,18
2731,1974,metadata_similarity,0.9981609618428684,0,0,31,34
2732,1368,metadata_similarity,0.9999236308902786,0,0,49,48
2733,4477,metadata_similarity,0.9997044444817649,0,0,21,7
2734,2734,metadata_similarity,0.9992789446916193,1,1,43,43
2735,1546,metadata_similarity,0.9997223891817405,0,0,44,40
2736,2736,metadata_similarity,0.9995087814304052,1,1,35,35
2737,3539,metadata_similarity,0.9989958171887277,0,0,19,4
2738,2449,metadata_similarity,0.9997387742741465,0,0,2,20
2739,161,metadata_similarity,0.999682345183161,0,0,30,16
2740,4696,metadata_similarity,0.9995879709662943,0,0,45,44
2741,1048,metadata_similarity,0.9998993795666671,0,1,39,39
2742,4830,metadata_similarity,0.9998238634319332,0,0,24,45
2743,358,metadata_similarity,0.9986687124567128,0,0,10,24
2744,4550,metadata_similarity,0.9990674508595908,0,0,27,14
2745,4035,metadata_similarity,0.9999499691498407,0,0,46,31
2746,4146,metadata_similarity,0.9992151999507017,0,1,24,24
2747,3013,metadata_similarity,0.9984612344730611,0,0,29,16
2748,3934,metadata_similarity,0.9970678768396278,0,0,0,17
2749,1435,metadata_similarity,0.9999098065826629,0,0,13,29
2750,2204,metadata_similarity,0.9996143982152018,0,0,43,37
2751,1756,metadata_similarity,0.9985084294237873,0,0,12,35
2752,98,metadata_similarity,0.9996770916767559,0,0,37,47
2753,33,metadata_similarity,0.999853519861753,0,0,9,3
2754,1335,metadata_similarity,0.996343797496581,0,0,34,40
2755,4773,metadata_similarity,0.9990413407272971,0,0,39,29
2756,4841,metadata_similarity,0.9998503896246207,0,0,36,7
2757,2757,metadata_similarity,0.9991671164814844,1,1,1,1
2758,3476,metadata_similarity,0.9982409490715362,0,1,39,39
2759,167,metadata_similarity,0.9999555977599079,0,0,41,36
2760,4051,metadata_similarity,0.9991703822961878,0,0,9,23
2761,2435,metadata_similarity,0.9991195234179946,0,0,40,18
2762,2040,metadata_similarity,0.9996834219814613,0,0,13,15
2763,3692,metadata_similarity,0.9988283438131214,0,0,34,42
2764,3122,metadata_similarity,0.9990690945751155,0,0,39,1
2765,2797,metadata_similarity,0.999970217401657,0,0,1,2
2766,2801,metadata_similarity,0.9995449891430769,0,0,39,5
2767,1043,metadata_similarity,0.9995746629581777,0,1,33,33
2768,4515,metadata_similarity,0.9996438572815783,0,1,28,28
2769,2614,metadata_similarity,0.9990346740876744,0,0,2,11
2770,579,metadata_similarity,0.9995532592015538,0,0,10,17
2771,4616,metadata_similarity,0.9997016411093639,0,0,3,12
2772,4628,metadata_similarity,0.9990692338384114,0,0,7,22
2773,2318,metadata_similarity,0.999705518868118,0,0,30,5
2774,2686,metadata_similarity,0.9993284706595716,0,0,28,38
2775,1704,metadata_similarity,0.9995672146090437,0,0,25,41
2776,1708,metadata_similarity,0.999956039319993,0,0,13,33
2777,1353,metadata_similarity,0.9986434288329937,0,0,30,40
2778,2526,metadata_similarity,0.9997983786287863,0,0,3,15
2779,2053,metadata_similarity,0.9992551584786266,0,0,38,33
2780,2590,metadata_similarity,0.9991562839116829,0,0,33,15
2781,2781,metadata_similarity,0.9997672061794751,1,1,27,27
2782,916,metadata_similarity,0.9997733502940582,0,0,47,36
2783,1154,metadata_similarity,0.9999126760266812,0,1,9,9
2784,3737,metadata_similarity,0.9990659513238745,0,1,3,3
2785,2785,metadata_similarity,0.9999204219846651,1,1,36,36
2786,3189,metadata_similarity,0.9995829023013504,0,0,12,25
2787,2837,metadata_similarity,0.9996530354188128,0,1,26,26
2788,2774,metadata_similarity,0.9995614976576436,0,1,28,28
2789,1507,metadata_similarity,0.9986608529630923,0,0,8,17
2790,1589,metadata_similarity,0.9974339812998316,0,1,17,17
2791,570,metadata_similarity,0.9989849123229814,0,1,18,18
2792,643,metadata_similarity,0.9993371532640631,0,1,41,41
2793,4214,metadata_similarity,0.9981805385563441,0,0,38,49
2794,2634,metadata_similarity,0.9987749722031274,0,0,14,7
2795,2994,metadata_similarity,0.999664020138385,0,1,30,30
2796,2101,metadata_similarity,0.999350594811397,0,0,19,20
2797,2797,metadata_similarity,0.9999169324289741,1,1,2,2
2798,3486,metadata_similarity,0.9985664808184022,0,0,23,2
2799,1510,metadata_similarity,0.9999336197241058,0,0,38,21
2800,4685,metadata_similarity,0.9972559369758517,0,0,8,5
2801,3384,metadata_similarity,0.9997155875597811,0,0,5,22
2802,2802,metadata_similarity,0.9988071958328009,1,1,21,21
2803,4620,metadata_similarity,0.9989835062900592,0,0,24,6
2804,3412,metadata_similarity,0.999373642965225,0,0,26,23
2805,910,metadata_similarity,0.99978187331091,0,0,44,35
2806,2601,metadata_similarity,0.999961113702136,0,1,6,6
2807,674,metadata_similarity,0.9992678033450981,0,0,29,22
2808,4179,metadata_similarity,0.9951704008567487,0,1,6,6
2809,3067,metadata_similarity,0.9992686487016423,0,1,27,27
2810,2026,metadata_similarity,0.999356404740031,0,0,9,3
2811,1434,metadata_similarity,0.999980477538504,0,0,36,27
2812,2997,metadata_similarity,0.9999697119928248,0,1,8,8
2813,4382,metadata_similarity,0.9999380440593315,0,0,15,29
2814,872,metadata_similarity,0.9978726088374489,0,1,6,6
2815,853,metadata_similarity,0.9998160627917368,0,0,38,43
2816,1281,metadata_similarity,0.9996976438870141,0,0,47,41
2817,3707,metadata_similarity,0.9993919708913667,0,1,16,16
2818,2818,metadata_similarity,0.9995866896877065,1,1,15,15
2819,2885,metadata_similarity,0.999415935757197,0,1,12,12
2820,2753,metadata_similarity,0.9994817650205249,0,1,9,9
2821,1741,metadata_similarity,0.9989285807648399,0,1,11,11
2822,1847,metadata_similarity,0.9994195391864733,0,0,19,15
2823,135,metadata_similarity,0.9996070936208211,0,1,8,8
2824,3019,metadata_similarity,0.9996645540317228,0,0,46,42
2825,967,metadata_similarity,0.9993329397755782,0,0,42,44
2826,3191,metadata_similarity,0.9998619786464695,0,0,16,15
2827,482,metadata_similarity,0.9987806338300561,0,0,3,12
2828,4876,metadata_similarity,0.9999319120390238,0,0,12,10
2829,4070,metadata_similarity,0.9989124696262716,0,1,8,8
2830,4087,metadata_similarity,0.9998511703147953,0,1,0,0
2831,2912,metadata_similarity,0.9989974634353972,0,1,34,34
2832,731,metadata_similarity,0.9990821441491017,0,0,9,3
2833,1322,metadata_similarity,0.9996324934830632,0,0,18,10
2834,2132,metadata_similarity,0.9998220747211581,0,1,28,28
2835,2835,metadata_similarity,0.9989598858431755,1,1,0,0
2836,4627,metadata_similarity,0.9987832576909705,0,0,47,40
2837,3108,metadata_similarity,0.9996453477681903,0,0,26,33
2838,1402,metadata_similarity,0.9999676391168082,0,0,40,36
2839,2839,metadata_similarity,0.9985382245526172,1,1,38,38
2840,2840,metadata_similarity,0.9997614968141145,1,1,33,33
2841,2632,metadata_similarity,0.9994605181863012,0,0,27,49
2842,4828,metadata_similarity,0.999256536255626,0,0,16,25
2843,4650,metadata_similarity,0.9969797353234658,0,1,35,35
2844,1760,metadata_similarity,0.9997142014479484,0,0,41,31
2845,630,metadata_similarity,0.9996084879050773,0,0,19,41
2846,3656,metadata_similarity,0.999622619669556,0,1,18,18
2847,4899,metadata_similarity,0.9998648363826862,0,0,16,20
2848,2810,metadata_similarity,0.9994592067873432,0,0,1,9
2849,1719,metadata_similarity,0.9991705886214941,0,0,44,1
2850,2688,metadata_similarity,0.9979661709460301,0,1,8,8
2851,892,metadata_similarity,0.9991963026825957,0,0,1,20
2852,2672,metadata_similarity,0.9988621086189335,0,0,6,11
2853,3717,metadata_similarity,0.9976582212640505,0,1,36,36
2854,3957,metadata_similarity,0.9981772122715548,0,0,33,4
2855,373,metadata_similarity,0.9985977234727799,0,0,14,18
2856,4200,metadata_similarity,0.9992158074298999,0,1,9,9
2857,334,metadata_similarity,0.9999611768560105,0,1,12,12
2858,1315,metadata_similarity,0.9999744202423592,0,0,37,35
2859,2859,metadata_similarity,0.9999846393506232,1,1,28,28
2860,1074,metadata_similarity,0.9979117807597921,0,0,35,45
2861,1015,metadata_similarity,0.9990946735015701,0,0,23,34
2862,1576,metadata_similarity,0.999415966398146,0,0,45,41
2863,2863,metadata_similarity,0.9956454871669209,1,1,40,40
2864,1261,metadata_similarity,0.9986523466059851,0,0,13,1
2865,191,metadata_similarity,0.9999624399046968,0,1,44,44
2866,4773,metadata_similarity,0.9983804944944094,0,0,13,29
2867,1530,metadata_similarity,0.9993608069692218,0,0,13,24
2868,2666,metadata_similarity,0.9996539722358984,0,0,20,16
2869,2869,metadata_similarity,0.9989621095205243,1,1,2,2
2870,2198,metadata_similarity,0.9999276801104718,0,0,14,5
2871,3155,metadata_similarity,0.99756153462498,0,0,14,22
2872,2872,metadata_similarity,0.9989920997830406,1,1,49,49
2873,3575,metadata_similarity,0.9998432535493631,0,0,22,30
2874,4846,metadata_similarity,0.9990341811528869,0,0,28,23
2875,1478,metadata_similarity,0.9990896041178755,0,0,45,23
2876,2380,metadata_similarity,0.9989726272786936,0,0,24,33
2877,3173,metadata_similarity,0.9999048887556712,0,0,13,4
2878,3490,metadata_similarity,0.9992153281596597,0,0,18,49
2879,2879,metadata_similarity,0.9986763696756561,1,1,45,45
2880,1099,metadata_similarity,0.9987215134364167,0,0,48,22
2881,4734,metadata_similarity,0.9998914998971009,0,1,3,3
2882,1872,metadata_similarity,0.9986144379935705,0,0,46,29
2883,2499,metadata_similarity,0.9983760831033213,0,0,41,45
2884,2883,metadata_similarity,0.999499466139726,0,0,47,41
2885,3384,metadata_similarity,0.9993343434526017,0,0,12,22
2886,3080,metadata_similarity,0.998466886709353,0,1,0,0
2887,653,metadata_similarity,0.9976036359967592,0,0,21,31
2888,3641,metadata_similarity,0.9999772038235,0,1,10,10
2889,4521,metadata_similarity,0.999848649246792,0,0,2,9
2890,1741,metadata_similarity,0.9969508261932044,0,1,11,11
2891,1466,metadata_similarity,0.9919309060880307,0,1,5,5
2892,3396,metadata_similarity,0.9997631537304714,0,0,42,26
2893,2893,metadata_similarity,0.9943314246736658,1,1,5,5
2894,3428,metadata_similarity,0.9971315386946034,0,0,8,5
2895,2076,metadata_similarity,0.9984963059801667,0,0,47,42
2896,3191,metadata_similarity,0.9986337780769338,0,0,27,15
2897,4652,metadata_similarity,0.9993294813260594,0,1,9,9
2898,3145,metadata_similarity,0.9986281572345479,0,0,48,41
2899,967,metadata_similarity,0.9995158073105118,0,1,44,44
2900,2495,metadata_similarity,0.9990315932084515,0,0,16,18
2901,3171,metadata_similarity,0.9991184333631755,0,0,33,29
2902,624,metadata_similarity,0.9991297202155714,0,0,13,4
2903,1440,metadata_similarity,0.9995124910040548,0,0,37,35
2904,2379,metadata_similarity,0.9994510577243574,0,0,16,12
2905,3007,metadata_similarity,0.9922835919386424,0,1,48,48
2906,295,metadata_similarity,0.9997513372273447,0,0,13,15
2907,1211,metadata_similarity,0.9984724219951531,0,1,32,32
2908,2908,metadata_similarity,0.9989763224899354,1,1,8,8
2909,2841,metadata_similarity,0.9993548349972029,0,0,49,27
2910,3547,metadata_similarity,0.998158717417094,0,0,16,7
2911,3999,metadata_similarity,0.999933080154619,0,0,23,13
2912,2912,metadata_similarity,0.9995457953368525,1,1,34,34
2913,4973,metadata_similarity,0.9988758209316794,0,0,24,31
2914,2755,metadata_similarity,0.998799025564566,0,0,15,39
2915,2882,metadata_similarity,0.9974131103709829,0,0,31,46
2916,2565,metadata_similarity,0.9980389622790671,0,0,49,42
2917,1746,metadata_similarity,0.999413350513262,0,0,21,27
2918,844,metadata_similarity,0.9998220018351032,0,0,39,21
2919,4998,metadata_similarity,0.9997179516988056,0,0,9,2
2920,2761,metadata_similarity,0.999900323890564,0,0,35,40
2921,103,metadata_similarity,0.9989542987253148,0,0,19,0
2922,3141,metadata_similarity,0.9990080009882703,0,0,30,39
2923,4281,metadata_similarity,0.9984407097757658,0,1,34,34
2924,3445,metadata_similarity,0.9987618975392586,0,0,7,34
2925,1211,metadata_similarity,0.9993614900484012,0,0,0,32
2926,495,metadata_similarity,0.9974520218168553,0,0,9,35
2927,3477,metadata_similarity,0.998749975421049,0,0,24,28
2928,674,metadata_similarity,0.9996306658743014,0,0,14,22
2929,149,metadata_similarity,0.9999418894927958,0,0,34,30
2930,1318,metadata_similarity,0.9981843174492151,0,0,20,2
2931,1322,metadata_similarity,0.9988989961679404,0,0,17,10
2932,2805,metadata_similarity,0.9990985930017363,0,0,49,44
2933,1255,metadata_similarity,0.9998384210060911,0,0,24,9
2934,800,metadata_similarity,0.9999593363232329,0,0,22,15
2935,1638,metadata_similarity,0.9999728771442358,0,0,29,43
2936,1494,metadata_similarity,0.999517152074816,0,0,43,42
2937,2937,metadata_similarity,0.9993567767719204,1,1,8,8
2938,976,metadata_similarity,0.9983199592154512,0,0,10,12
2939,2156,metadata_similarity,0.9990858432747931,0,0,41,32
2940,1628,metadata_similarity,0.9961335667660605,0,0,45,28
2941,450,metadata_similarity,0.9956820499377457,0,0,11,4
2942,2942,metadata_similarity,0.9996995478660952,1,1,0,0
2943,1034,metadata_similarity,0.9987983071586894,0,0,9,2
2944,1837,metadata_similarity,0.9994645361570237,0,0,15,39
2945,1340,metadata_similarity,0.99946156421811,0,0,32,25
2946,2989,metadata_similarity,0.9998809085233102,0,0,17,36
2947,3470,metadata_similarity,0.9997446738000247,0,0,2,9
2948,1560,metadata_similarity,0.9990719227206951,0,0,1,11
2949,4132,metadata_similarity,0.9995069586190292,0,0,46,36
2950,2950,metadata_similarity,0.9999112617933966,1,1,48,48
2951,1740,metadata_similarity,0.9994774712957598,0,0,9,2
2952,3738,metadata_similarity,0.9996813434192258,0,0,45,47
2953,1532,metadata_similarity,0.9993585745042762,0,0,6,11
2954,1179,metadata_similarity,0.9995945819183033,0,0,30,40
2955,2459,metadata_similarity,0.999146728701798,0,0,4,15
2956,3646,metadata_similarity,0.9992507540924345,0,1,42,42
2957,2825,metadata_similarity,0.9990719658861359,0,0,44,42
2958,1725,metadata_similarity,0.9992350087347793,0,0,40,16
2959,2959,metadata_similarity,0.9990536409821354,1,1,11,11
2960,4430,metadata_similarity,0.9993619283691959,0,0,2,1
2961,163,metadata_similarity,0.999889510452862,0,0,18,13
2962,4831,metadata_similarity,0.9992942716511177,0,0,45,44
2963,3568,metadata_similarity,0.9974882082920224,0,1,3,3
2964,2882,metadata_similarity,0.9977308737024349,0,0,31,46
2965,789,metadata_similarity,0.9991924613582126,0,0,19,46
2966,3859,metadata_similarity,0.9996616310542134,0,0,28,26
2967,3171,metadata_similarity,0.9997695674673861,0,0,26,29
2968,983,metadata_similarity,0.9996896567076593,0,1,16,16
2969,1898,metadata_similarity,0.9997554112851681,0,0,44,45
2970,1774,metadata_similarity,0.9916193687429637,0,0,38,39
2971,4899,metadata_similarity,0.9986124586485248,0,0,16,20
2972,1252,metadata_similarity,0.9953791549736011,0,1,49,49
2973,4145,metadata_similarity,0.9977532037060768,0,0,34,26
2974,1201,metadata_similarity,0.999682242701771,0,0,16,18
2975,1436,metadata_similarity,0.995289050171676,0,1,7,7
2976,4454,metadata_similarity,0.9990132983783346,0,1,2,2
2977,4976,metadata_similarity,0.9961691647340019,0,1,24,24
2978,4782,metadata_similarity,0.9996487206666359,0,0,1,7
2979,4376,metadata_similarity,0.9994217254584707,0,0,18,16
2980,3013,metadata_similarity,0.9997592710378843,0,0,18,16
2981,4601,metadata_similarity,0.9997884871395922,0,0,4,7
2982,1247,metadata_similarity,0.9997308679978776,0,0,40,39
2983,864,metadata_similarity,0.9997911189008563,0,0,18,15
2984,2862,metadata_similarity,0.9999833161013826,0,0,36,45
2985,88,metadata_similarity,0.998490471121158,0,0,43,42
2986,3065,metadata_similarity,0.9997744128424928,0,0,9,48
2987,3554,metadata_similarity,0.9995469535036656,0,0,5,13
2988,2364,metadata_similarity,0.9981695054852052,0,0,34,35
2989,2770,metadata_similarity,0.9993329656862916,0,0,36,10
2990,86,metadata_similarity,0.9998646586940078,0,1,39,39
2991,3539,metadata_similarity,0.9990234703169547,0,0,0,4
2992,402,metadata_similarity,0.9998515365970178,0,0,5,8
2993,2993,metadata_similarity,0.9957761213119661,1,1,5,5
2994,1784,metadata_similarity,0.9982733581172223,0,0,30,35
2995,2005,metadata_similarity,0.9996994216562918,0,0,37,30
2996,4950,metadata_similarity,0.999833647107748,0,1,31,31
2997,4188,metadata_similarity,0.9994744455183657,0,0,8,25
2998,3736,metadata_similarity,0.9836773086960723,0,1,7,7
2999,1004,metadata_similarity,0.9995103943414038,0,0,24,32
3000,4624,metadata_similarity,0.9979636984584096,0,0,27,16
3001,2095,metadata_similarity,0.999970648345466,0,1,19,19
3002,497,metadata_similarity,0.9983837177534557,0,0,44,43
3003,724,metadata_similarity,0.9995456191388516,0,0,45,38
3004,1522,metadata_similarity,0.9995116938715425,0,0,46,42
3005,4458,metadata_similarity,0.9987269566168018,0,1,46,46
3006,3284,metadata_similarity,0.9979872159491955,0,0,19,30
3007,2507,metadata_similarity,0.9948114903218428,0,0,48,30
3008,3889,metadata_similarity,0.9978009753782292,0,0,22,17
3009,811,metadata_similarity,0.9996490933962252,0,1,28,28
3010,2488,metadata_similarity,0.9997997078837962,0,1,16,16
3011,3011,metadata_similarity,0.9998899746877016,1,1,7,7
3012,3038,metadata_similarity,0.9997217544516059,0,0,15,32
3013,1167,metadata_similarity,0.9998982884625834,0,0,16,18
3014,2130,metadata_similarity,0.9991781647852576,0,1,5,5
3015,4985,metadata_similarity,0.999363610275325,0,0,31,32
3016,4284,metadata_similarity,0.9995932868708447,0,0,19,6
3017,715,metadata_similarity,0.9999752590729823,0,0,30,36
3018,2711,metadata_similarity,0.9978145710730645,0,1,2,2
3019,4974,metadata_similarity,0.9976306639540894,0,0,42,46
3020,3793,metadata_similarity,0.9987549985965337,0,0,11,16
3021,4792,metadata_similarity,0.999608641358918,0,0,47,49
3022,2892,metadata_similarity,0.9998140614868132,0,1,42,42
3023,3040,metadata_similarity,0.9980220537894566,0,0,49,42
3024,4350,metadata_similarity,0.9998284014394635,0,0,17,10
3025,1710,metadata_similarity,0.9996324018542168,0,0,26,5
3026,3808,metadata_similarity,0.9993091898938702,0,0,49,42
3027,3946,metadata_similarity,0.9984650633678437,0,0,3,8
3028,539,metadata_similarity,0.9994740801731921,0,0,22,29
3029,799,metadata_similarity,0.9953207753290935,0,0,8,25
3030,398,metadata_similarity,0.9997940597032536,0,0,5,36
3031,2187,metadata_similarity,0.999913560107027,0,1,34,34
3032,614,metadata_similarity,0.997716920595185,0,0,36,46
3033,2736,metadata_similarity,0.9999828472234079,0,1,35,35
3034,3503,metadata_similarity,0.999152937819915,0,0,11,33
3035,3130,metadata_similarity,0.9998312283913763,0,0,34,10
3036,168,metadata_similarity,0.9997192113440843,0,0,6,32
3037,2078,metadata_similarity,0.9988213407660826,0,0,35,10
3038,3801,metadata_similarity,0.9999537838448748,0,0,32,6
3039,2435,metadata_similarity,0.9986735352169661,0,0,43,18
3040,4533,metadata_similarity,0.9997297285441084,0,0,42,44
3041,3384,metadata_similarity,0.9985833173632651,0,0,12,22
3042,4446,metadata_similarity,0.9985680900017019,0,0,22,10
3043,3467,metadata_similarity,0.9988176209294641,0,0,40,49
3044,4707,metadata_similarity,0.9993770289384704,0,0,35,44
3045,3045,metadata_similarity,0.9973366599915761,1,1,43,43
3046,2775,metadata_similarity,0.9999209775234438,0,0,35,25
3047,638,metadata_similarity,0.9991433927302207,0,0,17,30
3048,2305,metadata_similarity,0.9997188769163512,0,0,42,14
3049,2857,metadata_similarity,0.9996528353736227,0,1,12,12
3050,3548,metadata_similarity,0.9976962745242466,0,0,48,24
3051,4153,metadata_similarity,0.9991166325791159,0,0,21,42
3052,1701,metadata_similarity,0.9993968943579233,0,0,10,22
3053,261,metadata_similarity,0.9998813894987666,0,0,46,41
3054,2439,metadata_similarity,0.9988860113200884,0,1,47,47
3055,4337,metadata_similarity,0.9997012451147982,0,0,0,10
3056,3056,metadata_similarity,0.9997873347167395,1,1,17,17
3057,339,metadata_similarity,0.9994250619307484,0,0,24,6
3058,1364,metadata_similarity,0.9999274718219484,0,0,29,39
3059,1876,metadata_similarity,0.9989980019153243,0,0,25,23
3060,3060,metadata_similarity,0.9877599131838911,1,1,49,49
3061,1761,metadata_similarity,0.9995592403655678,0,0,4,12
3062,4194,metadata_similarity,0.9992935287003627,0,0,13,0
3063,1480,metadata_similarity,0.9995961483623619,0,1,0,0
3064,3106,metadata_similarity,0.9993890084734328,0,0,33,28
3065,1719,metadata_similarity,0.9988628388702327,0,0,48,1
3066,1842,metadata_similarity,0.9995156664614732,0,0,12,5
3067,3830,metadata_similarity,0.9989374576859902,0,0,27,21
3068,1121,metadata_similarity,0.9988502542122322,0,0,8,3
3069,3792,metadata_similarity,0.9992909493983246,0,0,31,30
3070,3319,metadata_similarity,0.997334539569653,0,0,47,41
3071,3711,metadata_similarity,0.9996436886051613,0,0,20,17
3072,626,metadata_similarity,0.9997251038300422,0,0,9,3
3073,3523,metadata_similarity,0.9993826242892687,0,1,39,39
3074,1355,metadata_similarity,0.9969133579268085,0,0,19,31
3075,1667,metadata_similarity,0.9981071326883961,0,0,26,21
3076,3076,metadata_similarity,0.9972922537565838,1,1,30,30
3077,1109,metadata_similarity,0.9997228353310706,0,0,9,23
3078,3529,metadata_similarity,0.9983906285641485,0,0,27,30
3079,259,metadata_similarity,0.9976021608770084,0,1,19,19
3080,3195,metadata_similarity,0.9998376333496916,0,0,0,4
3081,3081,metadata_similarity,0.9994036875097285,1,1,40,40
3082,3082,metadata_similarity,0.9985214038219677,1,1,21,21
3083,3083,metadata_similarity,0.999314593932111,1,1,38,38
3084,2592,metadata_similarity,0.9995784532964935,0,1,37,37
3085,4908,metadata_similarity,0.9990047857143778,0,0,15,21
3086,1817,metadata_similarity,0.9995029445674103,0,0,28,7
3087,2679,metadata_similarity,0.9991554476202364,0,0,5,33
3088,4632,metadata_similarity,0.9989769887593248,0,0,21,15
3089,2853,metadata_similarity,0.9990361191775856,0,0,19,36
3090,1768,metadata_similarity,0.999984717546304,0,0,18,17
3091,2386,metadata_similarity,0.9997399430558461,0,0,29,21
3092,4237,metadata_similarity,0.9980692886793275,0,1,2,2
3093,2182,metadata_similarity,0.9997051637862304,0,0,7,22
3094,3697,metadata_similarity,0.9966997430376854,0,0,15,27
3095,1617,metadata_similarity,0.9994330850537911,0,0,7,30
3096,1143,metadata_similarity,0.9995438645410397,0,0,43,44
3097,2012,metadata_similarity,0.9993991533900932,0,0,45,44
3098,4325,metadata_similarity,0.9988326443374078,0,1,5,5
3099,2585,metadata_similarity,0.9979607862057348,0,1,40,40
3100,2662,metadata_similarity,0.9988410146327369,0,1,9,9
3101,2885,metadata_similarity,0.9997690105368439,0,1,12,12
3102,2889,metadata_similarity,0.9993189614090127,0,0,1,2
3103,3486,metadata_similarity,0.9982976924531459,0,0,28,2
3104,1225,metadata_similarity,0.9991263354385247,0,1,46,46
3105,991,metadata_similarity,0.9991605955401106,0,0,10,25
3106,230,metadata_similarity,0.9999519871305876,0,0,28,30
3107,4325,metadata_similarity,0.9997093823913052,0,0,15,5
3108,4786,metadata_similarity,0.9999812132025142,0,0,33,7
3109,4083,metadata_similarity,0.9999350999785656,0,0,4,13
3110,3006,metadata_similarity,0.9977010500185838,0,0,34,19
3111,1869,metadata_similarity,0.9998513614386201,0,0,44,28
3112,152,metadata_similarity,0.9993517264246359,0,0,15,34
3113,3618,metadata_similarity,0.9980022334655968,0,0,5,26
3114,3114,metadata_similarity,0.9984079247598239,1,1,6,6
3115,1770,metadata_similarity,0.9992912608960799,0,0,44,28
3116,177,metadata_similarity,0.9980307245443386,0,0,1,2
3117,3096,metadata_similarity,0.999887774161168,0,1,43,43
3118,1675,metadata_similarity,0.9991022097395343,0,0,41,32
3119,1932,metadata_similarity,0.9994022494652881,0,0,42,49
3120,4467,metadata_similarity,0.9995312498451964,0,0,26,22
3121,2907,metadata_similarity,0.9996227859237954,0,0,13,32
3122,1961,metadata_similarity,0.9997475487398375,0,0,1,15
3123,3800,metadata_similarity,0.9919943434806625,0,0,8,23
3124,4779,metadata_similarity,0.9997968014293365,0,0,31,32
3125,1086,metadata_similarity,0.9998707208259446,0,0,13,27
3126,1294,metadata_similarity,0.9990238190768731,0,1,37,37
3127,4436,metadata_similarity,0.9983487932690642,0,0,33,24
3128,1174,metadata_similarity,0.9988829652246352,0,0,22,4
3129,1005,metadata_similarity,0.9989658385307242,0,0,35,9
3130,2842,metadata_similarity,0.9998111379340578,0,0,10,16
3131,2473,metadata_similarity,0.9999453089096313,0,1,28,28
3132,1931,metadata_similarity,0.999408175495553,0,0,14,27
3133,4411,metadata_similarity,0.9989038997585715,0,0,25,23
3134,1046,metadata_similarity,0.9989925727946639,0,0,31,7
3135,3135,metadata_similarity,0.9999513279140141,1,1,12,12
3136,3168,metadata_similarity,0.9996572014081085,0,0,43,34
3137,1419,metadata_similarity,0.9989214959980026,0,0,25,26
3138,1672,metadata_similarity,0.99985913829993,0,0,22,34
3139,3933,metadata_similarity,0.9992099641514732,0,0,6,0
3140,1595,metadata_similarity,0.9990954776463243,0,1,24,24
3141,1631,metadata_similarity,0.9989463297459481,0,0,39,42
3142,3142,metadata_similarity,0.9942198644829344,1,1,46,46
3143,3143,metadata_similarity,0.999686763322337,1,1,9,9
3144,2282,metadata_similarity,0.99895407103197,0,1,30,30
3145,1899,metadata_similarity,0.999984625103334,0,0,41,46
3146,614,metadata_similarity,0.999064550949504,0,1,46,46
3147,4369,metadata_similarity,0.9998374726886273,0,0,15,16
3148,510,metadata_similarity,0.999947786819005,0,0,24,48
3149,3149,metadata_similarity,0.9993725659644854,1,1,26,26
3150,2531,metadata_similarity,0.9998580787916199,0,1,42,42
3151,3023,metadata_similarity,0.9968100440988615,0,1,49,49
3152,3240,metadata_similarity,0.9998778948274316,0,1,17,17
3153,1429,metadata_similarity,0.9999357596571947,0,0,28,47
3154,3154,metadata_similarity,0.9989739839030596,1,1,43,43
3155,2467,metadata_similarity,0.9994100362026146,0,0,22,21
3156,284,metadata_similarity,0.9946845309912072,0,0,7,8
3157,3157,metadata_similarity,0.99757363731494,1,1,30,30
3158,1340,metadata_similarity,0.9992708756850675,0,0,33,25
3159,2393,metadata_similarity,0.9995741126717862,0,0,6,0
3160,1387,metadata_similarity,0.9995902981863011,0,0,30,38
3161,4641,metadata_similarity,0.9994333752507133,0,0,38,44
3162,4303,metadata_similarity,0.9994109435296139,0,1,0,0
3163,2055,metadata_similarity,0.9997056276676293,0,0,49,48
3164,3164,metadata_similarity,0.9988150635276273,1,1,48,48
3165,2843,metadata_similarity,0.9979018860171269,0,1,35,35
3166,2313,metadata_similarity,0.9995125711636748,0,1,7,7
3167,828,metadata_similarity,0.9991771177571884,0,0,24,6
3168,3878,metadata_similarity,0.9996300833248649,0,0,34,30
3169,4346,metadata_similarity,0.9983381778413849,0,0,13,1
3170,1525,metadata_similarity,0.9969792019926483,0,0,12,25
3171,2165,metadata_similarity,0.9996175169661196,0,0,29,22
3172,3172,metadata_similarity,0.9998303653730506,1,1,6,6
3173,1535,metadata_similarity,0.9996426198174164,0,0,4,22
3174,3174,metadata_similarity,0.9997545047946842,1,1,8,8
3175,4148,metadata_similarity,0.9995210044545693,0,0,20,40
3176,4183,metadata_similarity,0.9996267056179465,0,0,24,6
3177,193,metadata_similarity,0.9988252932809845,0,0,5,7
3178,1025,metadata_similarity,0.9944424570782119,0,0,26,42
3179,4285,metadata_similarity,0.9999825448774441,0,0,5,28
3180,3213,metadata_similarity,0.9996865505302067,0,0,15,14
3181,1798,metadata_similarity,0.9993746254116012,0,0,29,49
3182,3423,metadata_similarity,0.9994627698065203,0,0,25,10
3183,1839,metadata_similarity,0.9996239322368895,0,0,19,27
3184,4404,metadata_similarity,0.9971336711705204,0,0,5,8
3185,1089,metadata_similarity,0.9989436078544115,0,0,40,48
3186,1197,metadata_similarity,0.9998513405198125,0,0,16,27
3187,1618,metadata_similarity,0.9999359050801873,0,0,27,14
3188,4132,metadata_similarity,0.9990924825526218,0,0,30,36
3189,3189,metadata_similarity,0.998221023886809,1,1,25,25
3190,3827,metadata_similarity,0.9983358839085235,0,1,40,40
3191,2138,metadata_similarity,0.999852689996218,0,0,15,13
3192,725,metadata_similarity,0.9992030000931897,0,1,24,24
3193,2597,metadata_similarity,0.9992984011307969,0,0,14,39
3194,1454,metadata_similarity,0.9997222419170176,0,0,33,48
3195,1865,metadata_similarity,0.9998434700407302,0,1,4,4
3196,1012,metadata_similarity,0.9998906716692666,0,0,15,26
3197,450,metadata_similarity,0.9975223126228633,0,0,13,4
3198,4552,metadata_similarity,0.9995696429525143,0,1,29,29
3199,1775,metadata_similarity,0.9999741973315579,0,0,29,38
3200,1990,metadata_similarity,0.9999433800743944,0,0,36,45
3201,2555,metadata_similarity,0.9987650881696991,0,0,25,23
3202,994,metadata_similarity,0.9995093734136253,0,0,7,14
3203,725,metadata_similarity,0.9987174431736399,0,1,24,24
3204,4461,metadata_similarity,0.9999643234382009,0,0,8,28
3205,2115,metadata_similarity,0.9996650815785022,0,0,31,17
3206,2825,metadata_similarity,0.9986829254179835,0,0,44,42
3207,3272,metadata_similarity,0.9991852309511274,0,0,43,30
3208,635,metadata_similarity,0.9998806818324513,0,0,17,23
3209,1566,metadata_similarity,0.9982787520215681,0,0,35,7
3210,1698,metadata_similarity,0.9986828832993357,0,0,2,7
3211,3409,metadata_similarity,0.9998999828775909,0,0,46,47
3212,1805,metadata_similarity,0.9997295232653203,0,0,32,25
3213,2180,metadata_similarity,0.9992474714680327,0,0,14,1
3214,2923,metadata_similarity,0.9980650562818724,0,1,34,34
3215,3215,metadata_similarity,0.9996417016961614,1,1,4,4
3216,4600,metadata_similarity,0.9995324106349464,0,0,48,31
3217,1595,metadata_similarity,0.9994955467713007,0,0,9,24
3218,1660,metadata_similarity,0.9975352817457404,0,0,22,34
3219,3153,metadata_similarity,0.9991004146020497,0,0,26,28
3220,3091,metadata_similarity,0.9999449027568097,0,1,29,29
3221,97,metadata_similarity,0.999873292591522,0,1,39,39
3222,4027,metadata_similarity,0.9996625127941733,0,0,21,5
3223,1883,metadata_similarity,0.9997144867605445,0,0,3,29
3224,3253,metadata_similarity,0.9989241332573938,0,1,21,21
3225,1473,metadata_similarity,0.9982758577344831,0,1,0,0
3226,2374,metadata_similarity,0.9986837306692783,0,0,29,46
3227,1518,metadata_similarity,0.9968664080428938,0,0,7,1
3228,2845,metadata_similarity,0.9993805434170328,0,0,31,19
3229,3938,metadata_similarity,0.9998424759545366,0,0,28,8
3230,924,metadata_similarity,0.999686152444619,0,0,36,47
3231,1801,metadata_similarity,0.9991024272133243,0,0,33,20
3232,3232,metadata_similarity,0.999921453877611,1,1,2,2
3233,2473,metadata_similarity,0.9995529682911852,0,0,26,28
3234,4858,metadata_similarity,0.9986860409371711,0,0,1,31
3235,3276,metadata_similarity,0.999324844790551,0,0,10,12
3236,4748,metadata_similarity,0.9987362992918497,0,0,40,16
3237,2388,metadata_similarity,0.9988865568835196,0,0,11,27
3238,3439,metadata_similarity,0.9997009037978705,0,0,34,42
3239,4332,metadata_similarity,0.9990518826886965,0,0,21,27
3240,1805,metadata_similarity,0.9996549177682603,0,0,17,25
3241,1678,metadata_similarity,0.999678350657262,0,0,9,45
3242,2460,metadata_similarity,0.999745632250644,0,1,3,3
3243,3893,metadata_similarity,0.9967251138692499,0,0,32,17
3244,3710,metadata_similarity,0.9999806901243655,0,0,39,48
3245,3245,metadata_similarity,0.9997032169455212,1,1,11,11
3246,507,metadata_similarity,0.9989674080445842,0,0,14,27
3247,2208,metadata_similarity,0.9994559554278017,0,0,16,27
3248,2825,metadata_similarity,0.9980175153157897,0,0,48,42
3249,1745,metadata_similarity,0.999666391145081,0,0,31,17
3250,4492,metadata_similarity,0.9994880117568783,0,0,47,45
3251,1398,metadata_similarity,0.9993933956908028,0,0,41,31
3252,2987,metadata_similarity,0.998606239615459,0,1,5,5
3253,3088,metadata_similarity,0.9995794608552793,0,1,21,21
3254,2836,metadata_similarity,0.9995405024831435,0,0,32,47
3255,3183,metadata_similarity,0.9952118233426985,0,0,36,19
3256,4717,metadata_similarity,0.9990502152068799,0,0,22,25
3257,360,metadata_similarity,0.9965637892439975,0,1,17,17
3258,2346,metadata_similarity,0.9994471586447852,0,0,47,34
3259,4453,metadata_similarity,0.9996725587871614,0,0,24,39
3260,3833,metadata_similarity,0.9971671374002223,0,0,6,0
3261,1366,metadata_similarity,0.9981360280615981,0,0,11,36
3262,4539,metadata_similarity,0.9996873478804932,0,0,8,9
3263,4794,metadata_similarity,0.9987348446832985,0,0,49,46
3264,3447,metadata_similarity,0.9994159263188013,0,0,35,34
3265,1774,metadata_similarity,0.9919848008221913,0,0,47,39
3266,3266,metadata_similarity,0.9984528155289911,1,1,17,17
3267,3098,metadata_similarity,0.9990931451559846,0,0,31,5
3268,2078,metadata_similarity,0.9996814318422929,0,1,10,10
3269,3827,metadata_similarity,0.9998488745844041,0,1,40,40
3270,1636,metadata_similarity,0.9998769184917764,0,1,38,38
3271,4004,metadata_similarity,0.9999494635323137,0,0,48,17
3272,1020,metadata_similarity,0.9999414325106432,0,0,30,14
3273,1085,metadata_similarity,0.9999729692264038,0,0,46,36
3274,1152,metadata_similarity,0.9991431679768139,0,0,41,19
3275,1436,metadata_similarity,0.9971588815363452,0,1,7,7
3276,2529,metadata_similarity,0.9972927136408318,0,0,12,17
3277,2273,metadata_similarity,0.9989230650863805,0,0,23,31
3278,707,metadata_similarity,0.9999698695545838,0,0,3,9
3279,2201,metadata_similarity,0.9995847567288144,0,1,39,39
3280,1215,metadata_similarity,0.9997279244076442,0,0,9,3
3281,3254,metadata_similarity,0.9993182529335283,0,0,40,32
3282,781,metadata_similarity,0.9997377289726983,0,1,13,13
3283,533,metadata_similarity,0.9963925748322121,0,0,4,10
3284,1492,metadata_similarity,0.9987329479466017,0,0,30,7
3285,3285,metadata_similarity,0.9993868898577664,1,1,33,33
3286,3286,metadata_similarity,0.9994216330871182,1,1,24,24
3287,3068,metadata_similarity,0.9987394768459155,0,0,3,8
3288,4467,metadata_similarity,0.9999166448883902,0,0,41,22
3289,3420,metadata_similarity,0.9998034062662744,0,0,49,44
3290,4312,metadata_similarity,0.9990565105018677,0,0,31,23
3291,2321,metadata_similarity,0.9962100431208541,0,0,0,32
3292,3292,metadata_similarity,0.9991244536193553,1,1,34,34
3293,2908,metadata_similarity,0.9976657303372136,0,0,9,8
3294,2840,metadata_similarity,0.9994747221527355,0,0,20,33
3295,3295,metadata_similarity,0.9989763250805028,1,1,16,16
3296,4290,metadata_similarity,0.9977981881300751,0,0,29,42
3297,733,metadata_similarity,0.9957385514473049,0,0,5,14
3298,4236,metadata_similarity,0.9994873782779419,0,1,0,0
3299,4426,metadata_similarity,0.9957312928168953,0,1,28,28
3300,741,metadata_similarity,0.9997745570880762,0,0,18,7
3301,3951,metadata_similarity,0.9992904669145883,0,0,40,49
3302,3058,metadata_similarity,0.9998277232504194,0,0,39,29
3303,4590,metadata_similarity,0.9967804746369927,0,0,1,15
3304,2832,metadata_similarity,0.997988693974577,0,0,3,9
3305,2531,metadata_similarity,0.9996485245612104,0,0,38,42
3306,3653,metadata_similarity,0.9992636485188258,0,0,29,42
3307,4198,metadata_similarity,0.9994596617894135,0,0,2,3
3308,3754,metadata_similarity,0.9940837350291211,0,0,14,7
3309,1279,metadata_similarity,0.9999851894971363,0,0,49,42
3310,2647,metadata_similarity,0.9996174107565162,0,0,48,30
3311,3070,metadata_similarity,0.9971338825828722,0,0,41,47
3312,470,metadata_similarity,0.9998248975687766,0,0,42,29
3313,2690,metadata_similarity,0.9989305641725871,0,0,26,42
3314,1125,metadata_similarity,0.9995760855504107,0,1,44,44
3315,4294,metadata_similarity,0.9994343870968045,0,0,3,4
3316,2144,metadata_similarity,0.9992791942367648,0,0,4,13
3317,2287,metadata_similarity,0.9979240840157281,0,0,19,14
3318,4257,metadata_similarity,0.9996235662134099,0,0,45,35
3319,1899,metadata_similarity,0.9990978395931082,0,0,41,46
3320,1203,metadata_similarity,0.9999149902038361,0,1,16,16
3321,2818,metadata_similarity,0.9971017567585875,0,0,39,15
3322,4519,metadata_similarity,0.9988017631291766,0,0,2,1
3323,3556,metadata_similarity,0.9977394228164922,0,0,40,28
3324,1290,metadata_similarity,0.999267063910538,0,0,34,8
3325,324,metadata_similarity,0.9992730667247685,0,0,30,19
3326,1961,metadata_similarity,0.9999335166242377,0,0,19,15
3327,3327,metadata_similarity,0.9999301269076024,1,1,15,15
3328,2966,metadata_similarity,0.9985643470374432,0,0,17,28
3329,4129,metadata_similarity,0.9984295189609214,0,1,38,38
3330,1969,metadata_similarity,0.999423841615476,0,1,49,49
3331,4769,metadata_similarity,0.9990513632993229,0,0,29,26
3332,1819,metadata_similarity,0.9995324198237052,0,0,13,6
3333,2508,metadata_similarity,0.9996483284401163,0,0,30,20
3334,4459,metadata_similarity,0.9990846284223703,0,0,19,38
3335,2245,metadata_similarity,0.9997435498065513,0,1,22,22
3336,4279,metadata_similarity,0.9990069525337459,0,0,25,34
3337,3590,metadata_similarity,0.9989789357324522,0,1,42,42
3338,1377,metadata_similarity,0.9994845592188177,0,0,28,25
3339,3339,metadata_similarity,0.9993202985303503,1,1,14,14
3340,924,metadata_similarity,0.999652006037794,0,0,30,47
3341,3753,metadata_similarity,0.9995797509007561,0,0,32,6
3342,3553,metadata_similarity,0.9943109448177169,0,0,12,3
3343,4843,metadata_similarity,0.9999601266663142,0,0,27,36
3344,4363,metadata_similarity,0.9987316091085688,0,0,14,22
3345,3120,metadata_similarity,0.9992187703423245,0,0,34,26
3346,2251,metadata_similarity,0.9989169731606053,0,0,38,45
3347,82,metadata_similarity,0.9970673219806111,0,0,3,9
3348,4357,metadata_similarity,0.9987192398418652,0,0,42,49
3349,1043,metadata_similarity,0.9997138357986277,0,0,24,33
3350,996,metadata_similarity,0.9993123389147822,0,0,14,26
3351,3391,metadata_similarity,0.9992642902943134,0,0,44,30
3352,1546,metadata_similarity,0.9991789895761466,0,0,45,40
3353,107,metadata_similarity,0.9989959515735437,0,0,9,2
3354,1263,metadata_similarity,0.9993486736299214,0,0,45,35
3355,1841,metadata_similarity,0.9991711377963742,0,0,8,25
3356,9,metadata_similarity,0.9999379907957351,0,0,39,27
3357,4371,metadata_similarity,0.9989438807750178,0,1,18,18
3358,2510,metadata_similarity,0.9959642876770268,0,0,33,28
3359,3359,metadata_similarity,0.9996926230397154,1,1,14,14
3360,742,metadata_similarity,0.9997321091186677,0,0,46,21
3361,530,metadata_similarity,0.9994665583615655,0,0,5,8
3362,2492,metadata_similarity,0.9998365412188623,0,0,16,0
3363,1193,metadata_similarity,0.9950350660556909,0,0,30,35
3364,3904,metadata_similarity,0.9998444260649867,0,0,21,40
3365,422,metadata_similarity,0.9980631895682266,0,0,42,43
3366,3366,metadata_similarity,0.9990361257265008,1,1,44,44
3367,4519,metadata_similarity,0.9996814036862399,0,1,1,1
3368,3368,metadata_similarity,0.9998559627469589,1,1,40,40
3369,4967,metadata_similarity,0.999851301078244,0,1,10,10
3370,4673,metadata_similarity,0.999253977225322,0,0,15,7
3371,2327,metadata_similarity,0.9995655437519309,0,0,35,5
3372,3372,metadata_similarity,0.9998661570146528,1,1,19,19
3373,3666,metadata_similarity,0.9992400881429021,0,0,38,30
3374,3986,metadata_similarity,0.9972704503435219,0,0,45,36
3375,3793,metadata_similarity,0.9994933314947079,0,0,37,16
3376,3995,metadata_similarity,0.999484122974851,0,0,17,10
3377,4481,metadata_similarity,0.9998982573198774,0,0,20,9
3378,3378,metadata_similarity,0.9965891981251719,1,1,49,49
3379,3683,metadata_similarity,0.9981722988699342,0,0,32,41
3380,1608,metadata_similarity,0.9993605409747315,0,0,43,44
3381,4870,metadata_similarity,0.9990908269425127,0,0,19,16
3382,2912,metadata_similarity,0.9971547856520157,0,1,34,34
3383,3383,metadata_similarity,0.9996967910509508,1,1,24,24
3384,3894,metadata_similarity,0.9990180795668444,0,0,22,37
3385,1316,metadata_similarity,0.9998679679091323,0,0,39,43
3386,3386,metadata_similarity,0.9976872159726141,1,1,1,1
3387,3068,metadata_similarity,0.9997930258817505,0,0,3,8
3388,1605,metadata_similarity,0.9999417423946393,0,0,38,47
3389,3372,metadata_similarity,0.9931972104874132,0,0,27,19
3390,2781,metadata_similarity,0.9999499752584379,0,0,15,27
3391,3003,metadata_similarity,0.9996786953924982,0,0,30,45
3392,3334,metadata_similarity,0.9972870914900268,0,0,31,19
3393,2834,metadata_similarity,0.9999296886679383,0,0,36,28
3394,985,metadata_similarity,0.9998907966834872,0,0,35,34
3395,3395,metadata_similarity,0.9994824766466673,1,1,27,27
3396,3196,metadata_similarity,0.9997419812569509,0,0,26,15
3397,741,metadata_similarity,0.9996472054583069,0,0,30,7
3398,1588,metadata_similarity,0.9997951068046054,0,0,46,42
3399,2841,metadata_similarity,0.9978149618617025,0,0,21,27
3400,1336,metadata_similarity,0.9991964455195871,0,1,16,16
3401,1110,metadata_similarity,0.9995022513588444,0,0,3,9
3402,3932,metadata_similarity,0.9998956049815356,0,0,17,19
3403,1612,metadata_similarity,0.9999683046162757,0,0,44,35
3404,3846,metadata_similarity,0.9996670738673056,0,1,37,37
3405,3312,metadata_similarity,0.9997099507717303,0,0,46,42
3406,3406,metadata_similarity,0.9996032009774753,1,1,33,33
3407,4135,metadata_similarity,0.9961026942534181,0,0,39,24
3408,279,metadata_similarity,0.9998609590139846,0,0,47,45
3409,2929,metadata_similarity,0.9998518907224709,0,0,47,34
3410,1913,metadata_similarity,0.9993241753853597,0,0,21,23
3411,190,metadata_similarity,0.9983845874032756,0,1,46,46
3412,3345,metadata_similarity,0.9977880091955456,0,0,23,34
3413,922,metadata_similarity,0.9985195695276067,0,0,36,31
3414,3414,metadata_similarity,0.9979736920771991,1,1,12,12
3415,4925,metadata_similarity,0.9995211162089772,0,1,35,35
3416,2720,metadata_similarity,0.9995042572355071,0,0,16,35
3417,1932,metadata_similarity,0.9993743969349514,0,0,44,49
3418,3418,metadata_similarity,0.9990440024204312,1,1,9,9
3419,3518,metadata_similarity,0.9995195286303864,0,0,21,7
3420,4534,metadata_similarity,0.9999233397393396,0,1,44,44
3421,2897,metadata_similarity,0.9998405576356488,0,0,19,9
3422,4288,metadata_similarity,0.9980168599711037,0,0,23,25
3423,1441,metadata_similarity,0.9988288962887815,0,0,10,25
3424,937,metadata_similarity,0.999988853443265,0,0,13,48
3425,704,metadata_similarity,0.9959154472501964,0,0,14,21
3426,4437,metadata_similarity,0.9973349632428462,0,0,11,20
3427,2593,metadata_similarity,0.9962656884612452,0,0,7,17
3428,2894,metadata_similarity,0.9993404133884466,0,0,5,8
3429,1692,metadata_similarity,0.9999364549964256,0,0,21,42
3430,1846,metadata_similarity,0.9962880475361523,0,0,0,24
3431,2019,metadata_similarity,0.9996472771845328,0,0,19,35
3432,1072,metadata_similarity,0.9993273300360674,0,0,17,6
3433,3433,metadata_similarity,0.9997051213328052,1,1,11,11
3434,2665,metadata_similarity,0.9997218356026107,0,0,38,45
3435,3286,metadata_similarity,0.9998626018983835,0,0,18,24
3436,3163,metadata_similarity,0.9991383072966549,0,0,48,49
3437,415,metadata_similarity,0.9988820215555142,0,0,26,14
3438,840,metadata_similarity,0.9995336865557709,0,0,9,23
3439,590,metadata_similarity,0.9999937377322832,0,0,42,49
3440,856,metadata_similarity,0.9947964858284797,0,0,34,17
3441,4651,metadata_similarity,0.9969579637969816,0,1,3,3
3442,3442,metadata_similarity,0.9997810615634287,1,1,46,46
3443,4889,metadata_similarity,0.9992918363353573,0,1,32,32
3444,3014,metadata_similarity,0.9968016163364175,0,1,5,5
3445,1996,metadata_similarity,0.9995547457436932,0,0,34,17
3446,3175,metadata_similarity,0.9971443783378542,0,0,39,20
3447,4057,metadata_similarity,0.9992548242420495,0,0,34,26
3448,3448,metadata_similarity,0.9998384226976834,1,1,1,1
3449,1639,metadata_similarity,0.9995185821962833,0,1,47,47
3450,1455,metadata_similarity,0.9939356580166022,0,0,42,48
3451,4798,metadata_similarity,0.9982872809015586,0,0,18,21
3452,1413,metadata_similarity,0.999396536855662,0,0,44,30
3453,4825,metadata_similarity,0.999617914543774,0,0,22,17
3454,104,metadata_similarity,0.997776538709897,0,0,19,30
3455,4330,metadata_similarity,0.9994584439512468,0,0,49,38
3456,1946,metadata_similarity,0.9978246135409305,0,0,8,10
3457,4637,metadata_similarity,0.9998556043339908,0,0,38,46
3458,784,metadata_similarity,0.9998278986523529,0,1,6,6
3459,2540,metadata_similarity,0.9984719829095484,0,0,10,16
3460,3460,metadata_similarity,0.9978148490947166,1,1,17,17
3461,3372,metadata_similarity,0.9989667197747004,0,0,20,19
3462,1016,metadata_similarity,0.9991644358389322,0,0,14,29
3463,4528,metadata_similarity,0.9944456455642593,0,0,45,47
3464,3464,metadata_similarity,0.9991751914232936,1,1,20,20
3465,3465,metadata_similarity,0.9994047824607143,1,1,5,5
3466,866,metadata_similarity,0.9972062220842205,0,1,10,10
3467,3862,metadata_similarity,0.998926434967079,0,0,49,43
3468,357,metadata_similarity,0.9995747019065092,0,0,17,7
3469,854,metadata_similarity,0.9989138738209404,0,0,42,13
3470,3470,metadata_similarity,0.9997011392009254,1,1,9,9
3471,832,metadata_similarity,0.999307608906984,0,0,20,24
3472,3699,metadata_similarity,0.999648408068827,0,0,35,4
3473,88,metadata_similarity,0.999074330750946,0,0,43,42
3474,74,metadata_similarity,0.9991593865526847,0,0,6,33
3475,415,metadata_similarity,0.9996104694431356,0,0,29,14
3476,1285,metadata_similarity,0.9998645662102573,0,0,39,37
3477,40,metadata_similarity,0.9998638900381154,0,0,28,23
3478,328,metadata_similarity,0.9999262550676052,0,0,18,24
3479,4352,metadata_similarity,0.9956256990663916,0,1,34,34
3480,561,metadata_similarity,0.9990484209565005,0,0,1,2
3481,2213,metadata_similarity,0.9996574081631802,0,0,13,21
3482,4741,metadata_similarity,0.9965943267194116,0,0,33,25
3483,3918,metadata_similarity,0.9999400605638017,0,0,12,25
3484,3317,metadata_similarity,0.9994032476079888,0,0,14,19
3485,3235,metadata_similarity,0.9988618511252557,0,0,4,10
3486,2729,metadata_similarity,0.9982355107929192,0,0,2,9
3487,2158,metadata_similarity,0.9998175534689389,0,0,13,4
3488,4785,metadata_similarity,0.9999718697442301,0,0,43,22
3489,3772,metadata_similarity,0.9990882764672753,0,0,40,28
3490,396,metadata_similarity,0.9969302216193238,0,0,49,27
3491,1959,metadata_similarity,0.9997427655510883,0,0,35,27
3492,2305,metadata_similarity,0.9999246813099077,0,0,33,14
3493,1474,metadata_similarity,0.995069173582766,0,0,26,38
3494,682,metadata_similarity,0.9997763883163144,0,0,34,13
3495,4817,metadata_similarity,0.9993554253468061,0,0,21,49
3496,3496,metadata_similarity,0.9984001197792571,1,1,37,37
3497,3497,metadata_similarity,0.999934066055339,1,1,2,2
3498,3849,metadata_similarity,0.9999969603440303,0,0,45,36
3499,2833,metadata_similarity,0.999791717637538,0,0,22,18
3500,1938,metadata_similarity,0.9994787122162008,0,0,44,41
3501,3604,metadata_similarity,0.9997300021495157,0,0,33,24
3502,3502,metadata_similarity,0.9995900899865932,1,1,11,11
3503,3531,metadata_similarity,0.9996101711437015,0,0,33,16
3504,2040,metadata_similarity,0.9987591402583832,0,0,25,15
3505,1986,metadata_similarity,0.9993725944299043,0,0,29,21
3506,73,metadata_similarity,0.9986052310358824,0,1,10,10
3507,3543,metadata_similarity,0.9993520397655337,0,0,24,49
3508,2273,metadata_similarity,0.9994775638408667,0,0,47,31
3509,192,metadata_similarity,0.9992564897711168,0,0,32,31
3510,2784,metadata_similarity,0.9997992428255336,0,1,3,3
3511,4920,metadata_similarity,0.9999817106913003,0,0,28,44
3512,1336,metadata_similarity,0.9982941910991768,0,0,13,16
3513,2876,metadata_similarity,0.9983832965178356,0,0,9,24
3514,4873,metadata_similarity,0.9992816277630182,0,0,29,43
3515,4015,metadata_similarity,0.999559733176429,0,0,39,37
3516,3516,metadata_similarity,0.9974242794923207,1,1,39,39
3517,3517,metadata_similarity,0.9993192981526284,1,1,22,22
3518,3798,metadata_similarity,0.9991271697547004,0,0,7,16
3519,2898,metadata_similarity,0.9992955129069739,0,0,41,48
3520,3236,metadata_similarity,0.9921486342035415,0,1,40,40
3521,401,metadata_similarity,0.9998927949126513,0,1,27,27
3522,4364,metadata_similarity,0.9993062157393322,0,0,4,10
3523,3523,metadata_similarity,0.9958735564275127,1,1,39,39
3524,2645,metadata_similarity,0.9991172575520815,0,0,45,30
3525,2519,metadata_similarity,0.9996121111549964,0,0,49,26
3526,4632,metadata_similarity,0.9996500548493703,0,0,4,15
3527,3527,metadata_similarity,0.9994111415840674,1,1,37,37
3528,4855,metadata_similarity,0.999503623452774,0,0,25,30
3529,1838,metadata_similarity,0.9998231234560198,0,0,30,43
3530,2842,metadata_similarity,0.997952749909591,0,0,12,16
3531,3994,metadata_similarity,0.9998188314654394,0,0,16,13
3532,1086,metadata_similarity,0.9973426941518364,0,0,18,27
3533,2274,metadata_similarity,0.9986078564774239,0,0,48,36
3534,698,metadata_similarity,0.9965464772212592,0,0,40,30
3535,3535,metadata_similarity,0.9983717046503582,1,1,26,26
3536,603,metadata_similarity,0.9995939741826553,0,0,2,38
3537,1978,metadata_similarity,0.9965420612936675,0,0,2,1
3538,2658,metadata_similarity,0.9998717134581941,0,1,39,39
3539,4246,metadata_similarity,0.9995209569318395,0,0,4,0
3540,4329,metadata_similarity,0.999847689448571,0,0,17,31
3541,44,metadata_similarity,0.9998927851976388,0,0,30,41
3542,401,metadata_similarity,0.9995171413240916,0,1,27,27
3543,2507,metadata_similarity,0.9989095525934987,0,0,49,30
3544,1257,metadata_similarity,0.9995639084678944,0,0,40,31
3545,2992,metadata_similarity,0.9990787468513113,0,0,14,5
3546,334,metadata_similarity,0.9978114069679721,0,1,12,12
3547,4824,metadata_similarity,0.99953906994618,0,0,7,30
3548,1087,metadata_similarity,0.9998842636671532,0,0,24,43
3549,3549,metadata_similarity,0.9999584805706713,1,1,41,41
3550,509,metadata_similarity,0.999886259255934,0,0,45,49
3551,1489,metadata_similarity,0.999090339740243,0,1,41,41
3552,2390,metadata_similarity,0.9994142142922742,0,0,44,42
3553,3553,metadata_similarity,0.9992690237749987,1,1,3,3
3554,1862,metadata_similarity,0.999745857297357,0,0,13,8
3555,2595,metadata_similarity,0.9990482346612576,0,0,32,48
3556,3889,metadata_similarity,0.9995438773468295,0,0,28,17
3557,831,metadata_similarity,0.9986625390640923,0,0,5,7
3558,2215,metadata_similarity,0.9999718304147244,0,0,16,24
3559,3843,metadata_similarity,0.9999045729654931,0,0,27,13
3560,2777,metadata_similarity,0.9984890328049708,0,0,40,30
3561,3739,metadata_similarity,0.9999904458992508,0,0,26,49
3562,2274,metadata_similarity,0.999664926566012,0,1,36,36
3563,645,metadata_similarity,0.9975588253850607,0,0,31,17
3564,4149,metadata_similarity,0.9987767176552935,0,0,0,27
3565,3350,metadata_similarity,0.9998935046723367,0,0,26,14
3566,2137,metadata_similarity,0.99748432530755,0,1,48,48
3567,972,metadata_similarity,0.999645782042811,0,1,16,16
3568,3568,metadata_similarity,0.9995749554116801,1,1,3,3
3569,2589,metadata_similarity,0.9944758284447719,0,0,46,37
3570,3545,metadata_similarity,0.998887636484385,0,0,5,14
3571,2747,metadata_similarity,0.9992128131073287,0,1,29,29
3572,4009,metadata_similarity,0.999710835687842,0,0,21,29
3573,3573,metadata_similarity,0.9989633740172353,1,1,8,8
3574,1458,metadata_similarity,0.9923869673965158,0,0,48,49
3575,3770,metadata_similarity,0.9995521487656776,0,0,30,34
3576,3972,metadata_similarity,0.9994843652694475,0,0,11,20
3577,2725,metadata_similarity,0.9996611774592804,0,1,37,37
3578,4393,metadata_similarity,0.9987835535300633,0,0,18,14
3579,3986,metadata_similarity,0.9999482639354226,0,0,42,36
3580,4346,metadata_similarity,0.9997672226324072,0,0,4,1
3581,2261,metadata_similarity,0.9992939669106133,0,0,7,12
3582,2417,metadata_similarity,0.9995416251216279,0,1,3,3
3583,861,metadata_similarity,0.9999075329822648,0,0,4,0
3584,1331,metadata_similarity,0.9999694813529908,0,0,19,16
3585,3604,metadata_similarity,0.9991072196718994,0,0,35,24
3586,912,metadata_similarity,0.9999487138434446,0,0,21,18
3587,3373,metadata_similarity,0.998643203819194,0,0,28,38
3588,3427,metadata_similarity,0.9963984144236623,0,0,31,7
3589,162,metadata_similarity,0.9998571186995356,0,1,8,8
3590,4873,metadata_similarity,0.9997983883157536,0,0,42,43
3591,4886,metadata_similarity,0.9999948068296329,0,0,10,0
3592,3155,metadata_similarity,0.9987186143854815,0,0,21,22
3593,1476,metadata_similarity,0.9971845267126465,0,0,21,14
3594,2433,metadata_similarity,0.99936362297161,0,0,48,42
3595,3205,metadata_similarity,0.9994674686831528,0,0,37,31
3596,157,metadata_similarity,0.9980125274876086,0,0,41,31
3597,2363,metadata_similarity,0.999366035762876,0,0,16,4
3598,4838,metadata_similarity,0.9994255249483567,0,0,7,31
3599,2928,metadata_similarity,0.9987986832980039,0,1,14,14
3600,36,metadata_similarity,0.9989155221435236,0,0,0,32
3601,3601,metadata_similarity,0.9992169216916872,1,1,49,49
3602,2077,metadata_similarity,0.9999398105347692,0,0,44,49
3603,4910,metadata_similarity,0.9993457534168357,0,0,30,34
3604,2353,metadata_similarity,0.9997914488108289,0,0,24,20
3605,3605,metadata_similarity,0.9977436658548929,1,1,0,0
3606,3606,metadata_similarity,0.9988860628517091,1,1,5,5
3607,635,metadata_similarity,0.9991775456450874,0,0,25,23
3608,3844,metadata_similarity,0.9999198679487301,0,0,44,28
3609,4776,metadata_similarity,0.9996992324896068,0,0,37,40
3610,4554,metadata_similarity,0.999877471360239,0,0,15,5
3611,3346,metadata_similarity,0.9987667630625296,0,1,38,38
3612,3612,metadata_similarity,0.9957648036727799,1,1,3,3
3613,3581,metadata_similarity,0.996669968925972,0,0,12,7
3614,3230,metadata_similarity,0.9994333908448231,0,0,38,36
3615,3313,metadata_similarity,0.9973747869642097,0,0,5,26
3616,3469,metadata_similarity,0.9997322835806037,0,0,31,42
3617,2292,metadata_similarity,0.9997303623931513,0,0,29,21
3618,480,metadata_similarity,0.9986020143137017,0,0,26,31
3619,88,metadata_similarity,0.9996131438698819,0,0,43,42
3620,3620,metadata_similarity,0.9999683542266258,1,1,19,19
3621,489,metadata_similarity,0.9983906949618393,0,0,19,17
3622,4027,metadata_similarity,0.9968541543235248,0,0,7,5
3623,2238,metadata_similarity,0.9995199814211438,0,0,15,4
3624,4088,metadata_similarity,0.9960444138390944,0,0,25,31
3625,988,metadata_similarity,0.9971182647536269,0,1,43,43
3626,4531,metadata_similarity,0.9998666580311519,0,0,11,1
3627,2877,metadata_similarity,0.9999236707176553,0,0,4,13
3628,1130,metadata_similarity,0.9996708323890813,0,0,20,9
3629,3130,metadata_similarity,0.9984825025651946,0,0,22,10
3630,2967,metadata_similarity,0.9998692702392226,0,1,26,26
3631,1086,metadata_similarity,0.9985832637717945,0,0,16,27
3632,1680,metadata_similarity,0.9995937547733665,0,0,8,28
3633,194,metadata_similarity,0.9992910973823597,0,0,18,14
3634,4594,metadata_similarity,0.9992054316755676,0,0,16,15
3635,3014,metadata_similarity,0.9973755340476689,0,0,4,5
3636,3862,metadata_similarity,0.9996201851951859,0,1,43,43
3637,3582,metadata_similarity,0.9989148047828224,0,0,9,3
3638,68,metadata_similarity,0.9997149283060099,0,0,28,8
3639,699,metadata_similarity,0.9979969645686555,0,0,28,35
3640,3640,metadata_similarity,0.9970047741000015,1,1,12,12
3641,1334,metadata_similarity,0.9996084446203658,0,1,10,10
3642,223,metadata_similarity,0.9995885348740763,0,0,23,7
3643,215,metadata_similarity,0.9983445465871127,0,0,24,46
3644,1592,metadata_similarity,0.9999091217972228,0,0,27,40
3645,4470,metadata_similarity,0.9991188776697025,0,0,3,8
3646,3405,metadata_similarity,0.9999331833772039,0,0,42,46
3647,2715,metadata_similarity,0.9982520322505781,0,0,25,30
3648,3440,metadata_similarity,0.995534706572519,0,1,34,34
3649,1605,metadata_similarity,0.9996215891855766,0,0,41,47
3650,973,metadata_similarity,0.999196219470709,0,0,8,28
3651,324,metadata_similarity,0.9988076652282066,0,0,31,19
3652,2985,metadata_similarity,0.9994437808696073,0,0,34,43
3653,4309,metadata_similarity,0.9999333434397281,0,0,42,49
3654,3401,metadata_similarity,0.9994892032955524,0,1,3,3
3655,2637,metadata_similarity,0.9995534113655319,0,0,43,34
3656,2547,metadata_similarity,0.99952059589969,0,1,18,18
3657,4666,metadata_similarity,0.9954977189400077,0,0,48,36
3658,3658,metadata_similarity,0.9998692467803085,1,1,43,43
3659,4175,metadata_similarity,0.999235597292266,0,0,26,27
3660,3660,metadata_similarity,0.9998480634293584,1,1,22,22
3661,3649,metadata_similarity,0.9995284045462847,0,0,36,41
3662,3013,metadata_similarity,0.9999654245059376,0,0,18,16
3663,1905,metadata_similarity,0.9993702219085356,0,0,36,31
3664,2406,metadata_similarity,0.9986430337149229,0,0,16,21
3665,4263,metadata_similarity,0.9994258932746027,0,0,40,27
3666,4085,metadata_similarity,0.9997736925580171,0,0,30,43
3667,3113,metadata_similarity,0.9987350070723422,0,0,26,5
3668,1057,metadata_similarity,0.9977649463738544,0,1,8,8
3669,3754,metadata_similarity,0.997186939932953,0,0,22,7
3670,454,metadata_similarity,0.9994568330213348,0,0,10,23
3671,3629,metadata_similarity,0.9983082549163501,0,0,21,22
3672,2595,metadata_similarity,0.9995613934412629,0,1,48,48
3673,4091,metadata_similarity,0.9982183696200283,0,0,48,44
3674,94,metadata_similarity,0.9997726209937718,0,1,47,47
3675,2359,metadata_similarity,0.9997300667538968,0,1,31,31
3676,4610,metadata_similarity,0.9997339845765073,0,0,19,45
3677,1639,metadata_similarity,0.9999649067910398,0,0,35,47
3678,2905,metadata_similarity,0.9996473450875835,0,0,32,48
3679,4334,metadata_similarity,0.999285637116127,0,1,37,37
3680,354,metadata_similarity,0.9997181892096136,0,0,31,17
3681,4834,metadata_similarity,0.9996609315434979,0,0,6,17
3682,4519,metadata_similarity,0.9987482654990065,0,0,2,1
3683,4807,metadata_similarity,0.9975953130240467,0,0,41,48
3684,2976,metadata_similarity,0.9979525308803006,0,1,2,2
3685,3884,metadata_similarity,0.9997369330301857,0,0,47,39
3686,1339,metadata_similarity,0.999978034114377,0,0,42,43
3687,4516,metadata_similarity,0.9996511363947485,0,0,4,0
3688,2122,metadata_similarity,0.9999207543492964,0,1,32,32
3689,1943,metadata_similarity,0.9997813930075308,0,0,30,39
3690,1144,metadata_similarity,0.9989754258440028,0,0,20,33
3691,3240,metadata_similarity,0.9996832696192688,0,0,32,17
3692,460,metadata_similarity,0.9996386222992446,0,0,42,43
3693,718,metadata_similarity,0.9995544734430498,0,0,6,9
3694,271,metadata_similarity,0.9998285636095535,0,0,18,35
3695,4076,metadata_similarity,0.9993172641613622,0,0,2,20
3696,701,metadata_similarity,0.9986916772100145,0,0,4,10
3697,3317,metadata_similarity,0.9997199626360329,0,0,27,19
3698,3075,metadata_similarity,0.998137224534024,0,0,21,26
3699,4495,metadata_similarity,0.9990248250679392,0,0,4,7
3700,1051,metadata_similarity,0.9997685335464463,0,0,18,2
3701,235,metadata_similarity,0.9996281181352139,0,0,20,11
3702,3702,metadata_similarity,0.9992360916585595,1,1,41,41
3703,4053,metadata_similarity,0.9999935563275165,0,0,45,38
3704,1864,metadata_similarity,0.9997542984506369,0,0,9,8
3705,3732,metadata_similarity,0.9998078541723059,0,0,40,12
3706,3706,metadata_similarity,0.9995260383768116,1,1,5,5
3707,2188,metadata_similarity,0.9993993638413411,0,0,16,18
3708,4681,metadata_similarity,0.9983490689302417,0,0,10,4
3709,1393,metadata_similarity,0.9990910756520852,0,0,44,33
3710,4780,metadata_similarity,0.9973633902471171,0,1,48,48
3711,4973,metadata_similarity,0.9992158303578421,0,0,17,31
3712,4163,metadata_similarity,0.9999829201217222,0,0,29,14
3713,3713,metadata_similarity,0.9984876661001663,1,1,30,30
3714,2438,metadata_similarity,0.9998128553897236,0,0,20,37
3715,946,metadata_similarity,0.9997171728209509,0,0,11,20
3716,4543,metadata_similarity,0.999924156359183,0,0,14,7
3717,2759,metadata_similarity,0.9990031114250527,0,0,36,41
3718,2924,metadata_similarity,0.9999991016046115,0,0,26,7
3719,2682,metadata_similarity,0.9988044346597515,0,0,6,13
3720,310,metadata_similarity,0.9995316770098973,0,0,9,2
3721,498,metadata_similarity,0.9990135638961215,0,0,48,39
3722,4799,metadata_similarity,0.9998433589933303,0,0,43,13
3723,2765,metadata_similarity,0.9999756098793398,0,0,11,1
3724,1558,metadata_similarity,0.9984741344892587,0,0,32,11
3725,1860,metadata_similarity,0.9991797212207207,0,0,1,2
3726,4376,metadata_similarity,0.9994471121637987,0,1,16,16
3727,1225,metadata_similarity,0.999711504268954,0,0,39,46
3728,785,metadata_similarity,0.9998015383257106,0,0,21,27
3729,681,metadata_similarity,0.9998564943334444,0,0,38,30
3730,2759,metadata_similarity,0.9977104691984284,0,0,44,41
3731,3038,metadata_similarity,0.9997182596010662,0,0,19,32
3732,842,metadata_similarity,0.9989460451164928,0,0,12,40
3733,517,metadata_similarity,0.9996682666776665,0,0,3,12
3734,604,metadata_similarity,0.9976138992277805,0,0,31,41
3735,4022,metadata_similarity,0.9995277088400614,0,0,31,17
3736,2373,metadata_similarity,0.9944344378065705,0,0,7,13
3737,2855,metadata_similarity,0.9991878656849752,0,0,3,14
3738,3849,metadata_similarity,0.9992442047775858,0,0,47,36
3739,1743,metadata_similarity,0.997650319975873,0,0,49,25
3740,1778,metadata_similarity,0.9995256957757656,0,0,35,30
3741,1742,metadata_similarity,0.9996664779142155,0,0,8,7
3742,2175,metadata_similarity,0.9999641810647864,0,0,28,45
3743,567,metadata_similarity,0.9995929862860646,0,0,30,45
3744,3744,metadata_similarity,0.9999021188736275,1,1,0,0
3745,2646,metadata_similarity,0.9998324581941064,0,1,3,3
3746,2589,metadata_similarity,0.9994332857414382,0,1,37,37
3747,4059,metadata_similarity,0.9989719245248492,0,0,19,31
3748,3748,metadata_similarity,0.9985630366270853,1,1,39,39
3749,4222,metadata_similarity,0.9939994246607735,0,1,7,7
3750,3775,metadata_similarity,0.9995788329932399,0,0,19,37
3751,2369,metadata_similarity,0.9998943675831276,0,0,44,42
3752,3752,metadata_similarity,0.9975535200207523,1,1,2,2
3753,2890,metadata_similarity,0.9993215319812835,0,0,6,11
3754,3754,metadata_similarity,0.9952955386180228,1,1,7,7
3755,2187,metadata_similarity,0.9998634562001913,0,0,35,34
3756,61,metadata_similarity,0.999746849074157,0,0,31,28
3757,2472,metadata_similarity,0.9994371783620399,0,0,24,48
3758,938,metadata_similarity,0.999854028639333,0,0,24,20
3759,2426,metadata_similarity,0.9972129096446393,0,1,11,11
3760,4068,metadata_similarity,0.9996678283228448,0,0,12,25
3761,1314,metadata_similarity,0.9997525940974387,0,1,48,48
3762,2766,metadata_similarity,0.9999728839861227,0,0,30,39
3763,3763,metadata_similarity,0.9971700069609951,1,1,41,41
3764,4868,metadata_similarity,0.9990834174013027,0,1,5,5
3765,2131,metadata_similarity,0.9998968155032688,0,0,14,21
3766,2097,metadata_similarity,0.9950782017634445,0,0,12,3
3767,2130,metadata_similarity,0.9997490760543766,0,0,22,5
3768,1180,metadata_similarity,0.9997163946361669,0,0,33,41
3769,1351,metadata_similarity,0.9991383714847173,0,0,42,32
3770,2187,metadata_similarity,0.9993662737385149,0,1,34,34
3771,1317,metadata_similarity,0.999064174455513,0,0,3,28
3772,3349,metadata_similarity,0.9999366887212257,0,0,28,24
3773,3894,metadata_similarity,0.9981612963554451,0,0,25,37
3774,2939,metadata_similarity,0.999139916852801,0,1,41,41
3775,4447,metadata_similarity,0.9993386617071554,0,0,37,17
3776,254,metadata_similarity,0.9994606711686597,0,0,22,37
3777,4129,metadata_similarity,0.999193807702538,0,0,42,38
3778,3953,metadata_similarity,0.9993253770288967,0,1,12,12
3779,3269,metadata_similarity,0.9996599081991409,0,0,13,40
3780,3038,metadata_similarity,0.9995426196594994,0,0,23,32
3781,3564,metadata_similarity,0.998728838749924,0,0,19,0
3782,601,metadata_similarity,0.999946282354948,0,0,18,3
3783,1053,metadata_similarity,0.9979610499478889,0,0,20,18
3784,3618,metadata_similarity,0.9999185748876037,0,1,26,26
3785,1008,metadata_similarity,0.9989846457912275,0,0,5,28
3786,3786,metadata_similarity,0.9968606811892975,1,1,48,48
3787,1685,metadata_similarity,0.9998867182188536,0,0,1,42
3788,1914,metadata_similarity,0.9989430893415879,0,0,32,46
3789,3432,metadata_similarity,0.9994664381134786,0,0,9,17
3790,2729,metadata_similarity,0.9991161206231254,0,0,41,9
3791,2620,metadata_similarity,0.9991152548191259,0,0,27,15
3792,302,metadata_similarity,0.998513150450024,0,0,30,35
3793,4778,metadata_similarity,0.9994532319661391,0,0,16,19
3794,1523,metadata_similarity,0.9997757505015177,0,1,9,9
3795,976,metadata_similarity,0.9984602547406455,0,0,25,12
3796,4514,metadata_similarity,0.9997704219531041,0,0,22,4
3797,3929,metadata_similarity,0.9996090372435861,0,0,9,10
3798,3798,metadata_similarity,0.9996937967468217,1,1,16,16
3799,1391,metadata_similarity,0.9997601881181885,0,1,46,46
3800,3925,metadata_similarity,0.997495475875628,0,0,23,8
3801,1955,metadata_similarity,0.9993522429651245,0,0,6,32
3802,2679,metadata_similarity,0.9994419349368435,0,0,22,33
3803,3803,metadata_similarity,0.9987000709042162,1,1,38,38
3804,3898,metadata_similarity,0.9991087336172447,0,0,20,2
3805,4324,metadata_similarity,0.99983688116851,0,0,43,47
3806,2649,metadata_similarity,0.9992537514138189,0,0,22,4
3807,3582,metadata_similarity,0.998681483576147,0,1,3,3
3808,691,metadata_similarity,0.9999057389199889,0,1,42,42
3809,1877,metadata_similarity,0.9998812264425838,0,0,19,17
3810,2144,metadata_similarity,0.9981812502117233,0,0,4,13
3811,379,metadata_similarity,0.997228971992887,0,0,27,13
3812,1318,metadata_similarity,0.9985333676106647,0,0,6,2
3813,4590,metadata_similarity,0.9973632326344297,0,0,1,15
3814,3545,metadata_similarity,0.9994351048430004,0,0,26,14
3815,1205,metadata_similarity,0.9998189764392376,0,0,23,28
3816,541,metadata_similarity,0.999734421238904,0,0,47,45
3817,4528,metadata_similarity,0.999991092220078,0,0,28,47
3818,351,metadata_similarity,0.9967331224376151,0,0,11,20
3819,2532,metadata_similarity,0.9996389003894081,0,0,33,38
3820,3521,metadata_similarity,0.9998327160826546,0,0,16,27
3821,3922,metadata_similarity,0.9983589115855941,0,0,11,41
3822,2218,metadata_similarity,0.9987563657745081,0,0,19,18
3823,428,metadata_similarity,0.999144091886509,0,0,13,48
3824,3824,metadata_similarity,0.9974232968071528,1,1,33,33
3825,2383,metadata_similarity,0.9947877904184177,0,0,34,30
3826,4425,metadata_similarity,0.9995742206152322,0,0,16,18
3827,2435,metadata_similarity,0.9989922927060797,0,0,40,18
3828,4354,metadata_similarity,0.9984795899383083,0,0,2,27
3829,828,metadata_similarity,0.999997089283378,0,0,24,6
3830,3722,metadata_similarity,0.9994250013476248,0,0,21,43
3831,1270,metadata_similarity,0.9999817456371886,0,1,4,4
3832,603,metadata_similarity,0.9999315587202389,0,0,19,38
3833,1272,metadata_similarity,0.9998786830009204,0,1,0,0
3834,3684,metadata_similarity,0.9994941239975079,0,1,2,2
3835,210,metadata_similarity,0.9996415598683451,0,0,25,16
3836,4258,metadata_similarity,0.999764037933568,0,0,38,28
3837,4035,metadata_similarity,0.9995972626519638,0,0,36,31
3838,457,metadata_similarity,0.9971689427270576,0,0,35,12
3839,235,metadata_similarity,0.9987464545692406,0,0,20,11
3840,258,metadata_similarity,0.9996151250794668,0,0,37,10
3841,4128,metadata_similarity,0.9973524202170166,0,0,25,8
3842,2491,metadata_similarity,0.9980628632527198,0,0,47,41
3843,1278,metadata_similarity,0.9996711867126721,0,0,13,18
3844,2012,metadata_similarity,0.9992386455331163,0,0,28,44
3845,225,metadata_similarity,0.9999606147558142,0,0,47,45
3846,3963,metadata_similarity,0.9995833353009691,0,1,37,37
3847,794,metadata_similarity,0.9993526728505576,0,0,11,2
3848,4014,metadata_similarity,0.9999255485250884,0,0,28,41
3849,4952,metadata_similarity,0.9999774949556911,0,0,36,38
3850,2181,metadata_similarity,0.9995993080888265,0,1,11,11
3851,3106,metadata_similarity,0.9995598106167717,0,0,23,28
3852,3056,metadata_similarity,0.999734453088779,0,0,10,17
3853,2981,metadata_similarity,0.9993899940993308,0,0,17,4
3854,4753,metadata_similarity,0.9997440317011772,0,0,44,49
3855,1318,metadata_similarity,0.998466502220105,0,0,24,2
3856,2591,metadata_similarity,0.9998806244531959,0,0,36,47
3857,2927,metadata_similarity,0.9988546267350701,0,0,48,24
3858,3348,metadata_similarity,0.9987666165281204,0,0,44,42
3859,3859,metadata_similarity,0.9987785703776974,1,1,26,26
3860,3229,metadata_similarity,0.9995670106346556,0,1,28,28
3861,4155,metadata_similarity,0.9975765836541385,0,0,8,38
3862,2168,metadata_similarity,0.9985860922762699,0,1,43,43
3863,3858,metadata_similarity,0.9999939388281757,0,1,44,44
3864,4825,metadata_similarity,0.9995910000837632,0,0,41,17
3865,3912,metadata_similarity,0.9999090814193139,0,1,16,16
3866,2194,metadata_similarity,0.9999306269015724,0,0,16,13
3867,306,metadata_similarity,0.9993866113256533,0,0,20,6
3868,3868,metadata_similarity,0.9993068250016095,1,1,7,7
3869,3787,metadata_similarity,0.9981699080824353,0,0,33,1
3870,967,metadata_similarity,0.9996679510499953,0,0,13,44
3871,1515,metadata_similarity,0.9998186764465913,0,0,19,25
3872,3872,metadata_similarity,0.9996973645546429,1,1,44,44
3873,343,metadata_similarity,0.9991604394690343,0,0,16,4
3874,1845,metadata_similarity,0.9996897659607419,0,0,27,21
3875,3875,metadata_similarity,0.9996085158243594,1,1,41,41
3876,2549,metadata_similarity,0.999612693275824,0,0,16,37
3877,2041,metadata_similarity,0.9982879134208149,0,0,38,30
3878,4704,metadata_similarity,0.9995917679636984,0,0,30,43
3879,3879,metadata_similarity,0.9975951140826322,1,1,5,5
3880,1345,metadata_similarity,0.9983865435632501,0,1,48,48
3881,3292,metadata_similarity,0.9998068761237975,0,1,34,34
3882,3573,metadata_similarity,0.9955367341723815,0,1,8,8
3883,1410,metadata_similarity,0.9999756542158197,0,0,45,44
3884,2439,metadata_similarity,0.9993476485094507,0,0,39,47
3885,3114,metadata_similarity,0.999508203036334,0,1,6,6
3886,711,metadata_similarity,0.9989198335237452,0,0,33,49
3887,3887,metadata_similarity,0.9999502797662562,1,1,25,25
3888,4255,metadata_similarity,0.9998118491915414,0,0,43,21
3889,1132,metadata_similarity,0.999566174672683,0,0,17,25
3890,2435,metadata_similarity,0.9997894828757368,0,0,15,18
3891,1255,metadata_similarity,0.9994028942533103,0,0,24,9
3892,4630,metadata_similarity,0.9992723159185404,0,1,37,37
3893,3563,metadata_similarity,0.9984926588840876,0,0,17,31
3894,4497,metadata_similarity,0.9996137168582918,0,0,37,25
3895,4952,metadata_similarity,0.9999689408237482,0,0,47,38
3896,4654,metadata_similarity,0.9993856620993496,0,1,14,14
3897,3458,metadata_similarity,0.9990470518845141,0,0,1,6
3898,78,metadata_similarity,0.9999928651719726,0,1,2,2
3899,4296,metadata_similarity,0.9990835644950343,0,1,45,45
3900,468,metadata_similarity,0.9994839994834345,0,0,26,36
3901,1277,metadata_similarity,0.9998867696780841,0,0,42,49
3902,3809,metadata_similarity,0.9996732858196954,0,0,37,19
3903,4196,metadata_similarity,0.998879929882482,0,0,47,34
3904,163,metadata_similarity,0.9999946624852961,0,0,40,13
3905,3782,metadata_similarity,0.999891151753074,0,0,9,18
3906,1890,metadata_similarity,0.9995235244898366,0,1,0,0
3907,4742,metadata_similarity,0.9994079756432935,0,1,3,3
3908,2844,metadata_similarity,0.9998594029912986,0,0,47,41
3909,4626,metadata_similarity,0.9997312161708244,0,0,30,39
3910,2322,metadata_similarity,0.9983380945389728,0,1,12,12
3911,4940,metadata_similarity,0.9994834785314739,0,0,15,13
3912,4814,metadata_similarity,0.9997724226544341,0,0,16,1
3913,3373,metadata_similarity,0.9971803734460795,0,0,28,38
3914,2066,metadata_similarity,0.9998541421814189,0,0,15,36
3915,4159,metadata_similarity,0.998814100118088,0,1,12,12
3916,4142,metadata_similarity,0.9994337610089986,0,1,34,34
3917,2198,metadata_similarity,0.9999395042657956,0,1,5,5
3918,3964,metadata_similarity,0.9997798931242646,0,0,25,35
3919,1009,metadata_similarity,0.9996788443369499,0,0,30,4
3920,542,metadata_similarity,0.9992295284130172,0,0,6,23
3921,3913,metadata_similarity,0.9998777585838344,0,1,28,28
3922,645,metadata_similarity,0.9999484228291958,0,0,41,17
3923,4365,metadata_similarity,0.9989827273404432,0,0,0,4
3924,2434,metadata_similarity,0.9998523734840135,0,0,33,31
3925,1121,metadata_similarity,0.9987811538357825,0,0,8,3
3926,2641,metadata_similarity,0.9970566824265398,0,0,27,0
3927,4180,metadata_similarity,0.9995443059310081,0,0,41,45
3928,3571,metadata_similarity,0.9990708020323897,0,0,18,29
3929,4603,metadata_similarity,0.9992604764883518,0,0,10,3
3930,33,metadata_similarity,0.9991885385633363,0,0,24,3
3931,3209,metadata_similarity,0.999945600472731,0,0,28,35
3932,2235,metadata_similarity,0.9964482251230741,0,0,19,20
3933,824,metadata_similarity,0.9981515856869166,0,1,0,0
3934,2748,metadata_similarity,0.9956889201473373,0,0,17,0
3935,2261,metadata_similarity,0.9994859917511579,0,1,12,12
3936,2371,metadata_similarity,0.9972821447650663,0,0,8,5
3937,1407,metadata_similarity,0.9991536395210875,0,0,39,12
3938,320,metadata_similarity,0.9999743832481073,0,0,8,23
3939,3005,metadata_similarity,0.9989092848913997,0,0,47,46
3940,2059,metadata_similarity,0.9972736644172581,0,0,19,1
3941,1702,metadata_similarity,0.999800869816904,0,0,4,27
3942,4716,metadata_similarity,0.9997295356505793,0,0,44,43
3943,1642,metadata_similarity,0.9974976170745574,0,1,26,26
3944,1728,metadata_similarity,0.9994428534406085,0,0,31,17
3945,2457,metadata_similarity,0.9997813530900097,0,0,20,1
3946,798,metadata_similarity,0.9992458961146838,0,0,8,7
3947,4676,metadata_similarity,0.9985749399554537,0,0,3,18
3948,701,metadata_similarity,0.9999110851742534,0,0,12,10
3949,3111,metadata_similarity,0.9992305248458822,0,0,33,44
3950,3697,metadata_similarity,0.9986358042730721,0,0,7,27
3951,2291,metadata_similarity,0.9987290040471211,0,0,49,45
3952,4300,metadata_similarity,0.999870329813866,0,0,24,1
3953,3778,metadata_similarity,0.9992199815681689,0,1,12,12
3954,3735,metadata_similarity,0.9991503363404518,0,0,17,31
3955,2853,metadata_similarity,0.9999186171695841,0,0,41,36
3956,4777,metadata_similarity,0.9997964048407187,0,0,45,46
3957,1703,metadata_similarity,0.9999987290990915,0,0,4,15
3958,4100,metadata_similarity,0.9999614857658532,0,0,6,1
3959,3623,metadata_similarity,0.998625584585409,0,0,13,15
3960,3501,metadata_similarity,0.99971082412507,0,0,9,33
3961,4958,metadata_similarity,0.9999265310086017,0,0,45,44
3962,531,metadata_similarity,0.998205136856836,0,0,2,7
3963,97,metadata_similarity,0.9995690177762533,0,0,37,39
3964,4899,metadata_similarity,0.9993136842017812,0,0,35,20
3965,3770,metadata_similarity,0.9996118681440558,0,0,30,34
3966,4667,metadata_similarity,0.9998265138405414,0,0,30,37
3967,2675,metadata_similarity,0.9996922913231592,0,0,28,1
3968,2167,metadata_similarity,0.9997656227625854,0,0,25,28
3969,4083,metadata_similarity,0.9996618085879726,0,0,18,13
3970,3970,metadata_similarity,0.9936977566459819,1,1,5,5
3971,2332,metadata_similarity,0.9993894609635369,0,0,28,38
3972,1532,metadata_similarity,0.9985037960600259,0,0,20,11
3973,1387,metadata_similarity,0.9994790448628712,0,1,38,38
3974,571,metadata_similarity,0.9996167409088013,0,0,24,33
3975,37,metadata_similarity,0.999280866532701,0,0,29,46
3976,1742,metadata_similarity,0.9991565033803367,0,0,8,7
3977,2598,metadata_similarity,0.9990106343911788,0,0,42,26
3978,3302,metadata_similarity,0.9991088929187177,0,0,48,39
3979,3576,metadata_similarity,0.9986785356731953,0,1,11,11
3980,2211,metadata_similarity,0.9999759788558781,0,1,29,29
3981,3636,metadata_similarity,0.9991217530648107,0,0,29,43
3982,1581,metadata_similarity,0.9999001904391304,0,0,40,15
3983,3460,metadata_similarity,0.999614991783726,0,0,30,17
3984,1657,metadata_similarity,0.9997305718780595,0,0,44,31
3985,1646,metadata_similarity,0.999732303734159,0,1,20,20
3986,188,metadata_similarity,0.9997993664384566,0,0,36,47
3987,4384,metadata_similarity,0.9951964008327688,0,0,46,36
3988,4656,metadata_similarity,0.9991400094410895,0,0,7,17
3989,3513,metadata_similarity,0.9985538258238011,0,0,24,9
3990,2343,metadata_similarity,0.999131116675902,0,0,20,18
3991,3109,metadata_similarity,0.9999466120437567,0,0,27,4
3992,1759,metadata_similarity,0.9973399238002099,0,0,39,10
3993,824,metadata_similarity,0.9992491617792366,0,1,0,0
3994,2262,metadata_similarity,0.9996438536589227,0,0,13,18
3995,700,metadata_similarity,0.9994549049576872,0,1,10,10
3996,4056,metadata_similarity,0.9991503001205086,0,0,35,23
3997,1922,metadata_similarity,0.9995394303569077,0,0,5,12
3998,3998,metadata_similarity,0.9998892833323874,1,1,28,28
3999,4308,metadata_similarity,0.9992266181304246,0,0,13,24
4000,3579,metadata_similarity,0.9994709676809005,0,0,33,42
4001,4531,metadata_similarity,0.9995226560720227,0,0,11,1
4002,4002,metadata_similarity,0.9998016988298473,1,1,47,47
4003,1303,metadata_similarity,0.9987305581580495,0,1,32,32
4004,2616,metadata_similarity,0.9991358633590519,0,0,17,28
4005,1355,metadata_similarity,0.9991077471278401,0,1,31,31
4006,749,metadata_similarity,0.998456872408843,0,0,17,4
4007,4649,metadata_similarity,0.9999079201631975,0,0,20,3
4008,1868,metadata_similarity,0.9997830598910333,0,0,3,35
4009,1197,metadata_similarity,0.9992332263278189,0,0,29,27
4010,4278,metadata_similarity,0.9957384501830758,0,1,1,1
4011,4616,metadata_similarity,0.9902157375836246,0,0,3,12
4012,4472,metadata_similarity,0.999863103733969,0,0,30,26
4013,4847,metadata_similarity,0.9991589666880314,0,0,34,35
4014,1098,metadata_similarity,0.999966779935573,0,0,41,31
4015,2647,metadata_similarity,0.9991369329147409,0,0,37,30
4016,1761,metadata_similarity,0.9993308425464981,0,0,4,12
4017,1024,metadata_similarity,0.999649132550038,0,0,9,3
4018,1008,metadata_similarity,0.999604827622167,0,0,23,28
4019,1349,metadata_similarity,0.9989441834597295,0,1,37,37
4020,2455,metadata_similarity,0.9999816593025563,0,0,21,16
4021,4541,metadata_similarity,0.9982304362329399,0,0,19,11
4022,4825,metadata_similarity,0.9997466940918663,0,1,17,17
4023,1,metadata_similarity,0.9996623720435059,0,0,23,33
4024,4755,metadata_similarity,0.9995312564768323,0,1,45,45
4025,145,metadata_similarity,0.9998383106759261,0,0,4,37
4026,4026,metadata_similarity,0.9999703991397024,1,1,35,35
4027,3222,metadata_similarity,0.994676652341488,0,0,5,21
4028,155,metadata_similarity,0.9990485048784564,0,0,29,43
4029,3346,metadata_similarity,0.9999511209913178,0,0,33,38
4030,2923,metadata_similarity,0.9995801674210273,0,0,35,34
4031,4100,metadata_similarity,0.9996235129117754,0,0,11,1
4032,4250,metadata_similarity,0.9999904229426833,0,0,49,21
4033,2358,metadata_similarity,0.9999603772349732,0,0,25,41
4034,4919,metadata_similarity,0.9999919797213873,0,0,47,36
4035,922,metadata_similarity,0.9989635002068258,0,1,31,31
4036,1562,metadata_similarity,0.9993058431533784,0,0,25,23
4037,3849,metadata_similarity,0.999396946900567,0,0,47,36
4038,986,metadata_similarity,0.9994549824380984,0,0,18,3
4039,4039,metadata_similarity,0.9975462598153134,1,1,6,6
4040,2803,metadata_similarity,0.9985486625768121,0,0,23,24
4041,805,metadata_similarity,0.9992958301447472,0,0,21,15
4042,3279,metadata_similarity,0.9987962429207909,0,0,18,39
4043,1265,metadata_similarity,0.9998107149353233,0,0,33,24
4044,729,metadata_similarity,0.9999643702859816,0,0,43,39
4045,2933,metadata_similarity,0.9993307298784042,0,1,24,24
4046,1422,metadata_similarity,0.9998701392957373,0,0,47,36
4047,801,metadata_similarity,0.9999103041735579,0,0,12,4
4048,3900,metadata_similarity,0.9996433285460474,0,0,7,26
4049,3945,metadata_similarity,0.9998123427831505,0,0,10,20
4050,3091,metadata_similarity,0.9978745268903539,0,1,29,29
4051,3009,metadata_similarity,0.9995894681700347,0,0,23,28
4052,2485,metadata_similarity,0.9991609940554181,0,0,14,23
4053,4180,metadata_similarity,0.9992193029427314,0,0,38,45
4054,734,metadata_similarity,0.9993563866860913,0,0,19,13
4055,4055,metadata_similarity,0.9996510042866582,1,1,32,32
4056,51,metadata_similarity,0.9990356846039914,0,0,23,1
4057,3264,metadata_similarity,0.9982936152728146,0,0,26,35
4058,1931,metadata_similarity,0.9983791449413474,0,0,7,27
4059,526,metadata_similarity,0.9978753477464447,0,1,31,31
4060,1656,metadata_similarity,0.9979035996952296,0,0,25,8
4061,2646,metadata_similarity,0.9986722804461585,0,0,35,3
4062,3584,metadata_similarity,0.9990385025392551,0,0,27,19
4063,2767,metadata_similarity,0.9994251874496282,0,0,38,33
4064,50,metadata_similarity,0.9985012092967444,0,0,21,7
4065,436,metadata_similarity,0.9997198906023596,0,0,25,22
4066,4066,metadata_similarity,0.9999719309781466,1,1,0,0
4067,2417,metadata_similarity,0.9996688011165643,0,0,28,3
4068,4047,metadata_similarity,0.9993221613749677,0,0,25,12
4069,3590,metadata_similarity,0.9996055638302102,0,0,46,42
4070,3428,metadata_similarity,0.9991632911101028,0,0,8,5
4071,4130,metadata_similarity,0.9993121246299443,0,0,40,37
4072,521,metadata_similarity,0.9992386812460963,0,0,10,20
4073,4379,metadata_similarity,0.9996277497880217,0,0,36,47
4074,1738,metadata_similarity,0.9995946752902544,0,0,30,47
4075,691,metadata_similarity,0.9997332764823457,0,0,43,42
4076,2848,metadata_similarity,0.9994125034770139,0,0,20,1
4077,2807,metadata_similarity,0.9999304668339299,0,0,7,29
4078,3646,metadata_similarity,0.999939523311784,0,0,49,42
4079,3703,metadata_similarity,0.9998274436385755,0,0,23,45
4080,492,metadata_similarity,0.9999348571621847,0,1,0,0
4081,2670,metadata_similarity,0.9996366907252959,0,0,18,28
4082,3477,metadata_similarity,0.9990478934262975,0,0,35,28
4083,128,metadata_similarity,0.9982867167032742,0,0,13,29
4084,1857,metadata_similarity,0.9978606163914514,0,0,21,23
4085,3393,metadata_similarity,0.9997793301693784,0,0,43,36
4086,4066,metadata_similarity,0.9999133290353576,0,0,6,0
4087,2492,metadata_similarity,0.9998854563533238,0,1,0,0
4088,2945,metadata_similarity,0.9986581111379553,0,0,31,32
4089,512,metadata_similarity,0.9994934936840912,0,0,17,32
4090,3976,metadata_similarity,0.9991412832148845,0,1,8,8
4091,4091,metadata_similarity,0.9995922840046153,1,1,44,44
4092,1846,metadata_similarity,0.9968416903464492,0,0,6,24
4093,873,metadata_similarity,0.9995357551251611,0,1,46,46
4094,2151,metadata_similarity,0.9989270723320651,0,0,32,31
4095,800,metadata_similarity,0.9999489810379951,0,0,27,15
4096,3610,metadata_similarity,0.9986034905802573,0,0,29,15
4097,3502,metadata_similarity,0.9826847989156198,0,0,1,11
4098,2564,metadata_similarity,0.9992024315341842,0,1,41,41
4099,216,metadata_similarity,0.9996746420763536,0,0,12,4
4100,4100,metadata_similarity,0.999856290000131,1,1,1,1
4101,1494,metadata_similarity,0.9993339567016596,0,0,49,42
4102,2567,metadata_similarity,0.9997278333521236,0,0,38,42
4103,4103,metadata_similarity,0.9985215876788976,1,1,3,3
4104,2849,metadata_similarity,0.999561941212209,0,0,24,44
4105,2435,metadata_similarity,0.999803632487343,0,0,24,18
4106,3008,metadata_similarity,0.9998637811848619,0,0,10,22
4107,3594,metadata_similarity,0.9998634437917735,0,0,49,48
4108,2453,metadata_similarity,0.9998038799825897,0,0,2,28
4109,3894,metadata_similarity,0.9999412553273721,0,0,17,37
4110,4185,metadata_similarity,0.9997806175222848,0,0,22,14
4111,2099,metadata_similarity,0.9997831976442484,0,0,29,21
4112,157,metadata_similarity,0.9979250852256552,0,0,41,31
4113,4113,metadata_similarity,0.9993303319805025,1,1,40,40
4114,697,metadata_similarity,0.9976987198482034,0,0,9,1
4115,1919,metadata_similarity,0.998688641799494,0,0,24,48
4116,4285,metadata_similarity,0.9993499689684173,0,0,8,28
4117,3455,metadata_similarity,0.9994470457742912,0,0,38,49
4118,1899,metadata_similarity,0.9998440353802749,0,1,46,46
4119,3175,metadata_similarity,0.9991807916824021,0,0,39,20
4120,2751,metadata_similarity,0.9987587048049583,0,0,5,12
4121,4683,metadata_similarity,0.9990563602791706,0,1,39,39
4122,1272,metadata_similarity,0.9999713482372373,0,1,0,0
4123,3007,metadata_similarity,0.9998500794192476,0,1,48,48
4124,4124,metadata_similarity,0.9951952012249781,1,1,40,40
4125,3177,metadata_similarity,0.9999287320190047,0,1,5,5
4126,2035,metadata_similarity,0.9981374599332322,0,0,6,11
4127,1340,metadata_similarity,0.9974397514098852,0,1,25,25
4128,2850,metadata_similarity,0.9974263630411072,0,1,8,8
4129,540,metadata_similarity,0.9988268040489533,0,0,38,21
4130,1570,metadata_similarity,0.9990709591892576,0,0,37,16
4131,2741,metadata_similarity,0.9994442795572084,0,1,39,39
4132,1391,metadata_similarity,0.9998490818112464,0,0,36,46
4133,570,metadata_similarity,0.9982813466108846,0,0,16,18
4134,294,metadata_similarity,0.9997986045123709,0,0,10,16
4135,4135,metadata_similarity,0.9962268559239151,1,1,24,24
4136,3051,metadata_similarity,0.9994784698118204,0,0,22,21
4137,1422,metadata_similarity,0.9999128535206236,0,0,47,36
4138,2078,metadata_similarity,0.9986567591955464,0,0,12,10
4139,2710,metadata_similarity,0.9999251753938766,0,0,1,9
4140,2731,metadata_similarity,0.9996039043123244,0,0,37,31
4141,3745,metadata_similarity,0.9993984508497616,0,0,33,3
4142,2327,metadata_similarity,0.9993338704326005,0,0,34,5
4143,4143,metadata_similarity,0.9996104903014138,1,1,25,25
4144,1609,metadata_similarity,0.9958465947959095,0,1,46,46
4145,4513,metadata_similarity,0.9973197724100364,0,0,26,34
4146,217,metadata_similarity,0.9989685230530848,0,1,24,24
4147,1803,metadata_similarity,0.9999870154827292,0,0,41,47
4148,2709,metadata_similarity,0.9999247042339275,0,0,40,27
4149,4054,metadata_similarity,0.9996635588630294,0,0,27,19
4150,3913,metadata_similarity,0.9979943424700323,0,0,7,28
4151,1192,metadata_similarity,0.9993610575597737,0,0,15,21
4152,286,metadata_similarity,0.9999222379673741,0,0,3,9
4153,2961,metadata_similarity,0.9988011758073284,0,0,42,18
4154,2534,metadata_similarity,0.9995544897371805,0,1,36,36
4155,3150,metadata_similarity,0.9974653608359686,0,0,38,42
4156,1420,metadata_similarity,0.9998045041072925,0,0,7,17
4157,290,metadata_similarity,0.9992070738808804,0,0,16,24
4158,1021,metadata_similarity,0.999790687499739,0,0,8,26
4159,4159,metadata_similarity,0.9999577112947904,1,1,12,12
4160,1912,metadata_similarity,0.9999422364487531,0,0,23,41
4161,3631,metadata_similarity,0.9992526579695752,0,0,39,16
4162,4390,metadata_similarity,0.9970599020304746,0,1,40,40
4163,2464,metadata_similarity,0.9999385365088238,0,0,14,21
4164,2607,metadata_similarity,0.9993424184313634,0,1,11,11
4165,2109,metadata_similarity,0.9996873634555933,0,1,38,38
4166,2190,metadata_similarity,0.9986339194338224,0,0,36,43
4167,3913,metadata_similarity,0.9993618751699845,0,1,28,28
4168,1403,metadata_similarity,0.9998272150669444,0,0,1,20
4169,1007,metadata_similarity,0.9992297942445235,0,1,23,23
4170,3605,metadata_similarity,0.9998173231138204,0,0,4,0
4171,2836,metadata_similarity,0.9994816743281626,0,0,37,47
4172,1540,metadata_similarity,0.9999260238533986,0,0,22,20
4173,1646,metadata_similarity,0.9994062698012589,0,0,12,20
4174,4174,metadata_similarity,0.9973544569016837,1,1,5,5
4175,4175,metadata_similarity,0.9996385867191234,1,1,27,27
4176,2769,metadata_similarity,0.9989150336210596,0,0,1,2
4177,1109,metadata_similarity,0.9996389922730115,0,0,1,23
4178,2599,metadata_similarity,0.9991189939305675,0,0,17,7
4179,1245,metadata_similarity,0.9983150318744682,0,0,6,32
4180,4747,metadata_similarity,0.9997003977853162,0,0,45,36
4181,1335,metadata_similarity,0.9985688891546659,0,0,42,40
4182,4210,metadata_similarity,0.9991342544607753,0,0,5,8
4183,518,metadata_similarity,0.9996995840371461,0,1,6,6
4184,3505,metadata_similarity,0.9999862993433677,0,0,21,29
4185,1093,metadata_similarity,0.9996816166206376,0,1,14,14
4186,3023,metadata_similarity,0.9937574081224185,0,1,49,49
4187,1530,metadata_similarity,0.9996708563123616,0,1,24,24
4188,1293,metadata_similarity,0.9995701174760473,0,0,25,5
4189,3564,metadata_similarity,0.999787660528468,0,0,29,0
4190,1136,metadata_similarity,0.988192213522055,0,0,13,7
4191,1565,metadata_similarity,0.9982117150952637,0,1,32,32
4192,2035,metadata_similarity,0.9927166160099051,0,0,6,11
4193,2770,metadata_similarity,0.9998961577276374,0,0,31,10
4194,687,metadata_similarity,0.9999450790751877,0,0,0,10
4195,2101,metadata_similarity,0.9992561002159106,0,0,31,20
4196,1631,metadata_similarity,0.9995342604197661,0,0,34,42
4197,1494,metadata_similarity,0.9999252193666937,0,0,33,42
4198,1249,metadata_similarity,0.9995965803545628,0,0,3,2
4199,4057,metadata_similarity,0.9989316774673812,0,0,34,26
4200,3745,metadata_similarity,0.9999112965023331,0,0,9,3
4201,1138,metadata_similarity,0.9995694460586714,0,0,3,18
4202,4375,metadata_similarity,0.9994421615432851,0,0,16,21
4203,154,metadata_similarity,0.9997996533676515,0,0,16,14
4204,1093,metadata_similarity,0.9997327164264711,0,0,29,14
4205,1786,metadata_similarity,0.9985630676236855,0,0,38,40
4206,2399,metadata_similarity,0.9994214383460558,0,0,26,29
4207,1685,metadata_similarity,0.999253295981599,0,0,13,42
4208,4803,metadata_similarity,0.9992455950133396,0,0,1,34
4209,3869,metadata_similarity,0.9991051436256763,0,1,33,33
4210,1064,metadata_similarity,0.9997558923383354,0,0,8,25
4211,1440,metadata_similarity,0.9993708975194814,0,0,18,35
4212,4485,metadata_similarity,0.9998412804218532,0,0,43,29
4213,3582,metadata_similarity,0.9995373755797727,0,0,12,3
4214,191,metadata_similarity,0.9997808482742777,0,0,49,44
4215,2529,metadata_similarity,0.9999659171605412,0,0,10,17
4216,1149,metadata_similarity,0.9991623356948268,0,0,49,43
4217,2595,metadata_similarity,0.9989889536255044,0,0,32,48
4218,2728,metadata_similarity,0.9967830018085582,0,0,32,31
4219,4219,metadata_similarity,0.9987635601156026,1,1,28,28
4220,4220,metadata_similarity,0.9981082985520732,1,1,46,46
4221,667,metadata_similarity,0.9996448003156752,0,0,26,12
4222,4222,metadata_similarity,0.9996799202795398,1,1,7,7
4223,4360,metadata_similarity,0.9999551343555197,0,0,14,8
4224,4957,metadata_similarity,0.9997947280783227,0,1,11,11
4225,4654,metadata_similarity,0.9993682602602221,0,0,15,14
4226,2227,metadata_similarity,0.9999681271516924,0,0,10,9
4227,4592,metadata_similarity,0.999798643143056,0,1,42,42
4228,2813,metadata_similarity,0.9989332671445798,0,0,19,15
4229,551,metadata_similarity,0.997497641113496,0,0,25,31
4230,1522,metadata_similarity,0.999341412614548,0,1,42,42
4231,783,metadata_similarity,0.9979311059059602,0,0,35,47
4232,1168,metadata_similarity,0.9993964347698232,0,0,36,22
4233,4233,metadata_similarity,0.9988064423683941,1,1,2,2
4234,4678,metadata_similarity,0.9988812323811875,0,0,23,32
4235,4000,metadata_similarity,0.9998382623709563,0,0,44,33
4236,3291,metadata_similarity,0.9989753206802571,0,1,0,0
4237,2638,metadata_similarity,0.9999574116718455,0,0,2,1
4238,515,metadata_similarity,0.996610579048615,0,0,2,23
4239,1971,metadata_similarity,0.9995992082267965,0,0,31,41
4240,4240,metadata_similarity,0.9996941949228387,1,1,19,19
4241,3871,metadata_similarity,0.9997665777027123,0,0,4,19
4242,500,metadata_similarity,0.9997310312899694,0,0,38,30
4243,3529,metadata_similarity,0.9976027414123266,0,0,47,30
4244,1958,metadata_similarity,0.9986572467176418,0,1,0,0
4245,2931,metadata_similarity,0.9988987803080359,0,1,17,17
4246,2522,metadata_similarity,0.9996411855055326,0,0,0,15
4247,359,metadata_similarity,0.9999524813164443,0,0,0,10
4248,594,metadata_similarity,0.9997633734548912,0,0,22,21
4249,955,metadata_similarity,0.998641633585093,0,0,24,2
4250,719,metadata_similarity,0.9999432904329749,0,0,21,42
4251,4197,metadata_similarity,0.9981694034455506,0,0,47,33
4252,1633,metadata_similarity,0.9986095090448556,0,0,18,27
4253,1733,metadata_similarity,0.9990090362154126,0,0,20,46
4254,4976,metadata_similarity,0.9982470093524083,0,0,9,24
4255,3652,metadata_similarity,0.9993337936374356,0,0,21,34
4256,4256,metadata_similarity,0.9949040204646716,1,1,8,8
4257,3913,metadata_similarity,0.9980978005150563,0,0,35,28
4258,3836,metadata_similarity,0.9978989252149698,0,0,28,38
4259,1452,metadata_similarity,0.9989074085224601,0,1,45,45
4260,3044,metadata_similarity,0.9986614454992048,0,0,38,35
4261,3614,metadata_similarity,0.9996375622873043,0,0,34,38
4262,1966,metadata_similarity,0.9999545725173367,0,0,20,37
4263,1528,metadata_similarity,0.9998189285661412,0,1,27,27
4264,625,metadata_similarity,0.9998075231740181,0,0,37,22
4265,1525,metadata_similarity,0.9952251523099137,0,0,35,25
4266,3763,metadata_similarity,0.9997321111832039,0,1,41,41
4267,4950,metadata_similarity,0.9987253796390174,0,0,41,31
4268,3037,metadata_similarity,0.9985622189129135,0,0,20,35
4269,3924,metadata_similarity,0.9987079761858417,0,0,24,33
4270,3599,metadata_similarity,0.9996564712033567,0,0,7,14
4271,1555,metadata_similarity,0.9981305540476436,0,0,27,15
4272,1153,metadata_similarity,0.9989705684137601,0,0,47,36
4273,534,metadata_similarity,0.998388790844968,0,0,12,3
4274,234,metadata_similarity,0.998776288236392,0,0,20,27
4275,4275,metadata_similarity,0.9984631423677393,1,1,2,2
4276,738,metadata_similarity,0.9998287406610681,0,0,1,2
4277,1976,metadata_similarity,0.9999412658703672,0,0,23,33
4278,3160,metadata_similarity,0.9991896649638556,0,0,1,30
4279,1271,metadata_similarity,0.9973573346904143,0,0,34,14
4280,768,metadata_similarity,0.9998313446209193,0,0,38,41
4281,1940,metadata_similarity,0.9992914226191215,0,0,34,30
4282,4282,metadata_similarity,0.9989546627862735,1,1,7,7
4283,232,metadata_similarity,0.9997082255628839,0,0,13,10
4284,946,metadata_similarity,0.9992942222210814,0,0,6,20
4285,305,metadata_similarity,0.9938362052295219,0,0,28,8
4286,2435,metadata_similarity,0.9990729176026575,0,0,39,18
4287,4437,metadata_similarity,0.9996926156179369,0,0,11,20
4288,1862,metadata_similarity,0.999961343379715,0,0,25,8
4289,2830,metadata_similarity,0.9999552131061215,0,1,0,0
4290,1901,metadata_similarity,0.9996186355462097,0,0,42,43
4291,529,metadata_similarity,0.9999115795202991,0,0,21,24
4292,164,metadata_similarity,0.9997141158888495,0,0,24,48
4293,2477,metadata_similarity,0.9992998619725426,0,0,12,14
4294,194,metadata_similarity,0.9995224620549237,0,0,4,14
4295,2077,metadata_similarity,0.9995594114149557,0,0,44,49
4296,2969,metadata_similarity,0.9984829215878912,0,0,45,44
4297,4336,metadata_similarity,0.999906104416528,0,0,47,46
4298,2095,metadata_similarity,0.9986586625182146,0,0,37,19
4299,3784,metadata_similarity,0.999724974565708,0,1,26,26
4300,2360,metadata_similarity,0.999686587186806,0,0,1,15
4301,4030,metadata_similarity,0.9990501875784721,0,0,41,35
4302,3453,metadata_similarity,0.9988303946194139,0,0,28,22
4303,3885,metadata_similarity,0.9997051762728867,0,0,0,6
4304,4618,metadata_similarity,0.99980032107478,0,1,32,32
4305,2859,metadata_similarity,0.9991475250809242,0,0,31,28
4306,1615,metadata_similarity,0.9979537554419469,0,1,34,34
4307,1675,metadata_similarity,0.9990971175240423,0,0,41,32
4308,2578,metadata_similarity,0.9996049811577522,0,1,24,24
4309,3331,metadata_similarity,0.9992378544700827,0,0,49,29
4310,916,metadata_similarity,0.9993912516337835,0,0,41,36
4311,2868,metadata_similarity,0.9991311587512702,0,1,20,20
4312,3954,metadata_similarity,0.9998812339691423,0,0,23,17
4313,1634,metadata_similarity,0.9995459748891152,0,1,23,23
4314,4020,metadata_similarity,0.999547744803584,0,0,27,21
4315,2322,metadata_similarity,0.9991600773201609,0,0,22,12
4316,1862,metadata_similarity,0.9990769564754878,0,0,6,8
4317,3137,metadata_similarity,0.995650489494244,0,0,26,25
4318,258,metadata_similarity,0.9999375599523977,0,0,3,10
4319,1805,metadata_similarity,0.9990776522548218,0,0,23,25
4320,210,metadata_similarity,0.9994355773365559,0,0,39,16
4321,1057,metadata_similarity,0.9998863012436637,0,1,8,8
4322,386,metadata_similarity,0.9997791637276962,0,0,17,26
4323,802,metadata_similarity,0.9999858106597007,0,0,26,33
4324,2109,metadata_similarity,0.999589710032169,0,0,47,38
4325,2470,metadata_similarity,0.9988707180525292,0,0,5,4
4326,4504,metadata_similarity,0.9997241271611932,0,0,0,10
4327,1599,metadata_similarity,0.9990569269673722,0,0,10,4
4328,4621,metadata_similarity,0.99912732188599,0,0,35,2
4329,4607,metadata_similarity,0.9996256797683555,0,1,31,31
4330,3329,metadata_similarity,0.9999917328939543,0,1,38,38
4331,4346,metadata_similarity,0.9993087390345948,0,0,13,1
4332,877,metadata_similarity,0.9998989436521083,0,0,27,21
4333,3466,metadata_similarity,0.9993033682577952,0,0,4,10
4334,1545,metadata_similarity,0.9992776748447949,0,0,37,20
4335,1813,metadata_similarity,0.9985528234452384,0,0,48,6
4336,483,metadata_similarity,0.9993608259332731,0,0,46,22
4337,3911,metadata_similarity,0.9994849141919695,0,0,10,15
4338,322,metadata_similarity,0.9998217172193089,0,0,42,40
4339,4414,metadata_similarity,0.9997606991749712,0,0,27,22
4340,4340,metadata_similarity,0.999900727489981,1,1,0,0
4341,4095,metadata_similarity,0.9989182401678253,0,0,29,27
4342,3196,metadata_similarity,0.999088171001085,0,0,7,15
4343,2416,metadata_similarity,0.9999549442552925,0,0,40,49
4344,3128,metadata_similarity,0.9999121105130204,0,0,35,22
4345,1142,metadata_similarity,0.9994000879012579,0,0,23,34
4346,2556,metadata_similarity,0.9996426064829061,0,0,1,4
4347,4761,metadata_similarity,0.9997238204563954,0,0,10,2
4348,4087,metadata_similarity,0.9998480178041286,0,1,0,0
4349,3175,metadata_similarity,0.9980843360845989,0,0,40,20
4350,1881,metadata_similarity,0.9999224893589992,0,0,10,22
4351,4562,metadata_similarity,0.9994321932615171,0,0,44,33
4352,3479,metadata_similarity,0.9968519528892336,0,1,34,34
4353,3707,metadata_similarity,0.9999762337919829,0,0,30,16
4354,3317,metadata_similarity,0.9998819868602385,0,0,27,19
4355,420,metadata_similarity,0.9990623532977938,0,0,17,19
4356,1917,metadata_similarity,0.9993353631363524,0,0,5,25
4357,4578,metadata_similarity,0.999903239723079,0,1,49,49
4358,2958,metadata_similarity,0.9989453338394746,0,0,27,40
4359,4038,metadata_similarity,0.9999405226306418,0,0,8,18
4360,2224,metadata_similarity,0.999992686115838,0,0,8,21
4361,3853,metadata_similarity,0.997252185231009,0,0,7,17
4362,4362,metadata_similarity,0.9995483414021327,1,1,9,9
4363,3344,metadata_similarity,0.9997425674705764,0,0,22,14
4364,2350,metadata_similarity,0.9989741336714764,0,0,10,15
4365,1131,metadata_similarity,0.9999960838554607,0,0,4,0
4366,208,metadata_similarity,0.9998469965764317,0,0,42,38
4367,2834,metadata_similarity,0.9999822784001214,0,0,30,28
4368,4025,metadata_similarity,0.9993383508815803,0,0,37,4
4369,2231,metadata_similarity,0.9997449210476811,0,0,16,7
4370,896,metadata_similarity,0.9999552254670714,0,0,45,36
4371,3947,metadata_similarity,0.9996412246049192,0,0,18,3
4372,2623,metadata_similarity,0.9997630600629918,0,0,6,18
4373,803,metadata_similarity,0.9996868569731364,0,0,37,19
4374,4198,metadata_similarity,0.9998498883734455,0,0,2,3
4375,2572,metadata_similarity,0.9997313932624866,0,0,21,18
4376,3531,metadata_similarity,0.9997781132472124,0,1,16,16
4377,3801,metadata_similarity,0.9996477366607509,0,1,6,6
4378,2951,metadata_similarity,0.9989655077721531,0,0,11,9
4379,3074,metadata_similarity,0.9956861118560203,0,0,47,19
4380,4070,metadata_similarity,0.9992628596333287,0,0,5,8
4381,4381,metadata_similarity,0.9995195123171101,1,1,12,12
4382,4382,metadata_similarity,0.9973288502596825,1,1,29,29
4383,1082,metadata_similarity,0.9987749850985093,0,0,31,41
4384,4964,metadata_similarity,0.998482552901088,0,1,36,36
4385,4785,metadata_similarity,0.9985765121815293,0,0,47,22
4386,872,metadata_similarity,0.9992141572577482,0,0,1,6
4387,1567,metadata_similarity,0.9995939332735277,0,0,43,49
4388,1232,metadata_similarity,0.999071987280299,0,1,19,19
4389,397,metadata_similarity,0.9973178235573433,0,0,6,19
4390,4171,metadata_similarity,0.999904488673367,0,0,40,37
4391,4382,metadata_similarity,0.9992909131112503,0,0,13,29
4392,2597,metadata_similarity,0.9999195695672726,0,0,15,39
4393,1264,metadata_similarity,0.9996312900168968,0,0,14,29
4394,1938,metadata_similarity,0.999469217871843,0,0,36,41
4395,4455,metadata_similarity,0.9988678348661062,0,0,39,40
4396,4396,metadata_similarity,0.9996128803919311,1,1,41,41
4397,2211,metadata_similarity,0.9993415773571128,0,1,29,29
4398,4413,metadata_similarity,0.9990880689917383,0,0,7,8
4399,3042,metadata_similarity,0.9987201312653575,0,0,4,22
4400,59,metadata_similarity,0.9980148626016442,0,0,14,5
4401,3352,metadata_similarity,0.9996886757457966,0,0,18,45
4402,2253,metadata_similarity,0.9999066922208274,0,0,5,0
4403,3451,metadata_similarity,0.9994937770005347,0,0,24,18
4404,2993,metadata_similarity,0.9945477235348021,0,0,8,5
4405,2056,metadata_similarity,0.9995146150588621,0,0,18,35
4406,507,metadata_similarity,0.9998769551016569,0,0,29,27
4407,380,metadata_similarity,0.9998682661496195,0,0,29,34
4408,4307,metadata_similarity,0.9989991787991818,0,0,47,41
4409,4306,metadata_similarity,0.9999438850848145,0,1,34,34
4410,2776,metadata_similarity,0.9994023679174667,0,0,6,13
4411,769,metadata_similarity,0.9998506178410301,0,0,23,25
4412,4709,metadata_similarity,0.9999608901444156,0,0,34,27
4413,821,metadata_similarity,0.9994283556355232,0,0,8,5
4414,3809,metadata_similarity,0.9997359458172426,0,0,22,19
4415,4826,metadata_similarity,0.9998908137221524,0,0,30,40
4416,3558,metadata_similarity,0.9998836673328769,0,1,16,16
4417,371,metadata_similarity,0.9995223764014634,0,0,13,18
4418,4398,metadata_similarity,0.999971680971894,0,0,17,7
4419,4906,metadata_similarity,0.9981280156791613,0,0,43,35
4420,1049,metadata_similarity,0.997499717141809,0,0,36,34
4421,451,metadata_similarity,0.9979935258329206,0,1,3,3
4422,3693,metadata_similarity,0.9989889890962371,0,0,9,6
4423,4423,metadata_similarity,0.9996872975813293,1,1,26,26
4424,1960,metadata_similarity,0.9997648767395667,0,0,39,40
4425,143,metadata_similarity,0.999619098019558,0,0,18,21
4426,4426,metadata_similarity,0.9980734713065951,1,1,28,28
4427,1070,metadata_similarity,0.9996511273837989,0,1,37,37
4428,2872,metadata_similarity,0.9968911641456245,0,0,42,49
4429,1974,metadata_similarity,0.9985098667904341,0,0,47,34
4430,794,metadata_similarity,0.9984576620645222,0,0,1,2
4431,4431,metadata_similarity,0.9953987656899932,1,1,38,38
4432,1004,metadata_similarity,0.9999438974484399,0,1,32,32
4433,2782,metadata_similarity,0.9998223306048092,0,0,44,47
4434,3561,metadata_similarity,0.9997362335534551,0,0,42,26
4435,586,metadata_similarity,0.9994012094072936,0,1,2,2
4436,2508,metadata_similarity,0.9993953362102468,0,0,24,20
4437,2710,metadata_similarity,0.999772461714351,0,0,20,9
4438,160,metadata_similarity,0.9994965543457462,0,0,32,16
4439,156,metadata_similarity,0.9987622012140072,0,0,10,6
4440,3040,metadata_similarity,0.9999694121324715,0,0,38,42
4441,4441,metadata_similarity,0.9940911039896831,1,1,47,47
4442,4758,metadata_similarity,0.9992173785674043,0,0,36,49
4443,2989,metadata_similarity,0.9996410283720494,0,0,19,36
4444,3759,metadata_similarity,0.998771770857555,0,0,36,11
4445,847,metadata_similarity,0.9996099401080709,0,0,24,9
4446,4016,metadata_similarity,0.998399683147902,0,0,10,4
4447,841,metadata_similarity,0.998269137062788,0,0,17,35
4448,2792,metadata_similarity,0.9998677530229365,0,0,48,41
4449,4449,metadata_similarity,0.9950181666742864,1,1,25,25
4450,4173,metadata_similarity,0.9995087420896512,0,0,16,12
4451,661,metadata_similarity,0.9996122826318304,0,0,0,10
4452,2492,metadata_similarity,0.999477753658928,0,0,4,0
4453,963,metadata_similarity,0.9996743941290679,0,0,39,37
4454,426,metadata_similarity,0.9991247485752021,0,1,2,2
4455,2841,metadata_similarity,0.9982383460430975,0,0,40,27
4456,4326,metadata_similarity,0.9990952504201307,0,0,4,0
4457,3491,metadata_similarity,0.9995461980730108,0,0,34,35
4458,1884,metadata_similarity,0.9990450370955614,0,1,46,46
4459,834,metadata_similarity,0.9985611129899004,0,0,38,46
4460,3601,metadata_similarity,0.9970882451858719,0,0,46,49
4461,3971,metadata_similarity,0.9993921624896912,0,1,28,28
4462,956,metadata_similarity,0.9991513019258065,0,1,45,45
4463,4890,metadata_similarity,0.999973833061363,0,0,46,44
4464,3618,metadata_similarity,0.9986978952600586,0,1,26,26
4465,657,metadata_similarity,0.999921414380179,0,0,10,16
4466,4466,metadata_similarity,0.9993469344188641,1,1,38,38
4467,3277,metadata_similarity,0.9995543164937268,0,0,22,23
4468,198,metadata_similarity,0.9998471948004732,0,0,16,3
4469,2929,metadata_similarity,0.9999384150764132,0,0,46,34
4470,4182,metadata_similarity,0.9982180155568634,0,0,8,5
4471,3998,metadata_similarity,0.999525805829758,0,0,3,28
4472,4012,metadata_similarity,0.9992964113599211,0,0,26,30
4473,4473,metadata_similarity,0.9988098772613152,1,1,34,34
4474,2084,metadata_similarity,0.9990013395112057,0,0,22,26
4475,3869,metadata_similarity,0.9998226657460026,0,0,44,33
4476,1388,metadata_similarity,0.9995258659711387,0,0,14,15
4477,3559,metadata_similarity,0.9982653890905693,0,0,7,27
4478,2430,metadata_similarity,0.9988376291814303,0,0,48,47
4479,2296,metadata_similarity,0.9995662423241634,0,0,7,28
4480,4938,metadata_similarity,0.9999396453865167,0,0,18,15
4481,2302,metadata_similarity,0.9996488237518251,0,0,9,23
4482,129,metadata_similarity,0.9993445841781958,0,0,14,34
4483,315,metadata_similarity,0.9991988564886741,0,0,12,21
4484,2464,metadata_similarity,0.9988687724482791,0,1,21,21
4485,3096,metadata_similarity,0.9997305936203794,0,0,29,43
4486,1977,metadata_similarity,0.9966731670493996,0,0,1,7
4487,4321,metadata_similarity,0.9995864974468961,0,0,5,8
4488,2320,metadata_similarity,0.9993204420833578,0,0,17,48
4489,1020,metadata_similarity,0.9990854616659255,0,0,30,14
4490,2062,metadata_similarity,0.9993300092286048,0,0,4,10
4491,718,metadata_similarity,0.9996663335307233,0,0,2,9
4492,1399,metadata_similarity,0.9982769906087644,0,0,45,28
4493,2708,metadata_similarity,0.9978673141615505,0,0,41,32
4494,335,metadata_similarity,0.9940188788173896,0,0,13,0
4495,2490,metadata_similarity,0.9991331499641714,0,0,7,36
4496,2716,metadata_similarity,0.9999644245624045,0,0,10,2
4497,3894,metadata_similarity,0.998352020148788,0,0,25,37
4498,2632,metadata_similarity,0.9935756393281122,0,1,49,49
4499,4688,metadata_similarity,0.9952257205930759,0,0,12,18
4500,2018,metadata_similarity,0.9986894663120168,0,0,6,0
4501,3708,metadata_similarity,0.9981120120662905,0,0,4,10
4502,2512,metadata_similarity,0.9997995497459442,0,0,36,47
4503,2522,metadata_similarity,0.9998173104236425,0,0,4,15
4504,3831,metadata_similarity,0.9999110655954748,0,0,10,4
4505,1842,metadata_similarity,0.9995037824417494,0,0,12,5
4506,2509,metadata_similarity,0.9979855801045782,0,0,47,41
4507,690,metadata_similarity,0.9997337832498895,0,1,12,12
4508,4888,metadata_similarity,0.9998830667935913,0,0,38,31
4509,3126,metadata_similarity,0.9984274230634055,0,0,16,37
4510,4820,metadata_similarity,0.9987416256474577,0,0,34,35
4511,117,metadata_similarity,0.9995073154554612,0,0,44,34
4512,4512,metadata_similarity,0.9964951490429468,1,1,3,3
4513,1928,metadata_similarity,0.9991456085548043,0,1,34,34
4514,4860,metadata_similarity,0.9967731980617345,0,1,4,4
4515,1770,metadata_similarity,0.9994626407330875,0,1,28,28
4516,624,metadata_similarity,0.9990720809557422,0,0,0,4
4517,2206,metadata_similarity,0.9999708886614495,0,0,13,29
4518,4785,metadata_similarity,0.9991975643134332,0,0,29,22
4519,621,metadata_similarity,0.999606426146016,0,1,1,1
4520,1666,metadata_similarity,0.9999140494700163,0,0,35,39
4521,2128,metadata_similarity,0.9990993655268366,0,1,9,9
4522,2933,metadata_similarity,0.9998438899647994,0,0,38,24
4523,3841,metadata_similarity,0.9990878559501511,0,0,22,25
4524,1197,metadata_similarity,0.9993641435971119,0,0,21,27
4525,4318,metadata_similarity,0.9993981541025307,0,1,3,3
4526,3017,metadata_similarity,0.9993757406689745,0,0,39,30
4527,4527,metadata_similarity,0.9940055058134374,1,1,34,34
4528,1628,metadata_similarity,0.9995175905870691,0,0,47,28
4529,4584,metadata_similarity,0.9982770399495223,0,0,1,16
4530,1767,metadata_similarity,0.9994230422863927,0,1,20,20
4531,583,metadata_similarity,0.9999416216786091,0,0,1,11
4532,1481,metadata_similarity,0.9998211101023322,0,1,37,37
4533,2780,metadata_similarity,0.999966268846836,0,0,44,33
4534,3579,metadata_similarity,0.9981923965131462,0,0,44,42
4535,4535,metadata_similarity,0.996554673906389,1,1,3,3
4536,34,metadata_similarity,0.9997568193103925,0,0,4,39
4537,4127,metadata_similarity,0.9995927384471618,0,0,6,25
4538,964,metadata_similarity,0.9995335093339014,0,0,1,6
4539,1715,metadata_similarity,0.9992925662558246,0,0,9,28
4540,1072,metadata_similarity,0.9994665492858221,0,0,17,6
4541,4541,metadata_similarity,0.9981160494391905,1,1,11,11
4542,3046,metadata_similarity,0.9992992327962137,0,0,30,35
4543,3322,metadata_similarity,0.9999077288079442,0,0,7,2
4544,3795,metadata_similarity,0.9982776296750183,0,0,33,25
4545,602,metadata_similarity,0.999846277916685,0,0,0,13
4546,4546,metadata_similarity,0.9986536629587792,1,1,12,12
4547,406,metadata_similarity,0.9992236033798294,0,0,28,33
4548,4432,metadata_similarity,0.9993397064473359,0,0,48,32
4549,2617,metadata_similarity,0.9997131051330613,0,0,15,18
4550,4898,metadata_similarity,0.999934542493631,0,0,14,46
4551,2213,metadata_similarity,0.9978119953929875,0,0,27,21
4552,667,metadata_similarity,0.9997581061947264,0,0,29,12
4553,3709,metadata_similarity,0.9998566666790218,0,0,24,44
4554,3344,metadata_similarity,0.9994382111907071,0,0,5,14
4555,4455,metadata_similarity,0.9998338390758624,0,0,25,40
4556,648,metadata_similarity,0.9987650683186865,0,1,2,2
4557,3698,metadata_similarity,0.9998205037540031,0,0,14,21
4558,3848,metadata_similarity,0.9987627522389015,0,1,28,28
4559,4559,metadata_similarity,0.9992297282013012,1,1,46,46
4560,392,metadata_similarity,0.998572790214887,0,1,32,32
4561,1776,metadata_similarity,0.9986431913575364,0,0,32,7
4562,1559,metadata_similarity,0.9997640849594509,0,0,33,38
4563,2342,metadata_similarity,0.9991404109682411,0,1,26,26
4564,1216,metadata_similarity,0.9986331472875409,0,0,46,44
4565,1927,metadata_similarity,0.9985340381788449,0,0,47,34
4566,3839,metadata_similarity,0.9988576349960095,0,0,11,20
4567,4155,metadata_similarity,0.9995435165976178,0,0,26,38
4568,296,metadata_similarity,0.9996039707109409,0,0,49,29
4569,4026,metadata_similarity,0.9969087817211976,0,0,34,35
4570,2022,metadata_similarity,0.9993287137042076,0,1,44,44
4571,1372,metadata_similarity,0.9997071211624181,0,0,34,39
4572,4080,metadata_similarity,0.9977715934223678,0,1,0,0
4573,4530,metadata_similarity,0.9995053510490987,0,0,19,20
4574,783,metadata_similarity,0.9981428941786098,0,0,37,47
4575,635,metadata_similarity,0.9990513320430195,0,0,25,23
4576,2435,metadata_similarity,0.9987007237053024,0,0,40,18
4577,4257,metadata_similarity,0.9999149611841922,0,0,28,35
4578,4613,metadata_similarity,0.9990566590026304,0,0,49,43
4579,2656,metadata_similarity,0.9996320253587538,0,0,49,48
4580,963,metadata_similarity,0.9984181598060307,0,1,37,37
4581,540,metadata_similarity,0.998630613726896,0,0,30,21
4582,3352,metadata_similarity,0.9995678705715518,0,0,33,45
4583,3067,metadata_similarity,0.9991390206923553,0,1,27,27
4584,673,metadata_similarity,0.9997594053703869,0,0,16,20
4585,2174,metadata_similarity,0.9968390827700321,0,0,21,14
4586,2672,metadata_similarity,0.999111769260068,0,0,6,11
4587,2430,metadata_similarity,0.9991810523551083,0,0,36,47
4588,2710,metadata_similarity,0.9998650865448161,0,0,33,9
4589,4589,metadata_similarity,0.9979618338966437,1,1,8,8
4590,3940,metadata_similarity,0.9990976389159223,0,0,15,19
4591,1930,metadata_similarity,0.9989994815616341,0,0,19,20
4592,4785,metadata_similarity,0.9985436756433983,0,0,42,22
4593,3307,metadata_similarity,0.9995922276718228,0,0,1,2
4594,243,metadata_similarity,0.9997634158167462,0,0,15,18
4595,4595,metadata_similarity,0.9962582020978457,1,1,5,5
4596,1952,metadata_similarity,0.999797325519098,0,0,29,19
4597,1427,metadata_similarity,0.9994707933470452,0,0,26,19
4598,934,metadata_similarity,0.998962920086131,0,0,21,15
4599,468,metadata_similarity,0.9990488117178891,0,0,22,36
4600,2100,metadata_similarity,0.9985279871181776,0,0,31,48
4601,3988,metadata_similarity,0.9995484238630912,0,1,7,7
4602,2128,metadata_similarity,0.9993009626816011,0,0,2,9
4603,200,metadata_similarity,0.9995524064368699,0,0,3,13
4604,1860,metadata_similarity,0.9981541893553187,0,1,2,2
4605,2550,metadata_similarity,0.9996504435925846,0,0,44,36
4606,3542,metadata_similarity,0.9996866552758347,0,0,16,27
4607,4607,metadata_similarity,0.9997050035857421,1,1,31,31
4608,3329,metadata_similarity,0.9997225917226049,0,0,44,38
4609,3925,metadata_similarity,0.9999108534944788,0,0,23,8
4610,2268,metadata_similarity,0.9999851003340704,0,0,45,38
4611,2202,metadata_similarity,0.9999991183930965,0,0,28,34
4612,2762,metadata_similarity,0.9992317545740252,0,0,0,13
4613,2879,metadata_similarity,0.9999790165681277,0,0,43,45
4614,4614,metadata_similarity,0.9998139806643263,1,1,45,45
4615,4615,metadata_similarity,0.9996223768560308,1,1,34,34
4616,198,metadata_similarity,0.9990131152194014,0,0,12,3
4617,3075,metadata_similarity,0.9988007408146491,0,0,14,26
4618,1004,metadata_similarity,0.9997011785243394,0,1,32,32
4619,3244,metadata_similarity,0.9992214516618716,0,0,32,39
4620,1542,metadata_similarity,0.9995404615017255,0,0,6,24
4621,3938,metadata_similarity,0.999628946422134,0,0,2,8
4622,4622,metadata_similarity,0.9962808395234825,1,1,20,20
4623,2939,metadata_similarity,0.9993503235586899,0,0,47,41
4624,4823,metadata_similarity,0.9999564918614272,0,1,16,16
4625,2427,metadata_similarity,0.9989727270814472,0,0,6,20
4626,3909,metadata_similarity,0.9999436847861691,0,0,39,30
4627,4431,metadata_similarity,0.9946673831168618,0,0,40,38
4628,2698,metadata_similarity,0.9993284768228357,0,0,22,14
4629,3660,metadata_similarity,0.999788998008263,0,0,17,22
4630,1737,metadata_similarity,0.9977423688353808,0,0,37,10
4631,1592,metadata_similarity,0.9993981496110894,0,0,35,40
4632,3830,metadata_similarity,0.9993639155545644,0,0,15,21
4633,1933,metadata_similarity,0.9995052088192898,0,0,10,9
4634,4378,metadata_similarity,0.9998305207885297,0,0,20,11
4635,4635,metadata_similarity,0.99907350647275,1,1,8,8
4636,27,metadata_similarity,0.9996491636145839,0,0,8,5
4637,2204,metadata_similarity,0.9991027018779168,0,0,46,37
4638,889,metadata_similarity,0.998899697060768,0,0,2,31
4639,742,metadata_similarity,0.998432362336578,0,0,49,21
4640,2221,metadata_similarity,0.9999637761832909,0,0,11,1
4641,2105,metadata_similarity,0.999375888647263,0,0,44,45
4642,396,metadata_similarity,0.9992777958074028,0,0,40,27
4643,3088,metadata_similarity,0.9985331016297537,0,0,14,21
4644,1249,metadata_similarity,0.9996175105063615,0,0,23,2
4645,1022,metadata_similarity,0.9997327022363774,0,1,9,9
4646,3932,metadata_similarity,0.9957111147083256,0,0,17,19
4647,1586,metadata_similarity,0.9996575058653868,0,0,8,3
4648,1422,metadata_similarity,0.9991947631126505,0,0,47,36
4649,1024,metadata_similarity,0.9993561163206491,0,1,3,3
4650,348,metadata_similarity,0.9998559893860209,0,1,35,35
4651,3568,metadata_similarity,0.996970950861719,0,1,3,3
4652,3812,metadata_similarity,0.9997878416166368,0,0,9,6
4653,4764,metadata_similarity,0.9995692194693616,0,1,23,23
4654,1217,metadata_similarity,0.9983636274950229,0,0,14,13
4655,807,metadata_similarity,0.9990848697178367,0,1,36,36
4656,3669,metadata_similarity,0.9987599160347421,0,0,17,22
4657,4812,metadata_similarity,0.9999102422909735,0,0,10,31
4658,3357,metadata_similarity,0.9997569655794696,0,0,3,18
4659,4659,metadata_similarity,0.9999221972612301,1,1,26,26
4660,2816,metadata_similarity,0.9991641379560928,0,0,40,47
4661,344,metadata_similarity,0.999210546968341,0,0,12,25
4662,4943,metadata_similarity,0.9999603948601913,0,1,11,11
4663,3632,metadata_similarity,0.999189694037979,0,0,3,8
4664,651,metadata_similarity,0.999781345258339,0,0,27,18
4665,103,metadata_similarity,0.9983680625832221,0,0,32,0
4666,1182,metadata_similarity,0.9982733011758619,0,0,36,46
4667,1646,metadata_similarity,0.9999530638517369,0,0,37,20
4668,2013,metadata_similarity,0.9998028171850254,0,0,45,44
4669,974,metadata_similarity,0.9991404035643864,0,0,24,43
4670,3545,metadata_similarity,0.9985699776600598,0,0,7,14
4671,4098,metadata_similarity,0.9990171164183286,0,1,41,41
4672,1353,metadata_similarity,0.9999013706166965,0,0,37,40
4673,2428,metadata_similarity,0.9988879502593073,0,1,7,7
4674,4531,metadata_similarity,0.999972656876253,0,0,11,1
4675,562,metadata_similarity,0.9995029935600941,0,1,4,4
4676,2777,metadata_similarity,0.9999120659087519,0,0,18,30
4677,2154,metadata_similarity,0.9999914983927601,0,0,38,28
4678,3015,metadata_similarity,0.9997352647392811,0,0,32,31
4679,2261,metadata_similarity,0.9978332692240673,0,0,8,12
4680,628,metadata_similarity,0.9990191595116504,0,0,48,49
4681,4681,metadata_similarity,0.9984618034237568,1,1,4,4
4682,4992,metadata_similarity,0.9998147685307688,0,1,25,25
4683,1164,metadata_similarity,0.9989573492939978,0,0,39,21
4684,2149,metadata_similarity,0.9993114659513458,0,0,13,42
4685,4685,metadata_similarity,0.9993402740099308,1,1,5,5
4686,4686,metadata_similarity,0.9953572035810112,1,1,41,41
4687,3366,metadata_similarity,0.9986577584488914,0,0,23,44
4688,3444,metadata_similarity,0.999551413912747,0,0,18,5
4689,155,metadata_similarity,0.9996521642629035,0,0,29,43
4690,1828,metadata_similarity,0.9970499012193629,0,1,0,0
4691,1846,metadata_similarity,0.9975637646444584,0,0,13,24
4692,1135,metadata_similarity,0.9975749412722429,0,1,0,0
4693,4686,metadata_similarity,0.9961849862311772,0,0,35,41
4694,2241,metadata_similarity,0.9993603850174777,0,1,20,20
4695,4545,metadata_similarity,0.9982580588055557,0,0,14,0
4696,3380,metadata_similarity,0.9996274034655531,0,0,44,43
4697,513,metadata_similarity,0.9995588483222765,0,1,49,49
4698,3842,metadata_similarity,0.9996391330582526,0,0,46,47
4699,3821,metadata_similarity,0.9998236671598115,0,0,31,11
4700,1642,metadata_similarity,0.9999775705454816,0,0,42,26
4701,2759,metadata_similarity,0.9997824612119369,0,0,23,41
4702,3059,metadata_similarity,0.9995711916708806,0,0,35,25
4703,340,metadata_similarity,0.9998545655668277,0,0,36,47
4704,4709,metadata_similarity,0.9980232052387712,0,0,43,27
4705,714,metadata_similarity,0.9989481545145045,0,1,12,12
4706,741,metadata_similarity,0.9996400684111968,0,0,16,7
4707,2202,metadata_similarity,0.9994800959975835,0,0,44,34
4708,4384,metadata_similarity,0.9990802711730804,0,0,39,36
4709,3878,metadata_similarity,0.9998305227342235,0,0,27,30
4710,2888,metadata_similarity,0.9995536793560085,0,1,10,10
4711,1985,metadata_similarity,0.9950890639760636,0,0,38,45
4712,151,metadata_similarity,0.999007934217092,0,0,13,1
4713,1022,metadata_similarity,0.9999419031834985,0,0,35,9
4714,4714,metadata_similarity,0.9995125871951919,1,1,26,26
4715,3218,metadata_similarity,0.9974635987085572,0,1,22,22
4716,3314,metadata_similarity,0.999846878761943,0,0,43,44
4717,4575,metadata_similarity,0.9999891857470727,0,1,25,25
4718,353,metadata_similarity,0.9985672448458794,0,0,41,44
4719,248,metadata_similarity,0.999796015056901,0,1,29,29
4720,4980,metadata_similarity,0.9982628873134716,0,1,2,2
4721,3368,metadata_similarity,0.9990847573194016,0,1,40,40
4722,1446,metadata_similarity,0.9983861144537581,0,0,19,21
4723,4818,metadata_similarity,0.9970927640646641,0,0,45,35
4724,471,metadata_similarity,0.9989406415865052,0,0,25,30
4725,1070,metadata_similarity,0.9998269880353848,0,1,37,37
4726,742,metadata_similarity,0.9998043383159708,0,0,15,21
4727,3313,metadata_similarity,0.9974287816724277,0,1,26,26
4728,139,metadata_similarity,0.9991720204318835,0,1,41,41
4729,150,metadata_similarity,0.9985225171153409,0,0,40,33
4730,1910,metadata_similarity,0.9979954514707585,0,0,8,5
4731,4009,metadata_similarity,0.9998111421725464,0,0,14,29
4732,1869,metadata_similarity,0.9999466909414314,0,0,47,28
4733,126,metadata_similarity,0.9996271915321706,0,0,1,20
4734,4953,metadata_similarity,0.9994760933328394,0,0,3,8
4735,2221,metadata_similarity,0.9993569169450326,0,0,46,1
4736,4154,metadata_similarity,0.9999025920791769,0,0,35,36
4737,1782,metadata_similarity,0.9980433347027585,0,1,42,42
4738,2942,metadata_similarity,0.9994635868278212,0,1,0,0
4739,140,metadata_similarity,0.9998904070136789,0,0,41,31
4740,4967,metadata_similarity,0.9997505913809684,0,1,10,10
4741,4904,metadata_similarity,0.9990209120114206,0,0,25,38
4742,973,metadata_similarity,0.9985739316618804,0,0,3,28
4743,3263,metadata_similarity,0.9992310853111686,0,0,46,49
4744,2425,metadata_similarity,0.9991378886022595,0,0,1,2
4745,1410,metadata_similarity,0.999205475645592,0,0,45,44
4746,4650,metadata_similarity,0.9982040946234385,0,0,16,35
4747,3927,metadata_similarity,0.9997309673053626,0,0,36,41
4748,4332,metadata_similarity,0.9995745853660484,0,0,16,27
4749,4749,metadata_similarity,0.999495210630957,1,1,8,8
4750,1145,metadata_similarity,0.9990635624949381,0,0,0,4
4751,1335,metadata_similarity,0.998304054227303,0,0,21,40
4752,1860,metadata_similarity,0.999578973943878,0,1,2,2
4753,4463,metadata_similarity,0.9993935718450919,0,0,49,46
4754,3770,metadata_similarity,0.998306376946918,0,0,7,34
4755,3729,metadata_similarity,0.9999802641794695,0,0,45,38
4756,645,metadata_similarity,0.9997770641139001,0,0,7,17
4757,4838,metadata_similarity,0.9979392129141359,0,0,17,31
4758,3374,metadata_similarity,0.9993553088989083,0,0,49,45
4759,627,metadata_similarity,0.9997991998801464,0,0,42,33
4760,508,metadata_similarity,0.9985769045920773,0,0,22,28
4761,4233,metadata_similarity,0.9976563272710042,0,1,2,2
4762,2136,metadata_similarity,0.9996656614161347,0,0,45,14
4763,832,metadata_similarity,0.9998856084106109,0,0,6,24
4764,3743,metadata_similarity,0.9995935399953217,0,0,23,30
4765,743,metadata_similarity,0.9995931560775619,0,0,47,28
4766,1298,metadata_similarity,0.9998835983026185,0,0,30,29
4767,1499,metadata_similarity,0.9999701399884089,0,0,27,16
4768,3805,metadata_similarity,0.9997369655880937,0,0,47,43
4769,1421,metadata_similarity,0.9999359960101317,0,0,26,29
4770,4770,metadata_similarity,0.9998834360472518,1,1,19,19
4771,1275,metadata_similarity,0.9998835178445842,0,1,2,2
4772,2758,metadata_similarity,0.9982723647768161,0,0,37,39
4773,4722,metadata_similarity,0.9982947612360827,0,0,29,19
4774,3606,metadata_similarity,0.9991658444060892,0,0,18,5
4775,617,metadata_similarity,0.9985959184561148,0,1,24,24
4776,4862,metadata_similarity,0.9998010471252361,0,0,40,22
4777,1063,metadata_similarity,0.9998936620596187,0,0,46,23
4778,1646,metadata_similarity,0.99892654885547,0,0,19,20
4779,2334,metadata_similarity,0.9999470312774084,0,0,32,20
4780,3244,metadata_similarity,0.9995399683921535,0,0,48,39
4781,1824,metadata_similarity,0.9997294923772364,0,0,35,25
4782,3813,metadata_similarity,0.9998374698594824,0,0,7,1
4783,2244,metadata_similarity,0.9986739582622056,0,1,11,11
4784,4326,metadata_similarity,0.9997327332247266,0,0,7,0
4785,4309,metadata_similarity,0.9988286337592588,0,0,22,49
4786,1082,metadata_similarity,0.9993771152815331,0,0,7,41
4787,4054,metadata_similarity,0.9987492503393801,0,0,39,19
4788,3417,metadata_similarity,0.9991688854945939,0,1,44,44
4789,3337,metadata_similarity,0.9998262876500433,0,0,48,42
4790,1858,metadata_similarity,0.9997896773861729,0,0,13,4
4791,3992,metadata_similarity,0.9999983485132834,0,0,37,39
4792,1012,metadata_similarity,0.999293381597271,0,0,49,26
4793,4793,metadata_similarity,0.9979950075983662,1,1,32,32
4794,1252,metadata_similarity,0.9986304201850577,0,0,46,49
4795,4917,metadata_similarity,0.9989953627219653,0,0,48,33
4796,1459,metadata_similarity,0.999671522664864,0,0,49,41
4797,2886,metadata_similarity,0.9994328612777619,0,1,0,0
4798,3671,metadata_similarity,0.9998498544206426,0,1,21,21
4799,2545,metadata_similarity,0.9992503311798305,0,0,13,21
4800,827,metadata_similarity,0.9998674875124448,0,0,9,2
4801,2536,metadata_similarity,0.9998247526422024,0,0,18,9
4802,3670,metadata_similarity,0.9976144225902884,0,0,17,10
4803,158,metadata_similarity,0.998686735476183,0,0,34,23
4804,2435,metadata_similarity,0.9999992709413137,0,0,29,18
4805,3368,metadata_similarity,0.9984718320610392,0,0,35,40
4806,1767,metadata_similarity,0.9999938218668937,0,1,20,20
4807,3379,metadata_similarity,0.9902809841118737,0,0,48,32
4808,2909,metadata_similarity,0.9983759059009322,0,0,27,49
4809,2482,metadata_similarity,0.9996132611188998,0,0,37,46
4810,4977,metadata_similarity,0.9984018852651414,0,0,13,19
4811,1090,metadata_similarity,0.9997193224341318,0,0,38,36
4812,156,metadata_similarity,0.9998847367103599,0,0,31,6
4813,1429,metadata_similarity,0.9982113102279028,0,0,26,47
4814,2194,metadata_similarity,0.9982038478142441,0,0,1,13
4815,4818,metadata_similarity,0.9985599920053821,0,0,45,35
4816,1418,metadata_similarity,0.9992215458576285,0,0,1,2
4817,3495,metadata_similarity,0.9991209522479904,0,0,49,21
4818,4723,metadata_similarity,0.9998136870497318,0,0,35,45
4819,52,metadata_similarity,0.998514835396853,0,0,42,26
4820,4261,metadata_similarity,0.9996150264525331,0,0,35,34
4821,4821,metadata_similarity,0.9970212463386021,1,1,24,24
4822,776,metadata_similarity,0.9999487737603421,0,0,42,27
4823,4624,metadata_similarity,0.9994476353532533,0,1,16,16
4824,4672,metadata_similarity,0.9986641196160273,0,0,30,37
4825,223,metadata_similarity,0.998121104703503,0,0,17,7
4826,4826,metadata_similarity,0.9991165107572545,1,1,40,40
4827,442,metadata_similarity,0.9998257380434478,0,0,9,24
4828,429,metadata_similarity,0.9962586821488165,0,0,25,12
4829,3334,metadata_similarity,0.9995714686821592,0,0,32,19
4830,510,metadata_similarity,0.9996275581950937,0,0,45,48
4831,4079,metadata_similarity,0.9989694805022639,0,0,44,23
4832,2429,metadata_similarity,0.999508310154095,0,0,46,29
4833,3047,metadata_similarity,0.9990107699382886,0,0,35,17
4834,1130,metadata_similarity,0.9999531427363751,0,0,17,9
4835,964,metadata_similarity,0.9999905784673919,0,1,6,6
4836,4211,metadata_similarity,0.9999250884392484,0,0,37,18
4837,1215,metadata_similarity,0.9994500014095297,0,0,9,3
4838,2516,metadata_similarity,0.9976981972527535,0,0,31,19
4839,183,metadata_similarity,0.9982986383207947,0,1,6,6
4840,1374,metadata_similarity,0.9996968906085364,0,0,49,39
4841,3828,metadata_similarity,0.9996614106920523,0,0,7,2
4842,4510,metadata_similarity,0.9995682830780278,0,1,34,34
4843,3837,metadata_similarity,0.9996575076316381,0,1,36,36
4844,3182,metadata_similarity,0.9980895636872631,0,0,10,25
4845,1743,metadata_similarity,0.9956150699797514,0,0,21,25
4846,4547,metadata_similarity,0.99976531530472,0,0,23,28
4847,4847,metadata_similarity,0.9977554650174519,1,1,35,35
4848,1433,metadata_similarity,0.999873920540745,0,0,18,10
4849,4355,metadata_similarity,0.9979567565724481,0,0,35,17
4850,979,metadata_similarity,0.9973190516466228,0,0,41,48
4851,1477,metadata_similarity,0.9999560888082525,0,0,7,9
4852,201,metadata_similarity,0.9989372046118984,0,0,40,39
4853,3368,metadata_similarity,0.9986270292882793,0,1,40,40
4854,4912,metadata_similarity,0.9982015195730422,0,1,5,5
4855,4855,metadata_similarity,0.9991983838312211,1,1,30,30
4856,2973,metadata_similarity,0.9999547646134784,0,0,7,34
4857,2374,metadata_similarity,0.999055858058086,0,0,42,46
4858,1816,metadata_similarity,0.9986484309578186,0,0,31,11
4859,3929,metadata_similarity,0.9993775276741079,0,0,33,10
4860,2177,metadata_similarity,0.9998033116964871,0,0,4,25
4861,857,metadata_similarity,0.9997176978921867,0,0,25,35
4862,1073,metadata_similarity,0.9988696668796927,0,0,22,37
4863,411,metadata_similarity,0.999659285025974,0,0,2,9
4864,2214,metadata_similarity,0.9999682746824107,0,0,45,34
4865,2763,metadata_similarity,0.9990249632038449,0,0,49,34
4866,1208,metadata_similarity,0.9998578899672838,0,0,45,36
4867,1106,metadata_similarity,0.9984071798259142,0,1,0,0
4868,4174,metadata_similarity,0.9998136814577043,0,1,5,5
4869,4053,metadata_similarity,0.9998926506098974,0,0,28,38
4870,1460,metadata_similarity,0.997708348832659,0,0,16,15
4871,1770,metadata_similarity,0.9996320243392931,0,0,45,28
4872,4872,metadata_similarity,0.9993952529524937,1,1,23,23
4873,483,metadata_similarity,0.9978670783391366,0,0,43,22
4874,1239,metadata_similarity,0.9999243214982971,0,0,8,5
4875,616,metadata_similarity,0.9995647442541518,0,0,40,49
4876,236,metadata_similarity,0.9991274856605714,0,0,10,30
4877,3645,metadata_similarity,0.9998842681359357,0,0,10,3
4878,4606,metadata_similarity,0.9999115278690051,0,0,15,16
4879,2661,metadata_similarity,0.9993684679627822,0,0,25,19
4880,4716,metadata_similarity,0.9997083241254603,0,0,38,43
4881,4881,metadata_similarity,0.9993732854227978,1,1,40,40
4882,422,metadata_similarity,0.9993775142751972,0,0,29,43
4883,3194,metadata_similarity,0.9994835126836968,0,0,49,33
4884,2663,metadata_similarity,0.9996050710378324,0,0,43,15
4885,4885,metadata_similarity,0.9998648849078592,1,1,42,42
4886,1498,metadata_similarity,0.9998484491816719,0,1,0,0
4887,1079,metadata_similarity,0.9998492681489587,0,0,0,6
4888,2646,metadata_similarity,0.9999184091465761,0,0,31,3
4889,4889,metadata_similarity,0.9983772134080824,1,1,32,32
4890,1689,metadata_similarity,0.9991735237136744,0,0,44,36
4891,4947,metadata_similarity,0.9995023347295496,0,0,9,20
4892,2991,metadata_similarity,0.9998023164762024,0,1,0,0
4893,1047,metadata_similarity,0.9993196149754912,0,0,24,15
4894,4673,metadata_similarity,0.9994720693945334,0,0,14,7
4895,113,metadata_similarity,0.99929127721157,0,0,14,26
4896,4882,metadata_similarity,0.9993479115973101,0,0,39,29
4897,4175,metadata_similarity,0.9999779340589792,0,0,21,27
4898,1849,metadata_similarity,0.9988949769098742,0,0,46,41
4899,554,metadata_similarity,0.999590603928994,0,0,20,37
4900,3085,metadata_similarity,0.998869755425085,0,0,29,15
4901,2463,metadata_similarity,0.9998011004073436,0,0,28,23
4902,3465,metadata_similarity,0.997180156847875,0,1,5,5
4903,449,metadata_similarity,0.9994397249336175,0,0,14,3
4904,4904,metadata_similarity,0.9996457319354977,1,1,38,38
4905,2510,metadata_similarity,0.9998107768402655,0,1,28,28
4906,4906,metadata_similarity,0.9947685504250007,1,1,35,35
4907,223,metadata_similarity,0.9990961234565408,0,0,25,7
4908,2705,metadata_similarity,0.9990013906784839,0,0,21,27
4909,1686,metadata_similarity,0.999034113123353,0,0,37,39
4910,3770,metadata_similarity,0.9989813942592525,0,1,34,34
4911,4911,metadata_similarity,0.9983924914348958,1,1,32,32
4912,4854,metadata_similarity,0.9987004972184829,0,1,5,5
4913,3327,metadata_similarity,0.9996017686147488,0,0,21,15
4914,2771,metadata_similarity,0.9994082891181597,0,0,4,3
4915,394,metadata_similarity,0.9986060901337082,0,0,42,33
4916,4662,metadata_similarity,0.9984717780110856,0,1,11,11
4917,2913,metadata_similarity,0.9991535617715839,0,0,33,24
4918,3944,metadata_similarity,0.999747047087045,0,0,47,31
4919,922,metadata_similarity,0.9981935369366058,0,0,36,31
4920,1269,metadata_similarity,0.9997262482181197,0,0,44,33
4921,2851,metadata_similarity,0.9990885251253859,0,1,1,1
4922,2704,metadata_similarity,0.9999501889888802,0,1,37,37
4923,2333,metadata_similarity,0.999765398279067,0,0,26,42
4924,2267,metadata_similarity,0.9995550977471882,0,0,35,41
4925,4925,metadata_similarity,0.9998708994102407,1,1,35,35
4926,1150,metadata_similarity,0.9992048106187187,0,1,9,9
4927,4927,metadata_similarity,0.9995728733460986,1,1,32,32
4928,2982,metadata_similarity,0.9994639831710368,0,0,18,40
4929,923,metadata_similarity,0.9993152627968094,0,0,23,26
4930,4930,metadata_similarity,0.9996521269398454,1,1,48,48
4931,2632,metadata_similarity,0.9973819431156159,0,1,49,49
4932,3741,metadata_similarity,0.9962760027055706,0,1,8,8
4933,2902,metadata_similarity,0.9999178632495536,0,0,27,13
4934,1335,metadata_similarity,0.999942549439576,0,0,29,40
4935,3279,metadata_similarity,0.9996893957743577,0,0,27,39
4936,2510,metadata_similarity,0.99303030368863,0,0,45,28
4937,2599,metadata_similarity,0.9993248944964104,0,0,27,7
4938,4664,metadata_similarity,0.9996574364028871,0,0,15,27
4939,3136,metadata_similarity,0.9999656870119168,0,0,49,43
4940,3539,metadata_similarity,0.9996059161913071,0,0,13,4
4941,1274,metadata_similarity,0.9976488043736014,0,1,6,6
4942,506,metadata_similarity,0.9999459098986425,0,0,35,39
4943,96,metadata_similarity,0.998959238467249,0,1,11,11
4944,1260,metadata_similarity,0.9992208709490953,0,0,25,12
4945,579,metadata_similarity,0.9997205487152239,0,0,30,17
4946,2968,metadata_similarity,0.9997052624730677,0,0,15,16
4947,442,metadata_similarity,0.9997658835195191,0,0,20,24
4948,2087,metadata_similarity,0.9999991826139647,0,1,19,19
4949,2317,metadata_similarity,0.9984668601045832,0,0,19,11
4950,2148,metadata_similarity,0.9999566100408946,0,0,31,22
4951,4610,metadata_similarity,0.9999386604458729,0,0,24,45
4952,1281,metadata_similarity,0.9995593565724498,0,0,38,41
4953,808,metadata_similarity,0.9992402228077587,0,1,8,8
4954,2228,metadata_similarity,0.9978921749600863,0,0,1,15
4955,3911,metadata_similarity,0.9999121994096222,0,0,13,15
4956,4956,metadata_similarity,0.9960566737852085,1,1,48,48
4957,4783,metadata_similarity,0.9996446542430636,0,1,11,11
4958,4869,metadata_similarity,0.9999925343620434,0,0,44,28
4959,2294,metadata_similarity,0.9994328626974565,0,1,26,26
4960,2109,metadata_similarity,0.9996776923983205,0,0,36,38
4961,3309,metadata_similarity,0.99790090777717,0,0,42,49
4962,1895,metadata_similarity,0.9994343573709042,0,0,9,2
4963,2836,metadata_similarity,0.9984697982014205,0,0,37,47
4964,1830,metadata_similarity,0.9988471982098082,0,1,36,36
4965,2718,metadata_similarity,0.996638624002259,0,0,15,22
4966,3011,metadata_similarity,0.9987273494614224,0,0,27,7
4967,1322,metadata_similarity,0.9988454023664516,0,1,10,10
4968,1701,metadata_similarity,0.9999563508875188,0,0,27,22
4969,4557,metadata_similarity,0.9998329131308884,0,0,5,14
4970,4060,metadata_similarity,0.998165840870038,0,0,8,25
4971,4218,metadata_similarity,0.9995976819088288,0,0,31,32
4972,1847,metadata_similarity,0.9998166431249035,0,1,15,15
4973,3124,metadata_similarity,0.9993146003240584,0,1,31,31
4974,3019,metadata_similarity,0.9998670936027434,0,0,46,42
4975,860,metadata_similarity,0.9997550885347445,0,0,39,37
4976,1939,metadata_similarity,0.9995959647465191,0,1,24,24
4977,4810,metadata_similarity,0.9979894652338035,0,0,19,13
4978,1923,metadata_similarity,0.9998824223843162,0,0,49,26
4979,4827,metadata_similarity,0.9987825243377687,0,0,28,9
4980,621,metadata_similarity,0.9996093484178973,0,0,2,1
4981,38,metadata_similarity,0.9993844275640082,0,0,19,10
4982,1282,metadata_similarity,0.9991888023834776,0,0,32,20
4983,4501,metadata_similarity,0.9999367581957159,0,0,10,4
4984,1263,metadata_similarity,0.9996387371659884,0,0,33,35
4985,392,metadata_similarity,0.9975121994557962,0,1,32,32
4986,3087,metadata_similarity,0.9992410620247633,0,0,40,5
4987,3435,metadata_similarity,0.9999544674262105,0,0,33,18
4988,2319,metadata_similarity,0.9967495490508882,0,0,37,39
4989,1895,metadata_similarity,0.9996961952134056,0,0,6,2
4990,3370,metadata_similarity,0.9999707538263128,0,0,21,15
4991,1562,metadata_similarity,0.9998283536746589,0,0,25,23
4992,1493,metadata_similarity,0.9984885382692286,0,0,25,12
4993,767,metadata_similarity,0.9877503847414667,0,0,37,39
4994,3140,metadata_similarity,0.9988680762019101,0,0,49,24
4995,4988,metadata_similarity,0.9989704912062007,0,1,37,37
4996,119,metadata_similarity,0.9997785094771723,0,0,41,36
4997,3028,metadata_similarity,0.9995843810398694,0,0,39,22
4998,4226,metadata_similarity,0.9993864001652597,0,0,2,10
4999,667,metadata_similarity,0.9989564102890524,0,0,22,12
